account_id,customer_id,branch_id,account_type,opening_date,current_balance,account_status
500001,103797,24,Current,2022-04-27,1307403.4,Active
500002,100334,30,Savings,2022-06-06,52833.4,Active
500003,107106,19,Savings,2021-06-23,118883.42,Active
500004,100770,33,Salary,2023-04-15,97810.93,Active
500005,104144,13,Premium,2021-07-15,112380.17,Active
500006,104455,40,Salary,2017-06-22,161752.99,Active
500007,104429,20,Savings,2025-11-18,548933.34,Active
500008,104679,30,Savings,2017-10-04,464304.19,Active
500009,105089,24,Premium,2021-03-18,40614.95,Active
500010,109924,20,Salary,2019-07-02,114566.3,Active
500011,102527,11,Savings,2020-05-12,289029.8,Active
500012,104273,14,Savings,2022-02-13,61355.03,Active
500013,104896,32,Savings,2024-06-18,203150.75,Active
500014,106634,25,Salary,2017-10-29,657748.28,Active
500015,108712,23,Savings,2018-04-04,70419.83,Active
500016,106797,5,Savings,2020-01-19,136818.88,Active
500017,107257,17,Savings,2023-09-23,173316.71,Active
500018,101539,30,Premium,2018-10-13,86355.19,Active
500019,100721,34,Savings,2023-08-04,58709.96,Active
500020,105101,14,Savings,2023-07-14,44983.11,Active
500021,100343,27,Savings,2023-05-02,264040.94,Active
500022,108081,13,Current,2024-02-09,298225.83,Active
500023,105458,19,Savings,2025-07-25,55828.27,Active
500024,100468,31,Savings,2022-02-22,190952.74,Active
500025,103073,12,Savings,2022-08-30,76954.74,Active
500026,107129,11,Savings,2023-07-25,175258.08,Active
500027,106624,3,Savings,2018-02-16,369652.27,Active
500028,105490,32,Savings,2025-12-18,179515.75,Active
500029,108227,39,Salary,2021-06-27,164988.29,Active
500030,102134,39,Savings,2021-09-01,65126.95,Active
500031,105853,27,Savings,2017-08-30,52976.05,Active
500032,102272,9,Salary,2023-03-04,17946.0,Dormant
500033,100276,39,Current,2024-10-27,105445.67,Active
500034,107691,29,Savings,2023-06-08,37887.41,Active
500035,100597,13,Current,2024-04-17,713641.08,Active
500036,102304,37,Premium,2018-10-01,298579.03,Active
500037,105523,1,Savings,2025-04-19,503286.33,Active
500038,108417,38,Premium,2020-10-08,92229.77,Active
500039,102063,35,Current,2023-07-12,30615.89,Active
500040,104434,25,Savings,2022-04-30,124158.9,Active
500041,108186,36,Current,2021-07-24,422213.17,Active
500042,102704,11,Savings,2022-04-27,168813.44,Active
500043,109318,11,Savings,2020-10-23,86605.51,Active
500044,109370,29,Salary,2021-07-04,44911.46,Active
500045,100049,40,Savings,2019-02-04,110796.1,Active
500046,104792,16,Current,2019-06-18,20471.6,Active
500047,108103,26,Savings,2019-07-02,68845.85,Active
500048,106886,36,Savings,2021-01-13,112598.63,Active
500049,105052,19,Salary,2022-08-04,81660.31,Active
500050,101524,23,Premium,2020-09-16,190901.89,Active
500051,101678,33,Savings,2022-02-23,172439.22,Active
500052,104967,22,Salary,2024-12-08,123930.5,Active
500053,105018,7,Premium,2025-01-02,818158.21,Active
500054,104010,37,Current,2024-11-13,177767.37,Active
500055,103454,23,Savings,2021-01-21,183997.0,Active
500056,106712,30,Current,2021-10-27,42282.14,Active
500057,107732,14,Savings,2025-12-18,1487076.49,Active
500058,108778,21,Salary,2022-04-23,166468.77,Active
500059,107896,13,Savings,2021-06-21,49677.15,Active
500060,108975,14,Premium,2021-02-02,165514.73,Active
500061,108151,14,Savings,2024-06-30,409945.51,Active
500062,102721,18,Current,2017-09-23,161585.96,Closed
500063,107559,29,Current,2021-03-28,105733.33,Dormant
500064,108669,24,Premium,2019-03-26,93205.72,Active
500065,105758,37,Salary,2018-01-25,20996.52,Active
500066,108698,16,Savings,2025-12-24,102300.38,Dormant
500067,107201,7,Savings,2017-01-22,23118.54,Active
500068,108557,5,Salary,2025-04-22,89097.57,Active
500069,102221,17,Current,2017-01-16,234490.04,Active
500070,102490,12,Current,2019-12-24,72873.4,Active
500071,104999,16,Current,2021-07-16,20650.09,Active
500072,109242,20,Savings,2018-03-09,101163.19,Active
500073,106218,39,Savings,2022-09-05,106328.67,Active
500074,109715,10,Salary,2025-01-31,24999.72,Active
500075,104239,17,Savings,2018-11-27,7771.33,Active
500076,101198,23,Current,2024-02-05,115867.96,Active
500077,103763,39,Current,2021-08-07,745274.87,Active
500078,101526,22,Savings,2019-02-08,128013.61,Active
500079,108834,6,Salary,2022-04-02,58228.44,Active
500080,106110,20,Savings,2021-05-20,173713.93,Active
500081,101335,32,Premium,2023-11-13,114203.41,Active
500082,106489,18,Savings,2025-03-04,124269.27,Active
500083,105981,37,Savings,2020-05-10,216830.19,Active
500084,104760,21,Salary,2025-11-30,178042.59,Active
500085,103959,22,Salary,2020-11-15,57342.6,Active
500086,105489,2,Premium,2024-06-16,177031.47,Active
500087,100971,31,Current,2020-12-17,43616.67,Active
500088,102587,26,Salary,2018-06-27,164342.3,Dormant
500089,109487,23,Savings,2020-02-22,58033.47,Active
500090,103192,38,Savings,2022-03-21,52688.14,Active
500091,103099,10,Savings,2021-06-28,186574.94,Active
500092,109983,15,Savings,2018-07-02,53331.66,Active
500093,105395,21,Savings,2023-01-01,136005.64,Active
500094,104357,3,Savings,2018-05-23,200972.47,Active
500095,108200,20,Current,2024-08-20,102714.19,Active
500096,109344,21,Current,2025-11-02,30157.9,Active
500097,101752,39,Savings,2021-09-30,79094.04,Active
500098,107834,39,Savings,2017-10-15,8161.06,Active
500099,104587,7,Savings,2019-03-06,77594.2,Active
500100,101064,8,Savings,2017-06-03,427215.22,Active
500101,102424,3,Savings,2025-09-04,157478.76,Active
500102,105247,31,Savings,2020-10-20,19428.93,Active
500103,109391,21,Savings,2018-05-25,32306.29,Active
500104,109176,23,Premium,2019-05-04,173335.71,Active
500105,105875,1,Premium,2017-09-17,57311.63,Active
500106,101545,25,Salary,2025-10-04,83872.35,Active
500107,109398,12,Savings,2020-08-16,240835.52,Active
500108,109759,35,Current,2019-11-12,46301.36,Active
500109,109565,8,Current,2017-02-11,36770.18,Active
500110,101586,24,Current,2024-08-09,24975.67,Active
500111,108712,14,Savings,2021-12-16,94543.1,Active
500112,108605,34,Savings,2017-07-31,151500.17,Active
500113,109812,16,Savings,2023-08-11,40218.62,Active
500114,101030,3,Savings,2017-01-12,66781.37,Closed
500115,107225,8,Savings,2019-09-14,95845.14,Active
500116,105549,16,Savings,2024-09-13,87143.46,Active
500117,100680,5,Savings,2019-07-09,53160.36,Active
500118,104475,22,Salary,2023-06-06,50926.58,Active
500119,103637,16,Savings,2017-05-11,114022.68,Active
500120,108508,14,Savings,2017-03-21,81030.32,Active
500121,100589,16,Current,2017-05-06,58735.34,Active
500122,107711,39,Savings,2021-08-12,60423.35,Active
500123,104576,23,Savings,2017-06-02,286968.15,Active
500124,102635,21,Savings,2018-10-20,57662.42,Active
500125,106871,26,Current,2019-04-12,666575.49,Active
500126,102763,26,Savings,2024-07-30,67840.38,Active
500127,100905,29,Current,2022-09-19,50723.91,Active
500128,108156,12,Current,2020-02-23,68345.05,Active
500129,108238,27,Current,2024-01-28,18177.1,Active
500130,104353,21,Salary,2023-08-27,234759.59,Active
500131,106119,7,Salary,2025-04-04,122330.69,Active
500132,101828,15,Current,2017-10-20,1154104.29,Active
500133,105668,32,Salary,2022-02-15,51877.05,Active
500134,106224,20,Premium,2019-02-08,132289.21,Active
500135,107079,7,Salary,2023-08-11,114107.69,Active
500136,107922,33,Premium,2019-03-22,139467.4,Active
500137,105762,8,Savings,2018-12-13,248336.7,Active
500138,103233,27,Savings,2021-09-03,144810.35,Active
500139,109685,16,Savings,2025-03-29,7167.86,Active
500140,100381,4,Salary,2024-09-13,33322.51,Active
500141,106399,27,Current,2023-08-14,51235.55,Active
500142,105978,30,Savings,2019-12-20,85398.97,Active
500143,109722,18,Current,2025-02-18,80250.84,Active
500144,102986,33,Salary,2020-04-30,47686.0,Active
500145,106264,19,Current,2017-11-01,16541.07,Active
500146,103777,16,Salary,2023-07-27,81200.22,Active
500147,105647,24,Salary,2018-06-03,44360.43,Closed
500148,109862,6,Premium,2017-08-30,60989.46,Active
500149,102507,12,Salary,2021-05-02,99190.48,Active
500150,107573,31,Savings,2022-03-07,160316.42,Active
500151,106187,35,Salary,2017-09-15,23846.07,Active
500152,109685,8,Savings,2020-08-25,11489.55,Active
500153,108870,28,Current,2024-04-01,104963.69,Active
500154,108447,31,Savings,2021-05-01,52035.18,Active
500155,107371,4,Savings,2020-05-05,42020.67,Active
500156,105600,8,Premium,2023-10-13,471101.69,Active
500157,100520,26,Savings,2017-09-03,672609.3,Active
500158,107473,30,Savings,2024-12-10,143721.95,Active
500159,101417,21,Savings,2020-03-06,34310.75,Active
500160,105837,26,Salary,2018-06-01,35894.77,Active
500161,107713,10,Salary,2022-03-26,24758.99,Active
500162,101061,18,Savings,2023-09-17,31519.51,Active
500163,100795,32,Savings,2019-10-24,61491.37,Active
500164,101059,33,Savings,2025-03-21,50080.44,Active
500165,108251,26,Savings,2024-07-04,353778.59,Active
500166,108604,27,Savings,2021-04-15,93640.23,Active
500167,102092,28,Savings,2024-03-08,114310.24,Active
500168,109304,36,Savings,2018-02-27,141197.4,Active
500169,109355,1,Current,2024-07-28,60210.4,Active
500170,100566,21,Savings,2025-08-19,1807553.02,Active
500171,104704,20,Savings,2019-01-16,58621.29,Active
500172,108924,10,Savings,2020-08-22,55322.55,Active
500173,107884,18,Savings,2021-07-17,228758.61,Active
500174,103557,16,Savings,2025-10-02,135742.83,Active
500175,102179,38,Current,2018-10-07,117346.49,Active
500176,103901,6,Current,2020-03-14,42047.64,Dormant
500177,105638,32,Savings,2019-11-24,72168.06,Active
500178,102445,34,Savings,2022-02-02,239765.62,Active
500179,108624,15,Savings,2024-11-14,44699.88,Active
500180,108408,28,Savings,2024-07-28,55652.42,Active
500181,104247,1,Savings,2021-07-28,311997.99,Active
500182,109924,13,Salary,2025-06-26,15649.21,Active
500183,104880,19,Savings,2025-08-06,177061.97,Active
500184,108345,35,Salary,2025-12-11,113532.13,Active
500185,108175,34,Current,2024-08-14,32107.46,Active
500186,102552,5,Current,2024-01-21,20863.01,Active
500187,105209,26,Savings,2025-09-22,174949.5,Active
500188,105508,25,Current,2022-06-03,275457.64,Active
500189,101558,6,Salary,2021-04-10,63992.05,Active
500190,108759,25,Current,2022-08-07,32546.44,Active
500191,106553,21,Premium,2018-02-13,74172.54,Active
500192,106722,38,Savings,2019-04-26,73041.13,Active
500193,108176,10,Savings,2023-05-17,69910.77,Active
500194,104412,22,Salary,2017-01-21,47587.4,Active
500195,105449,7,Current,2020-03-02,318829.83,Active
500196,105108,25,Savings,2023-07-16,68136.13,Active
500197,107070,25,Savings,2020-04-21,57391.31,Active
500198,102462,24,Savings,2022-03-12,55765.56,Active
500199,100764,11,Savings,2017-08-10,151661.92,Active
500200,101871,23,Salary,2020-05-01,88922.66,Active
500201,101209,28,Savings,2019-06-04,103303.59,Active
500202,106553,12,Salary,2017-09-30,199943.03,Active
500203,105650,18,Salary,2023-10-30,35808.41,Active
500204,100667,22,Savings,2017-06-09,24807.83,Active
500205,106060,7,Savings,2017-04-06,29569.98,Active
500206,105813,35,Savings,2019-09-10,145854.71,Active
500207,107001,8,Savings,2024-04-05,91214.52,Dormant
500208,104615,7,Premium,2023-12-29,66672.26,Active
500209,101958,23,Salary,2017-01-22,143603.82,Active
500210,106844,25,Savings,2018-02-09,118306.68,Active
500211,106920,15,Current,2017-06-22,95728.27,Active
500212,102220,20,Savings,2025-08-23,1462719.59,Active
500213,102711,33,Savings,2018-03-04,37709.48,Active
500214,108337,16,Current,2020-01-12,62197.42,Active
500215,107078,23,Savings,2017-10-23,254063.84,Active
500216,107452,40,Salary,2025-07-08,22225.35,Active
500217,103389,21,Current,2024-11-12,219264.59,Active
500218,107319,1,Savings,2025-05-09,17868.45,Active
500219,109864,2,Salary,2017-12-13,24835.23,Active
500220,105424,21,Salary,2025-04-22,38503.94,Active
500221,108384,29,Savings,2019-12-02,127615.37,Active
500222,103443,13,Savings,2024-08-25,27525.69,Dormant
500223,106016,31,Salary,2025-07-08,520686.69,Active
500224,105002,11,Savings,2022-11-25,256678.32,Active
500225,109185,10,Salary,2022-08-13,35591.03,Active
500226,109193,38,Premium,2018-01-02,46731.06,Active
500227,105589,36,Savings,2025-01-18,18140.73,Dormant
500228,102153,18,Savings,2022-04-26,282048.51,Active
500229,108336,9,Savings,2022-12-19,32377.93,Active
500230,105681,22,Current,2024-06-15,17446.64,Active
500231,107637,21,Savings,2019-07-05,166436.88,Active
500232,101459,32,Salary,2018-05-24,46491.71,Active
500233,104677,24,Current,2020-03-10,63397.87,Closed
500234,106178,29,Premium,2019-11-02,20450.59,Active
500235,109607,21,Current,2021-03-17,36538.4,Active
500236,103804,28,Savings,2023-02-03,46955.83,Active
500237,101337,37,Savings,2024-12-02,146487.12,Active
500238,103194,36,Salary,2022-01-22,343185.17,Active
500239,102645,1,Savings,2025-09-30,207911.67,Active
500240,108197,29,Savings,2019-01-11,387916.79,Active
500241,100298,13,Savings,2021-04-26,41714.98,Active
500242,100618,7,Savings,2025-04-10,177182.27,Active
500243,101082,36,Current,2023-04-21,75065.2,Active
500244,104369,18,Salary,2024-01-13,78167.83,Active
500245,103243,13,Savings,2020-06-05,108429.37,Active
500246,102592,35,Savings,2018-06-01,35343.81,Active
500247,102792,31,Current,2025-12-02,153282.29,Active
500248,103105,8,Salary,2020-11-16,69893.04,Active
500249,102208,4,Current,2019-02-10,279906.54,Active
500250,104781,11,Premium,2018-09-23,683454.19,Active
500251,109165,18,Savings,2021-01-08,31624.69,Active
500252,109274,3,Savings,2023-08-03,35065.02,Active
500253,101127,26,Premium,2020-01-27,52018.1,Dormant
500254,101772,3,Savings,2023-10-20,871042.5,Active
500255,107813,19,Savings,2024-08-06,38975.27,Active
500256,101791,24,Savings,2021-06-12,92299.71,Active
500257,100800,38,Savings,2024-09-06,249871.38,Closed
500258,104672,18,Savings,2018-09-16,63637.68,Active
500259,108515,30,Savings,2023-05-07,77003.9,Active
500260,107574,21,Savings,2023-05-24,32170.13,Active
500261,105517,37,Current,2020-07-28,361968.39,Active
500262,100309,1,Savings,2024-12-18,318069.47,Active
500263,103068,5,Savings,2020-10-06,365046.67,Active
500264,105318,23,Current,2017-11-16,219750.79,Active
500265,100006,2,Savings,2023-11-18,154377.86,Active
500266,109745,15,Savings,2024-11-25,243574.59,Active
500267,101749,35,Savings,2021-12-21,492098.23,Active
500268,109411,39,Savings,2020-03-01,183985.38,Active
500269,109038,17,Salary,2025-05-09,16480.9,Active
500270,106585,20,Savings,2025-05-25,972655.9,Active
500271,102382,10,Salary,2025-08-08,188003.44,Active
500272,102592,37,Savings,2019-10-01,31112.73,Active
500273,108091,17,Salary,2017-08-04,43030.3,Active
500274,107445,12,Savings,2021-07-22,80111.7,Active
500275,107391,36,Savings,2021-07-12,321200.44,Active
500276,105185,37,Current,2019-02-22,19043.27,Active
500277,107009,9,Savings,2017-07-26,67338.83,Active
500278,103271,19,Current,2023-04-10,54753.25,Active
500279,101168,30,Current,2022-02-06,146908.43,Active
500280,102823,27,Savings,2017-12-26,262930.25,Active
500281,101342,38,Current,2020-02-27,71925.35,Active
500282,100998,16,Savings,2018-01-27,1024656.45,Active
500283,102592,12,Savings,2023-05-08,78232.81,Active
500284,105745,3,Current,2025-09-04,37761.93,Active
500285,104858,40,Savings,2025-05-01,117976.48,Active
500286,108543,16,Savings,2022-02-05,170315.04,Active
500287,108408,3,Salary,2018-03-24,33561.37,Active
500288,109640,18,Savings,2025-01-20,21610.93,Active
500289,105625,38,Savings,2017-10-13,92454.7,Active
500290,109755,26,Savings,2019-03-17,265232.29,Active
500291,106020,35,Current,2017-12-10,27697.02,Active
500292,105722,33,Savings,2021-01-24,125551.63,Active
500293,107797,12,Savings,2021-07-23,18943.93,Active
500294,105935,27,Salary,2022-09-20,102198.3,Active
500295,102147,16,Savings,2025-12-08,20633.24,Active
500296,109930,27,Salary,2025-03-11,256222.47,Closed
500297,104159,25,Salary,2021-11-18,32199.29,Active
500298,101373,29,Savings,2024-06-23,47058.85,Closed
500299,102118,21,Salary,2020-12-02,74961.89,Active
500300,105549,4,Savings,2022-06-19,66588.07,Active
500301,100578,21,Current,2020-12-22,37146.54,Active
500302,103696,7,Current,2024-08-22,78967.27,Active
500303,101334,22,Savings,2019-05-12,9824.88,Active
500304,107809,40,Savings,2020-04-28,12740.46,Active
500305,104931,8,Savings,2022-07-24,20533.8,Active
500306,105706,28,Current,2019-06-04,14679.67,Active
500307,106553,18,Salary,2019-11-18,24509.47,Dormant
500308,103703,29,Salary,2021-07-22,105994.79,Active
500309,109074,34,Savings,2021-02-20,28578.78,Active
500310,102081,9,Current,2025-10-05,230061.21,Active
500311,107430,31,Current,2023-01-03,22513.67,Active
500312,108080,20,Salary,2023-06-18,5070.93,Closed
500313,102220,23,Premium,2022-06-13,56790.02,Active
500314,102105,29,Savings,2020-06-29,45047.24,Active
500315,107690,23,Savings,2018-12-24,30807.37,Active
500316,107320,35,Savings,2025-07-30,50540.99,Active
500317,109701,40,Savings,2022-07-31,16188.88,Active
500318,107372,5,Salary,2019-07-26,1434629.39,Active
500319,103335,33,Savings,2018-02-27,38904.42,Active
500320,103610,4,Current,2022-08-02,33578.55,Active
500321,103606,35,Savings,2021-04-15,69394.82,Active
500322,106701,22,Current,2022-01-03,195138.19,Active
500323,103064,29,Current,2018-08-19,320939.33,Active
500324,105710,11,Savings,2019-03-12,91478.22,Active
500325,102890,21,Current,2021-02-23,150207.6,Active
500326,108728,15,Savings,2023-04-10,34420.01,Active
500327,107692,40,Savings,2025-02-04,60640.64,Active
500328,105894,20,Premium,2025-09-26,117222.0,Active
500329,105941,8,Savings,2023-06-30,97138.5,Active
500330,109450,23,Salary,2023-02-03,87051.46,Active
500331,107365,29,Salary,2025-09-09,25218.25,Active
500332,107758,16,Savings,2017-11-15,43520.13,Active
500333,102382,32,Salary,2020-07-21,223681.66,Active
500334,102176,40,Savings,2025-09-08,504874.82,Active
500335,102767,33,Savings,2019-08-26,261204.22,Active
500336,100825,40,Savings,2020-03-04,31140.82,Active
500337,101639,40,Savings,2017-04-11,274487.02,Dormant
500338,102147,36,Current,2023-08-04,77349.5,Active
500339,107636,20,Savings,2024-01-26,84591.74,Active
500340,109607,37,Premium,2025-11-19,33866.06,Active
500341,104261,4,Current,2017-05-05,88630.33,Active
500342,102751,34,Current,2017-12-22,139260.92,Active
500343,108685,19,Premium,2020-05-21,18821.75,Active
500344,109501,31,Salary,2020-09-23,39759.06,Active
500345,109203,25,Savings,2018-05-09,53992.97,Dormant
500346,104418,40,Current,2020-03-23,165184.32,Active
500347,100388,22,Salary,2020-07-13,29252.18,Active
500348,108578,39,Salary,2022-06-25,58235.11,Active
500349,108562,16,Current,2021-05-02,77698.51,Active
500350,106376,39,Savings,2023-02-22,266710.31,Active
500351,102025,9,Savings,2021-09-11,29086.01,Active
500352,108125,26,Salary,2023-11-16,80891.29,Active
500353,101071,17,Savings,2021-08-20,430556.36,Active
500354,100654,24,Savings,2020-07-20,112667.34,Active
500355,103801,39,Savings,2025-04-18,46287.4,Active
500356,107801,7,Savings,2018-09-16,49858.61,Active
500357,102612,24,Current,2019-09-11,33780.38,Active
500358,105854,9,Savings,2019-01-05,52431.7,Dormant
500359,109699,39,Current,2022-07-01,121230.17,Active
500360,107191,2,Savings,2025-09-01,58625.75,Active
500361,102708,33,Savings,2018-04-09,111109.75,Active
500362,105301,17,Savings,2021-06-27,206289.98,Active
500363,106361,33,Salary,2019-11-27,6404.86,Active
500364,106316,18,Salary,2025-07-25,522721.78,Closed
500365,105965,39,Current,2021-08-12,89258.94,Active
500366,106019,22,Savings,2023-11-23,126076.58,Dormant
500367,100240,4,Savings,2024-03-26,47067.21,Active
500368,103201,19,Savings,2025-06-28,125850.43,Active
500369,109357,22,Premium,2024-09-04,415612.9,Active
500370,106571,22,Current,2022-04-08,338630.14,Active
500371,109103,36,Savings,2021-01-24,75708.09,Active
500372,101257,26,Savings,2022-08-18,151666.56,Active
500373,103124,31,Savings,2021-11-19,101248.16,Active
500374,102017,25,Current,2022-04-07,47791.65,Active
500375,107208,14,Savings,2017-05-13,833020.79,Active
500376,100897,2,Savings,2025-09-06,67276.02,Active
500377,109495,15,Salary,2021-08-04,107256.67,Closed
500378,104821,15,Current,2025-10-10,69632.71,Active
500379,106836,33,Current,2023-02-11,22086.72,Active
500380,108972,27,Salary,2020-06-06,51292.4,Closed
500381,108983,11,Current,2024-03-05,20662.58,Active
500382,106453,18,Savings,2018-10-20,152967.68,Active
500383,109492,30,Current,2023-12-18,78393.74,Active
500384,108655,25,Salary,2022-09-09,185798.97,Active
500385,101672,21,Current,2021-12-28,200219.58,Active
500386,104032,38,Salary,2024-06-18,173042.71,Active
500387,108169,11,Salary,2022-11-18,240934.34,Dormant
500388,105371,4,Salary,2019-11-16,90736.83,Active
500389,109038,12,Savings,2018-12-01,70698.49,Active
500390,101562,7,Savings,2025-07-04,5511.23,Active
500391,100309,4,Current,2022-07-10,151675.43,Dormant
500392,101909,29,Current,2017-09-14,73273.69,Active
500393,101324,13,Current,2024-11-02,25511.53,Active
500394,102703,38,Salary,2026-01-05,187884.55,Active
500395,109636,21,Premium,2017-06-01,119824.32,Active
500396,108701,29,Savings,2017-11-02,562650.11,Active
500397,105439,2,Savings,2017-03-24,24598.96,Active
500398,103806,1,Savings,2024-01-03,652336.99,Active
500399,100568,2,Salary,2021-05-03,25813.35,Active
500400,109083,11,Premium,2025-08-01,32870.62,Active
500401,102096,31,Salary,2021-03-03,278554.83,Active
500402,106834,26,Savings,2021-04-20,12058.07,Active
500403,108745,22,Current,2019-07-29,62562.51,Active
500404,102386,3,Current,2023-02-20,91262.5,Active
500405,105564,34,Savings,2020-08-08,40957.11,Active
500406,109542,19,Savings,2018-08-23,31884.55,Active
500407,100142,40,Salary,2025-04-09,181325.12,Active
500408,109582,5,Savings,2018-06-13,18292.45,Active
500409,101877,34,Current,2018-08-27,53586.35,Active
500410,105923,21,Savings,2025-12-18,948103.58,Active
500411,100124,7,Premium,2021-02-08,38693.37,Active
500412,100174,13,Savings,2018-06-23,9705.71,Active
500413,104328,20,Salary,2017-01-14,60729.56,Active
500414,101988,40,Salary,2025-02-11,37652.01,Active
500415,103577,8,Savings,2025-11-26,23648.09,Active
500416,103106,4,Salary,2018-05-14,123355.34,Active
500417,102141,12,Savings,2023-09-10,36371.77,Active
500418,104140,27,Savings,2022-12-01,102955.22,Active
500419,103635,32,Current,2018-06-27,129822.5,Active
500420,103326,18,Premium,2023-09-19,36303.07,Active
500421,102323,5,Savings,2022-11-12,121547.92,Active
500422,101681,23,Savings,2023-07-06,5458.06,Closed
500423,107909,24,Current,2023-06-07,102878.14,Active
500424,106652,15,Salary,2018-07-24,186574.73,Active
500425,109217,38,Current,2020-05-16,84717.58,Active
500426,107497,6,Savings,2022-06-03,217615.05,Active
500427,106229,21,Savings,2025-04-20,252221.52,Active
500428,104232,38,Salary,2019-06-09,319019.83,Active
500429,108114,1,Savings,2020-02-16,62719.98,Active
500430,100637,29,Current,2018-06-16,26801.71,Active
500431,102270,26,Savings,2023-06-15,26002.08,Active
500432,109931,10,Salary,2026-01-12,65600.63,Active
500433,104399,23,Savings,2018-05-21,55126.52,Active
500434,109029,20,Salary,2020-08-13,23462.24,Active
500435,101517,11,Current,2020-01-02,32777.68,Active
500436,106667,12,Current,2021-05-03,484275.31,Active
500437,107304,24,Savings,2022-08-14,68371.21,Active
500438,107614,14,Current,2018-04-10,369260.79,Active
500439,102440,8,Savings,2017-11-04,109716.33,Active
500440,109979,25,Savings,2025-05-17,66611.96,Active
500441,105509,37,Salary,2019-07-12,88930.94,Active
500442,102520,7,Savings,2022-06-30,43832.1,Active
500443,105708,31,Salary,2023-02-12,204421.48,Active
500444,101530,13,Savings,2024-01-04,259006.85,Active
500445,100891,8,Salary,2022-08-06,19389.68,Active
500446,104306,35,Savings,2025-06-28,17708.43,Active
500447,108023,32,Current,2020-05-30,283712.71,Active
500448,106115,10,Salary,2021-01-03,25581.41,Active
500449,103142,32,Current,2017-04-20,165024.1,Active
500450,106679,37,Current,2024-06-13,49871.03,Active
500451,106644,7,Savings,2020-11-21,98737.46,Active
500452,102277,21,Salary,2021-02-10,38557.65,Dormant
500453,107573,13,Salary,2021-05-02,46696.39,Active
500454,103895,32,Salary,2019-10-17,94091.97,Active
500455,104110,36,Salary,2017-04-05,320404.37,Dormant
500456,109588,6,Current,2020-11-26,122689.27,Active
500457,107591,2,Savings,2020-08-29,131067.95,Active
500458,106784,38,Savings,2024-02-29,159842.11,Dormant
500459,108776,17,Savings,2021-11-23,123780.19,Active
500460,105846,37,Premium,2017-07-23,86892.87,Active
500461,100369,34,Savings,2021-08-28,29068.46,Active
500462,104537,24,Salary,2021-08-09,49570.32,Active
500463,100151,28,Premium,2025-03-19,227168.63,Active
500464,109508,40,Salary,2025-07-21,117097.24,Active
500465,105818,21,Savings,2024-12-03,93928.62,Active
500466,104777,33,Savings,2018-05-31,18618.07,Active
500467,103068,27,Premium,2023-03-12,3750.83,Active
500468,105941,10,Current,2023-09-29,91200.58,Active
500469,107630,15,Savings,2023-02-28,1068016.15,Active
500470,103146,3,Current,2025-09-17,37403.18,Active
500471,105516,6,Salary,2025-01-10,120097.24,Active
500472,103153,29,Salary,2017-12-05,18501.3,Active
500473,101488,34,Salary,2021-11-25,55638.14,Active
500474,100908,8,Savings,2021-02-01,47050.78,Active
500475,109202,19,Current,2017-11-03,39523.62,Active
500476,105425,28,Savings,2017-12-11,222609.09,Active
500477,104892,13,Salary,2025-12-20,135303.37,Active
500478,106758,13,Salary,2023-05-20,123393.94,Active
500479,102659,18,Salary,2024-01-04,3408.01,Active
500480,104827,24,Salary,2019-09-27,4928.31,Active
500481,107072,38,Current,2019-08-25,41016.52,Dormant
500482,109445,5,Savings,2018-12-30,142353.47,Active
500483,102273,17,Savings,2025-01-06,6634.32,Active
500484,105355,24,Salary,2025-03-25,85176.46,Active
500485,108450,17,Salary,2025-11-10,37183.0,Active
500486,109472,4,Premium,2025-12-13,110660.77,Active
500487,104145,4,Savings,2020-03-15,68492.65,Active
500488,106590,23,Savings,2018-09-04,107501.25,Active
500489,106232,2,Salary,2020-02-09,23418.97,Active
500490,105746,17,Savings,2020-12-11,104219.96,Active
500491,102357,32,Savings,2020-01-01,74281.52,Active
500492,105127,20,Savings,2018-03-04,456674.25,Active
500493,109077,10,Premium,2024-07-07,140965.94,Active
500494,105620,36,Savings,2025-11-26,137911.66,Active
500495,101767,4,Salary,2023-01-25,163383.49,Active
500496,101361,13,Current,2019-01-30,196841.97,Closed
500497,102147,38,Savings,2023-10-30,15054.64,Active
500498,106101,16,Savings,2019-06-18,35456.23,Active
500499,100239,5,Premium,2024-10-11,27228.61,Active
500500,107519,26,Premium,2024-03-17,70655.55,Active
500501,107527,5,Savings,2022-02-02,58587.75,Active
500502,102522,30,Savings,2023-06-19,189170.34,Active
500503,109530,33,Savings,2021-08-01,129336.15,Active
500504,102300,17,Savings,2020-08-05,54899.87,Active
500505,101212,13,Salary,2023-11-27,126365.63,Active
500506,103047,15,Savings,2017-07-31,11815.68,Active
500507,104534,20,Savings,2019-04-19,194943.7,Active
500508,104443,35,Savings,2023-11-19,111819.99,Active
500509,108501,25,Savings,2017-05-07,301472.96,Active
500510,104930,31,Savings,2025-07-06,86224.19,Active
500511,104472,24,Salary,2021-02-27,41979.13,Active
500512,108739,5,Current,2020-11-16,13904.78,Active
500513,103225,20,Savings,2025-02-21,26760.73,Active
500514,101636,20,Salary,2017-08-29,55559.55,Active
500515,101992,25,Current,2021-11-17,33375.97,Active
500516,109078,25,Savings,2024-02-25,37103.24,Active
500517,104567,6,Savings,2020-03-22,103434.03,Active
500518,101964,30,Current,2024-03-29,70373.22,Active
500519,103639,24,Savings,2021-07-26,4160928.42,Active
500520,109793,1,Current,2022-06-04,483004.64,Active
500521,108225,10,Current,2025-12-30,117539.71,Active
500522,109008,8,Premium,2020-02-17,82059.18,Dormant
500523,109274,19,Savings,2023-08-03,422184.11,Active
500524,102440,4,Salary,2022-06-01,80047.36,Active
500525,108222,25,Current,2023-02-05,46444.43,Active
500526,107801,39,Savings,2017-05-06,61607.93,Closed
500527,101688,19,Savings,2021-07-07,69907.42,Active
500528,101305,14,Savings,2025-10-27,131149.33,Active
500529,105194,4,Savings,2022-04-07,286100.03,Active
500530,103084,5,Salary,2017-12-13,51564.99,Active
500531,103580,31,Current,2018-07-02,370145.55,Active
500532,102050,5,Salary,2017-11-10,359455.06,Active
500533,108635,19,Savings,2023-01-01,260605.41,Active
500534,105162,34,Salary,2019-10-19,195971.01,Active
500535,102226,6,Savings,2025-10-13,160644.82,Active
500536,102732,33,Current,2025-10-03,39807.87,Dormant
500537,102132,34,Current,2022-01-01,61624.09,Active
500538,109227,29,Salary,2022-09-19,65760.15,Active
500539,102338,6,Current,2025-02-28,33454.72,Active
500540,104582,16,Savings,2024-02-02,797159.43,Closed
500541,106890,15,Savings,2023-07-07,162741.24,Active
500542,103907,10,Premium,2017-09-02,51636.11,Active
500543,109854,40,Savings,2019-04-27,5419.43,Active
500544,104808,4,Savings,2024-03-13,69071.19,Active
500545,104542,1,Savings,2018-05-24,92478.31,Active
500546,100468,37,Savings,2023-01-31,80048.35,Active
500547,100104,24,Savings,2018-02-11,148332.69,Active
500548,107859,13,Savings,2018-12-18,231475.24,Active
500549,107632,27,Savings,2025-12-25,63839.18,Active
500550,101695,17,Salary,2022-11-04,408221.33,Active
500551,106715,18,Savings,2021-12-12,288948.34,Active
500552,105027,4,Savings,2021-07-08,82100.78,Active
500553,109712,26,Savings,2018-05-10,60621.79,Active
500554,106989,10,Salary,2017-06-18,41008.61,Active
500555,109229,36,Current,2017-09-10,34508.27,Active
500556,105403,18,Premium,2017-08-09,11583.14,Active
500557,101818,2,Current,2018-04-06,148975.05,Active
500558,109175,27,Current,2024-09-02,26207.47,Closed
500559,101754,17,Savings,2018-05-31,21722.68,Dormant
500560,107040,24,Savings,2018-05-22,65899.88,Dormant
500561,103800,11,Salary,2023-12-20,67992.41,Active
500562,108078,32,Savings,2024-04-06,63978.1,Active
500563,102616,30,Savings,2021-12-01,1544245.28,Active
500564,102255,8,Current,2018-05-06,36524.6,Active
500565,105925,39,Savings,2017-01-17,25543.32,Active
500566,101444,37,Savings,2025-03-30,93307.34,Active
500567,105952,21,Savings,2018-11-13,43297.88,Active
500568,104722,26,Premium,2022-05-26,27210.65,Active
500569,101788,22,Salary,2017-03-18,79009.76,Active
500570,104686,26,Savings,2017-09-05,44749.63,Active
500571,101894,38,Current,2019-03-20,109129.08,Active
500572,103437,23,Current,2018-05-07,62053.96,Active
500573,101244,11,Savings,2018-10-07,69087.19,Active
500574,101758,29,Savings,2017-10-16,56725.8,Active
500575,108788,37,Savings,2017-07-25,115666.57,Active
500576,102159,39,Savings,2021-02-09,203322.18,Active
500577,108022,8,Savings,2017-10-23,248251.77,Active
500578,101600,40,Salary,2021-12-09,322083.43,Active
500579,100875,13,Salary,2018-12-12,397236.61,Active
500580,106723,31,Savings,2023-06-16,112334.85,Active
500581,107074,13,Savings,2022-08-04,81493.62,Active
500582,100206,7,Savings,2020-12-10,103743.1,Active
500583,106002,7,Savings,2024-09-01,35158.61,Active
500584,105016,27,Savings,2017-06-16,30994.16,Active
500585,103474,21,Current,2018-07-26,220309.07,Active
500586,108475,39,Savings,2019-01-08,63830.05,Active
500587,109189,24,Savings,2024-06-19,93326.75,Active
500588,108638,14,Premium,2025-04-11,1136011.7,Active
500589,104429,11,Savings,2024-08-18,22013.9,Active
500590,101148,12,Current,2024-10-02,123357.49,Active
500591,100709,21,Salary,2024-03-17,22909.03,Active
500592,108054,11,Savings,2022-05-26,90851.05,Active
500593,103151,32,Salary,2026-01-03,110389.24,Active
500594,103110,15,Savings,2018-10-01,1226659.95,Active
500595,100637,17,Savings,2019-02-15,208084.82,Active
500596,105401,23,Premium,2018-08-29,21119.99,Dormant
500597,104273,27,Savings,2021-09-17,69127.44,Active
500598,106627,8,Savings,2022-07-12,101366.55,Active
500599,107941,22,Salary,2024-07-24,223949.07,Active
500600,102138,37,Savings,2022-08-08,189484.18,Dormant
500601,107067,19,Salary,2019-04-23,165136.96,Active
500602,100919,20,Current,2018-01-09,275726.44,Dormant
500603,101103,15,Salary,2023-01-06,298010.49,Active
500604,107613,2,Savings,2017-04-30,294795.09,Active
500605,109756,12,Current,2025-05-29,47238.89,Active
500606,107323,19,Savings,2024-08-20,108561.77,Active
500607,108415,13,Current,2020-04-20,55258.04,Active
500608,103413,30,Savings,2025-12-11,36086.17,Active
500609,103565,7,Premium,2022-07-26,51105.99,Active
500610,106646,8,Savings,2023-10-14,143357.43,Active
500611,106091,39,Savings,2019-03-15,162372.45,Active
500612,101082,27,Savings,2023-12-07,41029.2,Active
500613,100894,19,Savings,2023-09-05,11103.78,Active
500614,105524,10,Current,2024-04-12,78056.01,Active
500615,102791,33,Savings,2024-07-18,35194.28,Active
500616,107623,1,Salary,2025-07-03,31554.57,Active
500617,101921,8,Current,2018-08-20,38522.06,Active
500618,104726,23,Savings,2024-02-03,212535.99,Active
500619,103631,20,Savings,2025-10-24,319182.24,Active
500620,102305,11,Savings,2024-07-23,74947.31,Active
500621,102654,31,Savings,2018-08-31,68989.18,Active
500622,107837,15,Current,2018-09-02,79571.03,Active
500623,105568,21,Savings,2024-08-13,45154.14,Active
500624,101184,7,Savings,2018-02-13,95567.9,Active
500625,103832,12,Current,2021-08-09,23455.0,Active
500626,109845,4,Savings,2023-08-24,39385.08,Active
500627,104370,13,Savings,2019-09-15,58435.19,Active
500628,107311,28,Current,2017-11-03,105056.81,Active
500629,102709,24,Current,2022-09-12,365902.44,Active
500630,104232,5,Current,2019-11-21,9956.38,Active
500631,103640,38,Savings,2017-02-02,94066.74,Active
500632,100283,37,Salary,2019-08-17,55814.48,Active
500633,102654,39,Salary,2018-01-29,4946.85,Active
500634,104109,2,Savings,2020-07-16,75621.15,Active
500635,100394,31,Savings,2021-10-23,180755.19,Active
500636,103946,34,Savings,2019-07-09,67968.69,Active
500637,104440,35,Savings,2022-02-11,17109.39,Active
500638,104721,7,Salary,2020-01-16,17078.1,Active
500639,106723,23,Current,2024-04-14,306369.42,Active
500640,101940,12,Savings,2017-04-04,30885.29,Active
500641,101499,24,Current,2018-09-20,69033.85,Active
500642,107029,40,Savings,2019-01-25,78315.82,Active
500643,106793,22,Salary,2019-10-06,124198.0,Active
500644,107574,7,Savings,2017-12-18,134611.36,Active
500645,102720,35,Savings,2021-04-10,263943.72,Active
500646,100876,29,Current,2017-12-27,106955.99,Active
500647,103848,35,Salary,2025-05-28,12031.97,Dormant
500648,103739,38,Savings,2023-08-24,118353.37,Active
500649,108866,35,Current,2021-10-20,97877.44,Active
500650,102626,25,Salary,2024-10-31,167820.75,Dormant
500651,109533,16,Current,2025-09-12,35228.35,Active
500652,103250,37,Savings,2022-07-15,46537.56,Active
500653,107425,13,Salary,2025-07-26,809865.92,Dormant
500654,102434,26,Current,2024-12-13,59067.53,Active
500655,108969,25,Savings,2023-06-15,218979.78,Active
500656,107037,4,Savings,2025-06-05,6252.92,Active
500657,105140,28,Savings,2017-05-30,152104.89,Active
500658,103919,15,Premium,2022-02-19,125019.99,Closed
500659,100143,26,Savings,2021-05-15,49816.97,Active
500660,107396,38,Savings,2024-12-28,104806.23,Active
500661,109129,11,Savings,2019-10-12,547444.95,Active
500662,105971,23,Salary,2024-11-02,78922.64,Active
500663,104757,7,Current,2023-07-16,16484.67,Active
500664,108080,26,Savings,2021-07-05,180228.45,Active
500665,108139,16,Savings,2025-11-12,36618.18,Active
500666,103532,37,Current,2023-03-14,276956.18,Active
500667,105702,10,Savings,2024-01-09,74061.72,Active
500668,100538,14,Salary,2019-09-19,102080.09,Active
500669,100738,10,Premium,2023-04-25,11521.24,Dormant
500670,103682,36,Savings,2021-05-21,130979.74,Dormant
500671,102083,23,Savings,2020-11-05,76283.51,Active
500672,109654,38,Salary,2021-01-21,287505.7,Active
500673,102964,25,Salary,2020-10-23,114741.39,Active
500674,104690,23,Current,2020-08-25,340768.73,Active
500675,108378,21,Savings,2023-06-23,23493.03,Active
500676,105387,12,Savings,2025-10-16,14040.83,Active
500677,109329,19,Current,2021-09-19,109899.77,Active
500678,109900,12,Current,2018-08-23,47125.88,Dormant
500679,102348,40,Current,2023-12-11,114971.64,Active
500680,109471,4,Savings,2020-09-17,113471.42,Active
500681,109986,38,Savings,2022-09-08,110362.02,Active
500682,109886,39,Salary,2017-08-25,19069.23,Active
500683,102938,16,Savings,2019-06-03,51833.95,Dormant
500684,100494,1,Current,2023-02-16,101057.15,Active
500685,104173,14,Savings,2024-03-02,124523.31,Active
500686,109078,37,Savings,2020-04-25,630695.99,Active
500687,108323,14,Current,2025-12-01,181084.11,Active
500688,102710,36,Current,2017-01-08,64270.61,Active
500689,108462,37,Current,2017-11-23,27362.35,Active
500690,106958,24,Current,2023-05-12,20699.15,Active
500691,106590,18,Savings,2024-01-17,61558.88,Active
500692,101945,5,Savings,2018-01-15,18303.51,Active
500693,103415,27,Salary,2020-11-16,128751.68,Active
500694,105166,28,Salary,2024-08-01,155463.45,Active
500695,101224,7,Savings,2021-06-28,211608.99,Active
500696,102680,28,Savings,2024-01-13,77981.12,Active
500697,103102,15,Savings,2020-10-22,41372.03,Active
500698,100255,28,Salary,2021-08-10,23465.88,Dormant
500699,108083,35,Salary,2022-11-17,42112.13,Active
500700,106475,23,Savings,2019-01-30,9718.93,Active
500701,105480,23,Savings,2019-07-28,358585.75,Active
500702,103984,1,Savings,2017-07-10,528638.01,Active
500703,102904,38,Savings,2019-02-12,86562.32,Active
500704,109805,28,Salary,2023-08-04,308051.05,Active
500705,101960,1,Salary,2024-09-14,50082.42,Active
500706,103711,40,Savings,2024-10-15,132846.43,Active
500707,101334,24,Current,2021-04-03,110974.14,Active
500708,109438,19,Salary,2018-03-07,80256.38,Active
500709,108177,20,Savings,2025-04-15,56477.41,Active
500710,109421,14,Salary,2022-12-23,47622.05,Active
500711,100530,32,Salary,2019-08-04,88322.91,Active
500712,103196,35,Savings,2021-03-16,117126.95,Active
500713,101920,26,Current,2019-03-27,78957.96,Active
500714,101985,16,Current,2024-01-24,22204.09,Active
500715,109180,16,Salary,2021-11-11,112205.5,Active
500716,105149,15,Savings,2025-11-04,22683.89,Active
500717,109673,6,Salary,2024-11-07,45714.18,Active
500718,100100,10,Savings,2017-08-30,46414.69,Active
500719,103382,28,Current,2021-05-30,169102.59,Active
500720,106164,33,Current,2022-07-01,50543.16,Active
500721,107657,7,Savings,2020-08-31,177459.1,Active
500722,103081,10,Savings,2017-10-20,23476.37,Active
500723,106067,14,Savings,2022-09-25,61055.93,Active
500724,109729,23,Savings,2018-08-31,33058.67,Active
500725,104506,22,Savings,2020-05-21,289845.16,Active
500726,103652,4,Savings,2018-12-16,44360.91,Active
500727,101204,13,Savings,2019-04-03,116720.19,Active
500728,102637,34,Savings,2025-12-09,98490.89,Active
500729,104747,18,Savings,2020-07-08,125017.82,Active
500730,107454,5,Savings,2024-04-21,14541.03,Active
500731,108706,24,Savings,2025-10-22,275328.89,Active
500732,103614,37,Savings,2024-09-27,119142.81,Active
500733,107663,12,Salary,2024-06-19,204980.9,Active
500734,101709,25,Salary,2024-05-20,227124.93,Active
500735,106182,26,Savings,2017-11-15,52289.26,Active
500736,103777,1,Savings,2020-11-01,96841.86,Active
500737,108604,20,Salary,2023-02-28,87509.46,Active
500738,101532,7,Savings,2017-08-27,17721.55,Closed
500739,102653,38,Savings,2021-07-12,204526.84,Active
500740,108925,13,Savings,2019-08-12,212158.45,Active
500741,102476,10,Savings,2024-07-10,354597.63,Active
500742,104102,14,Savings,2018-02-07,160084.1,Active
500743,102352,1,Current,2024-10-30,24725.42,Active
500744,107460,10,Current,2019-10-05,348450.3,Active
500745,109422,25,Current,2025-08-17,48344.4,Active
500746,104163,26,Current,2020-04-14,51702.11,Active
500747,108251,23,Savings,2018-09-03,135016.63,Active
500748,101844,25,Savings,2022-04-07,51077.08,Active
500749,102323,39,Savings,2022-04-30,105753.78,Active
500750,109208,34,Savings,2018-03-22,25898.87,Active
500751,100713,29,Salary,2020-09-07,162332.24,Active
500752,102515,13,Savings,2023-09-19,53928.78,Active
500753,101615,12,Savings,2018-09-16,53420.36,Active
500754,103715,28,Savings,2023-09-29,21924.3,Active
500755,105084,13,Savings,2022-02-10,142390.6,Active
500756,101344,10,Current,2025-08-01,147849.79,Active
500757,105907,9,Savings,2025-12-01,437338.51,Active
500758,106411,39,Premium,2021-08-04,242096.61,Active
500759,102905,35,Savings,2018-03-30,496699.61,Active
500760,108484,32,Salary,2025-05-10,58510.01,Active
500761,106894,2,Savings,2020-07-15,336230.8,Active
500762,104263,10,Savings,2020-03-23,95167.18,Active
500763,109571,9,Savings,2023-09-12,35406.35,Active
500764,109086,2,Savings,2019-05-09,34212.23,Active
500765,104743,27,Salary,2025-01-27,32554.08,Active
500766,102958,32,Salary,2025-03-02,28186.04,Active
500767,109632,14,Savings,2018-04-16,51245.72,Active
500768,108062,1,Savings,2019-04-08,29378.69,Active
500769,104235,17,Salary,2024-04-03,520296.13,Active
500770,102570,26,Savings,2020-12-01,59730.28,Active
500771,106476,38,Savings,2020-11-18,16866.9,Active
500772,107996,17,Salary,2019-05-23,92197.9,Active
500773,101393,17,Current,2021-10-25,33485.44,Active
500774,103130,5,Salary,2024-11-10,258820.83,Active
500775,100125,2,Salary,2021-06-23,204984.6,Active
500776,106066,38,Savings,2019-01-23,108875.49,Dormant
500777,108774,39,Salary,2017-06-01,153943.73,Active
500778,101027,19,Premium,2022-06-21,75084.08,Active
500779,104394,29,Savings,2017-02-17,135986.92,Active
500780,102125,36,Salary,2025-09-06,238634.78,Active
500781,104648,25,Savings,2022-10-07,64369.25,Active
500782,104189,39,Current,2020-02-10,148868.5,Active
500783,103628,28,Savings,2017-07-08,96861.06,Active
500784,100683,17,Savings,2017-10-02,109063.67,Dormant
500785,103510,36,Salary,2021-09-22,66956.56,Active
500786,104848,10,Savings,2023-06-13,200465.33,Active
500787,100557,8,Salary,2017-12-14,309065.56,Active
500788,108354,6,Salary,2025-10-29,52769.79,Active
500789,100898,20,Current,2024-09-22,32492.7,Active
500790,109482,21,Savings,2021-10-26,400000.1,Active
500791,104809,6,Savings,2019-06-18,88765.41,Active
500792,101559,7,Premium,2021-05-20,44271.32,Dormant
500793,102929,40,Savings,2023-11-01,43232.53,Active
500794,101746,26,Salary,2018-04-03,151790.99,Active
500795,103569,38,Savings,2024-10-14,111155.2,Active
500796,100940,18,Savings,2019-10-17,64344.21,Active
500797,101031,28,Salary,2022-06-01,44956.25,Dormant
500798,105646,10,Current,2017-12-10,150523.99,Active
500799,108067,31,Savings,2017-06-07,330660.16,Active
500800,106955,36,Salary,2025-04-06,39144.75,Active
500801,108849,38,Savings,2017-11-25,17014.37,Active
500802,103448,39,Savings,2023-11-06,91133.46,Active
500803,104476,25,Current,2025-04-14,69351.95,Active
500804,106435,30,Current,2023-05-04,21977.46,Active
500805,103431,37,Current,2023-07-16,102313.93,Active
500806,105276,25,Premium,2017-05-07,54215.75,Active
500807,101544,36,Savings,2021-04-02,47180.52,Active
500808,104407,17,Savings,2019-11-30,6697.5,Active
500809,101736,23,Salary,2025-08-20,36386.41,Active
500810,104259,7,Savings,2023-07-27,21359.98,Active
500811,104864,17,Savings,2019-09-07,37334.99,Active
500812,100241,11,Savings,2025-01-18,302150.17,Active
500813,106286,13,Current,2023-09-28,115797.33,Active
500814,106393,39,Current,2017-12-29,88603.83,Active
500815,102588,33,Salary,2018-06-14,332389.01,Active
500816,101202,22,Savings,2020-08-12,255877.99,Active
500817,100069,7,Savings,2018-05-25,380302.79,Active
500818,108163,15,Savings,2023-11-20,63968.01,Active
500819,101696,5,Savings,2022-08-15,18681.64,Dormant
500820,109104,32,Salary,2021-01-15,118823.13,Active
500821,101987,21,Salary,2023-11-20,4774278.51,Closed
500822,104782,40,Savings,2024-05-20,123001.61,Active
500823,108369,33,Savings,2021-07-25,469635.4,Active
500824,104437,25,Current,2017-10-12,138303.07,Active
500825,104045,3,Salary,2018-08-03,118528.55,Active
500826,106551,34,Savings,2021-06-13,23604.84,Closed
500827,104084,14,Savings,2021-10-26,26975.01,Active
500828,102513,16,Salary,2022-02-05,68831.23,Active
500829,106633,35,Current,2023-08-08,27904.4,Active
500830,109511,34,Salary,2021-10-16,41052.82,Active
500831,101017,4,Salary,2018-12-20,123438.15,Active
500832,102663,14,Savings,2018-04-27,65973.69,Active
500833,108491,38,Premium,2025-06-01,167219.2,Active
500834,102712,20,Current,2021-05-25,41466.76,Active
500835,105465,20,Premium,2021-12-07,249750.74,Active
500836,106408,26,Premium,2017-04-26,131349.66,Active
500837,108451,8,Savings,2017-09-15,163918.02,Active
500838,109065,38,Savings,2020-10-04,64623.89,Active
500839,106269,4,Savings,2019-11-02,74305.91,Active
500840,100260,19,Premium,2023-11-09,549107.87,Active
500841,102985,38,Salary,2021-01-30,41029.38,Active
500842,102947,20,Savings,2025-03-16,179744.91,Active
500843,108712,39,Current,2025-07-30,38133.6,Active
500844,102607,21,Savings,2020-11-12,72653.97,Active
500845,105933,6,Current,2018-05-21,133482.07,Active
500846,105482,32,Savings,2021-06-25,124063.57,Active
500847,105906,7,Savings,2017-05-06,96072.38,Active
500848,107065,33,Savings,2020-08-22,255019.96,Active
500849,100753,16,Savings,2021-07-16,39300.93,Active
500850,100351,16,Savings,2021-07-06,5366.91,Active
500851,106139,20,Premium,2023-06-30,19034.4,Active
500852,105969,13,Savings,2018-05-23,71573.07,Active
500853,108567,5,Salary,2022-05-29,224800.77,Active
500854,102316,33,Current,2024-05-06,67072.77,Active
500855,102779,33,Current,2021-01-07,104757.31,Active
500856,105970,15,Savings,2020-04-14,32669.0,Active
500857,100344,22,Premium,2019-04-08,71230.86,Active
500858,101830,32,Savings,2025-04-21,135281.62,Active
500859,104653,9,Savings,2020-08-29,40758.34,Active
500860,105817,13,Salary,2021-05-28,145931.71,Active
500861,106403,15,Current,2022-12-26,93340.5,Active
500862,107290,4,Premium,2020-07-27,79758.55,Active
500863,104832,13,Premium,2021-03-27,49662.77,Active
500864,103887,36,Savings,2025-07-25,76527.19,Active
500865,106125,15,Savings,2023-05-06,67033.57,Active
500866,105971,31,Premium,2021-08-06,49516.47,Active
500867,102933,40,Savings,2023-08-18,12989.6,Active
500868,108379,36,Savings,2023-10-21,48359.93,Dormant
500869,103858,9,Savings,2022-07-19,69417.49,Active
500870,100276,35,Current,2018-11-29,34141.01,Active
500871,102644,30,Savings,2023-11-22,24056.17,Active
500872,105865,35,Savings,2025-12-28,493406.47,Active
500873,105454,9,Salary,2024-01-13,147698.78,Active
500874,100938,18,Savings,2020-02-02,265560.85,Dormant
500875,106635,10,Salary,2017-08-09,122070.49,Active
500876,105809,39,Premium,2018-08-23,69397.42,Active
500877,108527,22,Savings,2019-01-15,744710.92,Active
500878,109835,25,Current,2021-10-25,74560.21,Active
500879,107180,6,Current,2020-10-16,16682.49,Active
500880,102378,27,Savings,2025-07-09,73951.56,Active
500881,107780,15,Salary,2022-04-16,359854.26,Active
500882,103034,28,Savings,2017-04-07,18158.87,Active
500883,104784,2,Salary,2025-03-14,128874.98,Dormant
500884,101719,7,Premium,2022-11-07,51316.43,Active
500885,107066,36,Salary,2025-05-27,138479.43,Active
500886,100511,23,Salary,2021-10-08,32971.4,Active
500887,106371,26,Savings,2023-07-11,102822.75,Active
500888,104129,6,Salary,2020-05-23,99216.71,Dormant
500889,107492,25,Salary,2023-09-29,90588.19,Active
500890,102291,18,Savings,2025-08-13,81591.73,Active
500891,106007,7,Savings,2021-05-18,82349.19,Active
500892,104794,3,Savings,2020-10-17,64661.78,Active
500893,102821,11,Savings,2017-10-16,99238.75,Dormant
500894,108964,35,Savings,2019-06-14,29137.53,Active
500895,106331,20,Salary,2024-12-24,57381.55,Dormant
500896,104026,7,Current,2017-07-10,65856.7,Active
500897,101656,13,Savings,2024-12-11,340774.65,Active
500898,106647,19,Savings,2025-09-12,65071.79,Active
500899,107788,3,Savings,2020-03-06,120701.18,Active
500900,109780,13,Savings,2017-04-18,152898.05,Active
500901,107817,5,Premium,2019-03-24,472131.91,Active
500902,104392,28,Salary,2024-04-06,68349.57,Active
500903,106682,25,Savings,2022-08-06,858214.73,Dormant
500904,103148,29,Savings,2024-02-09,61388.93,Active
500905,106706,9,Savings,2022-05-04,22403.9,Active
500906,100294,13,Salary,2023-07-23,95573.67,Active
500907,106411,24,Savings,2024-12-26,150019.05,Active
500908,102410,23,Savings,2022-11-04,29507.17,Active
500909,104417,19,Salary,2021-10-05,104508.42,Active
500910,105176,14,Savings,2023-09-03,69082.2,Active
500911,101229,17,Salary,2024-05-19,197489.96,Active
500912,102427,23,Current,2022-05-27,242457.33,Active
500913,105528,8,Current,2019-12-31,42948.98,Active
500914,109438,11,Premium,2017-02-12,490038.75,Active
500915,107079,39,Current,2025-04-29,125140.32,Active
500916,100886,15,Savings,2024-07-15,72042.55,Active
500917,104091,11,Savings,2022-01-25,67339.78,Dormant
500918,108388,5,Savings,2017-12-05,76742.07,Active
500919,107273,37,Current,2019-03-05,111896.73,Active
500920,106942,16,Savings,2021-11-20,60395.65,Active
500921,105267,34,Salary,2019-11-14,84589.75,Active
500922,105510,26,Salary,2018-07-19,32722.46,Active
500923,100449,38,Savings,2023-02-24,104847.23,Active
500924,106068,16,Savings,2023-07-23,75723.96,Active
500925,104964,15,Savings,2017-05-03,119962.22,Active
500926,100775,34,Savings,2017-11-27,410218.67,Active
500927,107819,11,Savings,2018-09-27,106633.69,Active
500928,103905,22,Savings,2019-08-16,77873.83,Active
500929,105588,28,Savings,2025-01-30,11877.49,Active
500930,106995,28,Salary,2021-05-05,103465.53,Active
500931,107137,33,Premium,2020-06-05,22799.63,Active
500932,103013,29,Savings,2023-11-20,55257.33,Active
500933,107486,11,Salary,2017-03-31,213168.92,Active
500934,108810,4,Salary,2020-01-26,19014.06,Active
500935,106655,11,Current,2019-09-03,62949.17,Active
500936,108317,32,Savings,2023-09-06,265352.51,Active
500937,101400,12,Current,2023-04-09,18854.75,Active
500938,100699,20,Savings,2019-05-20,102646.43,Active
500939,105935,35,Savings,2023-06-07,128783.84,Active
500940,109374,32,Salary,2022-07-01,45028.84,Active
500941,109487,17,Savings,2022-02-06,167417.97,Closed
500942,108751,38,Savings,2019-08-15,341377.3,Active
500943,102448,26,Savings,2018-08-24,102275.72,Active
500944,109446,6,Savings,2019-11-11,73137.92,Active
500945,102482,34,Savings,2020-12-21,214439.55,Active
500946,103395,5,Current,2025-03-19,27521.77,Dormant
500947,105382,7,Current,2024-02-15,49960.65,Active
500948,108423,20,Premium,2023-02-09,78131.97,Active
500949,106421,3,Savings,2017-11-01,76450.16,Active
500950,104312,18,Savings,2017-03-07,145577.11,Closed
500951,104296,21,Premium,2020-10-13,11932.26,Active
500952,100700,2,Salary,2023-08-12,48231.38,Active
500953,102123,25,Savings,2022-12-13,94382.85,Active
500954,109122,5,Salary,2023-08-11,31851.15,Active
500955,104585,12,Salary,2025-11-15,30489.51,Active
500956,108685,38,Savings,2017-09-12,56308.12,Active
500957,104172,19,Savings,2017-11-07,214772.19,Active
500958,101606,23,Savings,2019-01-29,15030.43,Active
500959,101681,12,Savings,2017-08-22,27287.34,Active
500960,105978,22,Savings,2021-05-20,54088.43,Active
500961,102044,4,Premium,2022-06-16,222061.13,Active
500962,105544,24,Savings,2024-04-17,54480.73,Active
500963,101167,20,Current,2022-07-02,33520.63,Active
500964,103163,19,Savings,2021-02-25,106678.39,Active
500965,102152,10,Savings,2022-08-05,34536.06,Active
500966,100016,20,Savings,2021-06-02,493657.22,Active
500967,106742,39,Salary,2018-03-16,109517.53,Active
500968,102790,40,Savings,2023-09-20,34177.02,Active
500969,108800,3,Savings,2025-06-15,24514.12,Active
500970,104425,15,Current,2023-08-31,216400.44,Active
500971,101017,27,Current,2020-12-29,60841.91,Dormant
500972,104492,5,Current,2024-02-01,43378.49,Active
500973,104561,21,Salary,2019-11-11,65309.41,Active
500974,101099,4,Savings,2017-12-23,13312.93,Active
500975,106290,26,Current,2025-01-27,22709.11,Active
500976,101184,8,Salary,2022-08-25,18543.84,Active
500977,107510,24,Salary,2019-11-17,63270.04,Active
500978,100536,33,Savings,2024-03-30,28429.26,Active
500979,106082,24,Savings,2017-08-11,84569.75,Active
500980,103556,19,Savings,2019-09-29,72006.96,Active
500981,109281,28,Savings,2024-11-03,50192.74,Active
500982,100153,12,Savings,2021-03-08,49489.22,Active
500983,101616,35,Savings,2020-09-12,256600.61,Active
500984,107023,10,Salary,2018-08-22,92346.89,Active
500985,100794,30,Salary,2020-01-21,29605.87,Active
500986,109235,23,Current,2019-10-15,123400.5,Active
500987,101477,34,Premium,2023-10-27,78157.71,Active
500988,109040,16,Savings,2022-03-26,22608.21,Active
500989,106378,17,Salary,2017-11-18,62682.74,Dormant
500990,101755,27,Current,2017-02-28,906447.18,Active
500991,105813,8,Salary,2025-01-17,112295.25,Active
500992,109718,9,Salary,2019-11-20,13141.06,Active
500993,105789,31,Current,2022-08-20,183272.86,Dormant
500994,108936,8,Savings,2025-06-26,317111.38,Active
500995,103695,4,Savings,2023-04-02,73875.79,Active
500996,100464,37,Salary,2025-12-01,84794.67,Active
500997,108796,30,Salary,2021-07-23,236648.03,Dormant
500998,109295,2,Savings,2017-07-31,460789.34,Active
500999,101159,11,Salary,2025-11-28,131848.32,Active
501000,107757,26,Savings,2017-08-24,817020.91,Active
501001,106269,37,Premium,2020-04-27,84527.45,Active
501002,102224,13,Savings,2021-06-18,39169.84,Active
501003,108870,20,Savings,2024-12-26,172808.74,Active
501004,100025,15,Savings,2022-12-09,741994.83,Active
501005,107147,19,Salary,2019-05-29,9747.11,Active
501006,107775,38,Savings,2019-04-16,111042.31,Active
501007,107585,30,Savings,2023-07-05,90238.83,Active
501008,101552,15,Savings,2022-11-28,9380.56,Active
501009,103495,29,Savings,2021-06-13,17920.83,Dormant
501010,105458,32,Savings,2021-02-24,51219.3,Active
501011,105527,8,Savings,2024-12-03,50303.23,Active
501012,102678,25,Savings,2021-09-27,86200.38,Active
501013,105535,26,Salary,2018-10-23,84747.9,Active
501014,107650,38,Savings,2019-12-01,43265.53,Dormant
501015,109024,31,Salary,2021-03-19,24195.65,Active
501016,101784,4,Salary,2018-11-02,44567.87,Active
501017,104632,28,Current,2020-12-03,169005.98,Active
501018,100310,19,Savings,2024-06-05,166045.84,Dormant
501019,104132,12,Savings,2019-06-04,47101.22,Active
501020,102375,2,Savings,2018-08-19,81339.75,Active
501021,106046,12,Savings,2023-10-21,28347.42,Active
501022,106366,37,Premium,2018-11-11,90352.9,Dormant
501023,106757,33,Current,2020-01-13,45455.35,Active
501024,102700,17,Savings,2022-05-05,466783.52,Active
501025,107904,18,Current,2019-01-21,75458.99,Active
501026,104334,28,Current,2023-09-20,39304.25,Active
501027,106212,28,Savings,2024-07-03,14768.56,Active
501028,109026,3,Premium,2023-06-10,7495.0,Active
501029,104547,35,Salary,2019-07-31,517535.2,Active
501030,101594,32,Salary,2021-06-09,278827.8,Active
501031,105872,14,Salary,2018-11-16,345029.93,Dormant
501032,107160,38,Savings,2019-05-01,126604.77,Active
501033,103345,19,Savings,2021-12-10,768341.22,Active
501034,100788,19,Savings,2022-08-09,98369.78,Active
501035,108090,18,Premium,2020-09-06,178320.41,Active
501036,100416,18,Savings,2017-07-21,201909.96,Closed
501037,100213,37,Savings,2018-11-27,29982.43,Active
501038,105087,20,Current,2020-07-24,45442.28,Active
501039,107894,17,Savings,2019-06-29,178497.07,Active
501040,106513,6,Savings,2017-07-17,439281.35,Active
501041,109130,18,Salary,2017-02-26,141858.96,Dormant
501042,104821,24,Savings,2022-02-11,11370.78,Active
501043,100954,11,Savings,2021-03-18,58329.87,Active
501044,106138,7,Current,2019-01-24,17712.23,Active
501045,104776,35,Savings,2020-05-08,136576.54,Active
501046,107298,27,Premium,2018-01-31,72758.5,Active
501047,100205,30,Salary,2021-12-18,57806.21,Dormant
501048,106858,9,Savings,2025-06-02,74368.06,Active
501049,108591,33,Current,2020-09-06,96249.03,Active
501050,107756,24,Current,2017-01-07,78262.74,Active
501051,101784,28,Premium,2022-12-08,53672.72,Dormant
501052,108560,35,Savings,2021-09-21,100604.52,Active
501053,105597,10,Savings,2024-05-17,69524.34,Active
501054,102153,25,Savings,2018-08-26,81020.11,Active
501055,102436,15,Current,2020-11-10,51398.77,Active
501056,108284,22,Salary,2019-06-25,143214.03,Active
501057,104941,20,Current,2025-07-05,90129.43,Active
501058,105538,35,Savings,2024-07-14,367467.95,Active
501059,100558,5,Salary,2023-05-13,25787.16,Dormant
501060,101018,33,Current,2022-07-25,46491.97,Active
501061,105335,9,Savings,2017-06-01,106602.22,Active
501062,107493,8,Savings,2018-09-14,246072.39,Active
501063,100036,13,Salary,2018-01-19,459250.37,Active
501064,109032,26,Salary,2021-06-01,56899.69,Active
501065,104333,10,Savings,2021-09-12,173784.84,Dormant
501066,101179,27,Current,2023-03-11,36539.03,Active
501067,101312,10,Salary,2023-05-01,42742.59,Active
501068,101777,36,Savings,2020-04-24,16224.94,Active
501069,106634,36,Savings,2020-10-31,297965.06,Active
501070,106278,37,Salary,2017-03-20,134157.77,Active
501071,105376,12,Salary,2019-04-16,43012.01,Active
501072,109559,3,Savings,2019-02-28,165638.61,Active
501073,105449,11,Savings,2017-12-13,425169.6,Active
501074,108441,11,Salary,2019-01-27,109098.6,Active
501075,100344,23,Savings,2019-12-08,9884.16,Active
501076,108696,29,Salary,2024-02-26,64053.24,Active
501077,101834,11,Savings,2017-10-22,180491.51,Active
501078,102230,5,Savings,2022-05-20,99567.77,Active
501079,104542,24,Salary,2025-08-17,81966.45,Active
501080,105092,35,Savings,2019-07-25,46291.57,Active
501081,104418,10,Current,2018-04-25,44431.41,Active
501082,102892,33,Current,2025-07-21,28510.24,Closed
501083,103673,30,Premium,2019-12-10,598068.87,Active
501084,103853,19,Savings,2018-05-17,63669.15,Active
501085,100161,16,Savings,2025-01-21,269923.5,Dormant
501086,100264,22,Salary,2024-06-07,86564.05,Active
501087,104157,5,Current,2022-10-25,175568.58,Active
501088,102837,16,Salary,2017-08-20,343302.72,Active
501089,109315,34,Salary,2019-05-17,91344.0,Active
501090,102753,17,Salary,2019-01-09,50634.8,Active
501091,103522,23,Savings,2019-02-14,76439.64,Active
501092,104531,16,Savings,2024-05-03,22960.32,Active
501093,109888,15,Savings,2023-10-06,202657.83,Dormant
501094,100024,40,Salary,2024-03-05,128938.44,Active
501095,106446,13,Current,2020-08-22,30112.72,Active
501096,108737,26,Savings,2021-11-01,250228.7,Active
501097,107528,2,Premium,2025-07-13,39380.32,Active
501098,103494,19,Savings,2017-08-11,21435.48,Active
501099,107688,12,Current,2021-02-08,19246.05,Active
501100,106530,33,Premium,2018-01-27,58225.95,Active
501101,101790,27,Savings,2018-04-30,45488.7,Active
501102,106286,20,Salary,2023-12-30,7405.42,Active
501103,101328,11,Savings,2021-08-07,20502.24,Active
501104,100587,17,Salary,2017-01-09,19299.44,Active
501105,109103,30,Savings,2017-09-09,101465.06,Active
501106,100766,40,Savings,2019-10-15,44571.36,Active
501107,109501,39,Savings,2018-06-14,665896.15,Active
501108,105306,10,Salary,2025-12-12,187558.29,Active
501109,102095,20,Current,2024-04-05,65400.93,Dormant
501110,101564,36,Salary,2017-10-07,200454.52,Active
501111,102369,39,Current,2024-09-02,244394.79,Active
501112,107215,20,Current,2018-03-15,507621.46,Active
501113,104270,38,Savings,2023-10-09,64365.61,Active
501114,105750,25,Current,2024-11-24,383329.79,Active
501115,102348,20,Current,2025-02-24,153669.4,Active
501116,102649,20,Savings,2021-04-28,53080.22,Active
501117,103520,16,Savings,2019-12-15,48986.82,Active
501118,103628,5,Savings,2018-10-19,43707.01,Active
501119,100005,21,Savings,2020-05-13,334673.56,Active
501120,103374,4,Current,2022-01-20,84944.27,Active
501121,102786,28,Current,2024-03-13,14843.71,Active
501122,108267,4,Savings,2021-01-23,37791.49,Dormant
501123,101874,26,Savings,2020-09-13,208728.6,Active
501124,101005,40,Current,2022-02-11,86017.91,Dormant
501125,101185,19,Savings,2023-12-04,216553.34,Active
501126,106093,15,Savings,2021-03-03,27762.1,Active
501127,109750,29,Savings,2024-05-01,10616.86,Active
501128,104980,11,Current,2023-02-11,284199.95,Active
501129,101659,22,Salary,2021-05-27,114205.63,Active
501130,106276,4,Current,2022-03-18,120374.58,Active
501131,100133,36,Savings,2021-03-18,187320.36,Active
501132,109955,21,Savings,2018-01-16,58132.75,Active
501133,106213,19,Savings,2022-05-14,55722.2,Active
501134,101320,36,Salary,2022-09-14,48150.0,Active
501135,106294,40,Current,2017-06-14,22980.37,Active
501136,101816,15,Salary,2019-10-15,154653.0,Active
501137,104258,12,Premium,2021-01-23,82652.08,Active
501138,103351,29,Salary,2018-06-10,96655.52,Active
501139,108467,26,Salary,2020-07-16,31153.59,Active
501140,102857,8,Salary,2025-10-13,67689.34,Active
501141,105634,33,Savings,2017-06-07,60637.49,Active
501142,109461,29,Savings,2019-10-05,16592.89,Active
501143,102420,19,Premium,2017-12-05,9943.86,Active
501144,101190,1,Current,2017-01-13,49905.28,Active
501145,102398,34,Savings,2023-06-24,250477.27,Active
501146,106540,18,Savings,2017-06-19,140855.22,Active
501147,109434,39,Savings,2023-03-04,67282.69,Active
501148,107811,11,Salary,2019-04-17,156115.87,Active
501149,105505,26,Savings,2017-12-08,170692.47,Active
501150,104085,24,Salary,2017-07-17,588772.2,Active
501151,109503,5,Savings,2021-09-19,105974.35,Active
501152,100185,10,Current,2019-01-01,14489.42,Active
501153,106275,22,Salary,2025-06-24,28357.23,Active
501154,109983,25,Current,2023-06-22,244406.76,Dormant
501155,107905,9,Savings,2018-10-19,302599.06,Closed
501156,108140,10,Savings,2022-01-06,17345.04,Active
501157,106574,1,Savings,2019-01-22,47996.04,Active
501158,108584,21,Savings,2021-02-17,70824.9,Closed
501159,107169,10,Savings,2024-12-09,179539.96,Active
501160,103620,29,Savings,2025-03-21,229219.95,Active
501161,109618,10,Premium,2023-03-28,146202.78,Active
501162,101364,29,Premium,2020-05-13,122571.58,Active
501163,109451,16,Current,2022-09-26,181960.5,Active
501164,104076,6,Savings,2022-07-06,34451.76,Active
501165,101578,23,Salary,2024-10-06,55393.0,Active
501166,107102,39,Savings,2021-10-03,39230.56,Active
501167,106041,2,Savings,2024-08-16,119075.63,Active
501168,107997,23,Savings,2020-06-08,47443.69,Active
501169,103494,11,Premium,2021-07-02,73166.87,Active
501170,103117,8,Salary,2022-03-13,43209.06,Active
501171,109452,14,Current,2022-08-05,57396.41,Active
501172,105137,27,Current,2018-03-12,232915.09,Active
501173,103963,33,Savings,2025-08-14,81627.68,Active
501174,108516,14,Current,2022-05-15,168428.99,Active
501175,107269,27,Savings,2023-05-03,8499.54,Active
501176,109469,34,Salary,2019-08-28,68816.98,Active
501177,105620,36,Current,2020-08-01,111456.8,Active
501178,106841,29,Savings,2021-02-08,117442.88,Active
501179,101986,39,Current,2020-12-10,382511.55,Dormant
501180,107671,27,Savings,2022-12-04,221575.53,Active
501181,109468,13,Salary,2021-04-02,26611.62,Active
501182,108043,13,Savings,2021-10-23,440507.71,Active
501183,103950,33,Savings,2017-12-24,49836.63,Active
501184,103153,24,Savings,2017-07-30,79825.44,Active
501185,108121,37,Current,2025-12-07,9293.16,Active
501186,105726,21,Salary,2024-06-19,67810.86,Active
501187,106330,16,Salary,2019-01-30,159566.46,Dormant
501188,105421,37,Savings,2020-12-17,53888.83,Active
501189,108639,31,Current,2025-01-13,39228.58,Active
501190,109721,37,Current,2024-06-26,27513.07,Active
501191,106481,19,Salary,2020-01-17,42007.77,Closed
501192,108001,23,Savings,2022-05-14,62819.73,Active
501193,100691,34,Salary,2024-11-04,87999.34,Closed
501194,107929,34,Savings,2025-01-26,119425.52,Active
501195,103378,3,Current,2019-08-12,289792.79,Active
501196,103612,2,Salary,2017-02-04,57181.15,Active
501197,101475,37,Premium,2018-04-22,9641.54,Active
501198,103430,4,Savings,2020-09-20,14225.38,Active
501199,101742,15,Savings,2024-01-07,71480.67,Active
501200,108767,32,Current,2025-02-25,80991.6,Active
501201,104799,4,Savings,2022-10-16,85164.82,Dormant
501202,101633,9,Savings,2018-07-18,163305.75,Active
501203,104450,2,Salary,2018-05-08,56156.75,Active
501204,105632,11,Premium,2020-12-06,32195.3,Active
501205,101602,31,Savings,2019-05-19,25057.84,Active
501206,100389,21,Premium,2019-10-31,158085.29,Active
501207,101781,20,Savings,2020-10-23,270377.3,Active
501208,109344,23,Savings,2019-11-15,129900.54,Active
501209,100821,6,Current,2019-01-23,48373.67,Active
501210,104843,33,Current,2025-03-28,9587.73,Active
501211,102973,7,Premium,2018-08-15,135498.77,Active
501212,100891,20,Salary,2020-03-13,86955.46,Active
501213,109583,21,Savings,2022-10-05,61042.19,Active
501214,101808,25,Savings,2017-06-09,31996.16,Active
501215,104680,31,Savings,2017-01-05,66279.12,Active
501216,109882,23,Premium,2024-01-16,21914.29,Active
501217,103299,35,Savings,2022-12-16,17129.14,Active
501218,104702,23,Savings,2026-01-06,12219.22,Active
501219,108146,24,Premium,2018-03-10,222181.46,Active
501220,109676,9,Salary,2023-03-13,39806.8,Active
501221,109142,2,Premium,2018-03-07,176331.52,Active
501222,104462,17,Current,2019-11-14,16255.93,Active
501223,106452,5,Premium,2023-02-27,127029.52,Active
501224,105919,38,Savings,2017-03-31,24809.4,Active
501225,103749,14,Current,2022-05-18,434595.7,Active
501226,103305,8,Savings,2017-06-04,43239.0,Active
501227,102797,23,Savings,2018-11-20,62795.63,Active
501228,105547,3,Savings,2020-09-20,527229.2,Active
501229,106430,17,Savings,2019-11-18,125553.17,Active
501230,106031,2,Savings,2020-12-16,16784.13,Active
501231,107031,22,Salary,2019-11-24,32698.63,Active
501232,107979,16,Current,2022-06-08,10780.6,Active
501233,109780,10,Savings,2020-10-19,65301.3,Active
501234,104284,30,Savings,2023-10-15,283692.5,Dormant
501235,104505,16,Savings,2019-07-15,201004.18,Active
501236,105933,6,Salary,2021-08-01,21565.05,Active
501237,106178,4,Salary,2024-10-21,72884.93,Active
501238,100381,12,Savings,2021-02-26,71465.45,Active
501239,100435,27,Current,2017-01-25,180946.33,Active
501240,107368,22,Premium,2025-04-04,67286.44,Closed
501241,101207,32,Salary,2018-04-09,109117.43,Active
501242,107505,33,Premium,2020-06-11,119748.99,Active
501243,100267,17,Savings,2021-02-28,355350.3,Active
501244,100152,33,Premium,2020-08-01,7295.06,Active
501245,102598,11,Salary,2025-05-17,63751.34,Closed
501246,103077,2,Salary,2025-06-16,222098.48,Active
501247,106736,28,Savings,2021-01-19,129078.09,Active
501248,101964,23,Current,2025-10-01,72125.22,Active
501249,105343,21,Savings,2025-04-27,869351.72,Dormant
501250,100265,37,Current,2018-04-14,189693.39,Active
501251,108868,20,Current,2018-12-22,25614.14,Active
501252,107439,20,Savings,2025-12-10,134661.69,Active
501253,100720,13,Current,2017-06-26,90658.95,Active
501254,103170,35,Savings,2022-03-08,29991.19,Active
501255,107568,9,Current,2025-12-31,305363.78,Active
501256,103937,28,Salary,2022-03-20,101098.9,Active
501257,107949,5,Savings,2019-03-09,68741.6,Active
501258,106722,21,Savings,2021-08-16,239616.88,Active
501259,105373,16,Current,2021-09-05,45282.09,Active
501260,106433,23,Current,2023-04-26,17088.48,Active
501261,109706,39,Savings,2020-12-01,116628.4,Active
501262,100813,15,Savings,2024-03-14,176296.77,Active
501263,104850,5,Savings,2023-01-17,57689.72,Active
501264,103434,38,Savings,2021-06-14,106406.23,Active
501265,104653,19,Salary,2020-07-19,36347.2,Active
501266,106717,25,Salary,2017-10-18,18306.96,Active
501267,103453,40,Premium,2025-12-16,181389.25,Active
501268,105314,13,Savings,2020-02-20,39386.41,Active
501269,101171,29,Salary,2025-08-31,205661.74,Active
501270,102671,38,Salary,2022-04-15,647652.42,Active
501271,100394,17,Current,2023-09-23,217284.07,Active
501272,109312,21,Savings,2024-04-23,950643.61,Active
501273,103967,8,Savings,2017-07-16,29280.27,Active
501274,109604,19,Savings,2022-07-27,136979.02,Active
501275,104744,39,Current,2020-02-18,268618.6,Active
501276,104629,28,Savings,2020-11-29,11208.08,Active
501277,109486,25,Premium,2019-10-11,105549.87,Dormant
501278,107344,36,Salary,2019-11-13,126416.71,Active
501279,101586,8,Savings,2021-04-10,185395.03,Active
501280,102242,35,Savings,2020-09-01,44553.54,Active
501281,107924,23,Savings,2022-02-16,242173.86,Active
501282,104329,30,Salary,2025-02-25,24218.32,Active
501283,108385,16,Premium,2025-11-06,66110.09,Closed
501284,104967,40,Salary,2023-06-06,23220.75,Active
501285,108076,20,Savings,2018-02-09,107913.95,Active
501286,100823,16,Savings,2018-11-16,23137.84,Active
501287,100684,21,Current,2017-03-05,11399.2,Active
501288,109521,11,Savings,2022-10-02,16558.94,Active
501289,100867,10,Current,2022-07-16,105319.85,Active
501290,102745,9,Current,2020-07-22,55450.7,Active
501291,102761,4,Salary,2023-10-17,85952.44,Active
501292,106987,12,Savings,2019-11-16,157518.68,Active
501293,103660,30,Savings,2017-09-03,133901.05,Active
501294,105031,29,Savings,2023-04-27,31353.88,Active
501295,106560,14,Savings,2019-02-09,142811.43,Active
501296,108227,33,Savings,2021-11-17,76802.27,Active
501297,100038,22,Current,2024-09-19,147209.93,Active
501298,106483,12,Current,2022-12-23,125594.31,Active
501299,105795,2,Savings,2022-09-13,315776.44,Active
501300,100671,15,Savings,2025-11-20,430462.89,Active
501301,107848,30,Savings,2020-06-02,18808.89,Active
501302,102144,34,Salary,2022-04-06,34868.0,Active
501303,101162,21,Salary,2019-10-14,281896.87,Active
501304,107515,3,Savings,2018-03-22,21517.89,Active
501305,108845,30,Savings,2025-09-28,430182.0,Active
501306,100500,21,Premium,2021-07-18,52920.4,Active
501307,109564,8,Savings,2020-10-31,68015.72,Active
501308,104012,4,Premium,2019-01-26,52780.64,Active
501309,102500,23,Savings,2021-08-03,91398.53,Active
501310,108971,20,Premium,2019-07-16,34109.16,Dormant
501311,107848,32,Savings,2024-11-27,172533.82,Active
501312,105169,38,Current,2025-03-21,60641.68,Active
501313,100968,23,Salary,2017-03-23,210219.34,Active
501314,101122,26,Current,2023-07-01,29108.05,Active
501315,101266,19,Savings,2018-05-14,25745.02,Active
501316,107042,17,Premium,2020-08-09,161949.04,Active
501317,104299,4,Salary,2021-01-20,235361.82,Active
501318,102544,11,Savings,2019-07-17,50302.99,Active
501319,102210,15,Savings,2019-10-26,10724.2,Active
501320,104856,29,Salary,2022-04-14,139952.84,Active
501321,102758,28,Current,2024-12-26,167358.87,Active
501322,104703,25,Salary,2024-11-02,57253.11,Active
501323,100787,30,Premium,2025-07-09,36678.21,Active
501324,100150,39,Savings,2023-10-22,92841.98,Active
501325,105227,25,Current,2017-12-12,57976.76,Active
501326,109581,35,Premium,2024-08-02,41019.54,Active
501327,100273,39,Salary,2018-10-09,15430.14,Active
501328,102397,36,Current,2022-12-26,112800.41,Active
501329,104228,29,Savings,2017-04-17,204853.95,Active
501330,107496,36,Current,2022-06-16,617288.0,Active
501331,101123,32,Premium,2020-10-27,764245.52,Active
501332,105396,38,Savings,2022-08-01,61959.44,Active
501333,101935,6,Savings,2023-09-28,27483.71,Active
501334,106919,21,Savings,2021-04-03,36516.77,Active
501335,105009,16,Savings,2022-02-11,230915.17,Active
501336,108212,2,Current,2023-06-24,54947.26,Active
501337,108588,28,Premium,2022-10-12,33727.77,Closed
501338,102472,1,Current,2025-07-12,286759.74,Active
501339,107451,15,Savings,2018-06-29,127158.42,Active
501340,106228,20,Savings,2017-05-27,184474.8,Active
501341,109223,3,Savings,2020-02-11,73079.27,Closed
501342,109712,27,Savings,2022-05-21,45416.21,Active
501343,108351,27,Savings,2021-04-06,181815.64,Active
501344,109650,3,Current,2022-04-10,101759.11,Dormant
501345,102335,28,Savings,2019-03-13,46518.84,Active
501346,108214,34,Savings,2023-07-30,294969.98,Active
501347,101678,9,Savings,2018-10-20,29346.4,Active
501348,102930,17,Savings,2023-10-24,239025.03,Active
501349,102922,15,Savings,2024-03-14,120261.52,Closed
501350,102289,23,Savings,2022-09-14,43894.45,Active
501351,107939,26,Savings,2018-05-15,143969.92,Active
501352,109670,21,Current,2024-10-07,84259.97,Active
501353,105283,5,Savings,2025-04-27,122130.73,Active
501354,109320,39,Savings,2019-11-25,119233.12,Active
501355,104224,32,Premium,2020-04-30,77292.57,Closed
501356,106900,24,Savings,2024-12-19,123617.81,Active
501357,109720,7,Salary,2018-06-15,95609.82,Active
501358,100494,20,Premium,2019-10-28,201634.53,Active
501359,105860,19,Current,2021-09-08,24301.69,Active
501360,108716,36,Savings,2019-09-30,23081.26,Dormant
501361,104168,36,Current,2019-06-08,102065.07,Active
501362,103581,7,Premium,2019-04-10,68015.49,Active
501363,102892,12,Savings,2022-09-02,109173.4,Active
501364,102181,26,Savings,2023-07-26,35018.83,Dormant
501365,106735,31,Savings,2024-03-03,240518.9,Dormant
501366,107663,10,Savings,2020-06-20,70895.69,Active
501367,104226,1,Savings,2025-03-30,13087.51,Active
501368,108062,37,Savings,2022-08-04,108497.95,Active
501369,109019,39,Savings,2017-03-08,41090.54,Closed
501370,103609,28,Current,2024-01-30,100955.57,Active
501371,106452,13,Salary,2019-07-12,69649.31,Active
501372,100905,7,Current,2025-04-19,231629.68,Active
501373,101918,24,Savings,2020-10-09,71730.99,Active
501374,101802,20,Savings,2024-01-17,83298.58,Active
501375,103992,5,Savings,2018-05-29,86792.92,Active
501376,104950,5,Savings,2024-07-19,125458.09,Active
501377,105799,3,Salary,2021-03-11,275498.75,Active
501378,105503,6,Savings,2023-03-08,207122.34,Active
501379,101050,3,Savings,2022-01-08,20343.29,Active
501380,107835,35,Savings,2020-06-12,312821.91,Active
501381,108587,27,Salary,2024-10-02,24548.68,Active
501382,102860,18,Current,2022-11-16,413747.48,Active
501383,104058,13,Current,2019-02-22,76182.13,Active
501384,106100,1,Salary,2024-12-31,8594.28,Active
501385,105306,28,Savings,2019-12-24,126089.84,Active
501386,107209,1,Premium,2022-10-25,257198.27,Active
501387,103994,22,Savings,2018-08-20,246355.38,Active
501388,108254,12,Salary,2022-08-03,101829.78,Active
501389,105456,19,Salary,2025-07-13,80813.66,Active
501390,103199,15,Savings,2017-03-13,80942.26,Active
501391,105041,6,Savings,2022-12-22,63601.13,Dormant
501392,108517,17,Salary,2020-09-11,35044.84,Active
501393,100796,33,Savings,2023-05-04,240277.53,Active
501394,104896,6,Current,2018-01-31,69751.71,Active
501395,105440,25,Savings,2019-12-01,69372.53,Active
501396,109275,7,Current,2023-08-12,44378.59,Active
501397,106618,11,Salary,2017-08-13,22551.67,Active
501398,100624,18,Savings,2024-12-10,34106.41,Active
501399,100211,32,Current,2020-05-06,13960.44,Active
501400,105083,21,Savings,2019-11-14,84144.46,Dormant
501401,102156,31,Current,2023-04-13,61365.66,Active
501402,103719,32,Salary,2019-08-14,71594.32,Active
501403,104363,9,Salary,2024-03-08,213957.98,Active
501404,100449,31,Savings,2023-05-08,48995.12,Dormant
501405,107768,10,Current,2017-08-12,162446.77,Active
501406,100308,30,Savings,2020-01-08,268554.96,Active
501407,106350,6,Premium,2025-08-04,38286.16,Active
501408,102076,28,Salary,2019-10-22,158062.85,Active
501409,108158,9,Savings,2018-09-26,121886.54,Active
501410,109036,20,Savings,2023-09-16,32346.65,Active
501411,102557,15,Savings,2023-04-19,80125.02,Active
501412,106630,15,Savings,2021-08-09,73966.1,Active
501413,105779,28,Salary,2024-04-14,128918.13,Active
501414,103016,30,Current,2023-12-24,104613.65,Active
501415,109495,7,Savings,2018-01-31,48533.52,Active
501416,101649,27,Savings,2021-04-11,66375.31,Active
501417,101081,31,Salary,2018-09-25,106458.85,Active
501418,109253,18,Salary,2025-01-05,163606.23,Active
501419,104927,36,Savings,2023-07-09,125507.83,Active
501420,108438,11,Savings,2023-02-22,103578.33,Active
501421,102477,3,Premium,2018-07-03,156089.21,Dormant
501422,107550,17,Salary,2020-12-19,54567.93,Active
501423,106783,40,Salary,2019-01-27,69634.66,Active
501424,109198,17,Savings,2025-03-25,8896.23,Active
501425,102991,39,Savings,2023-12-10,83559.75,Active
501426,108387,26,Savings,2022-02-23,71756.06,Active
501427,101478,15,Savings,2023-01-20,124161.77,Active
501428,106683,24,Savings,2020-12-15,43150.16,Active
501429,108507,15,Current,2025-05-07,39408.7,Active
501430,102786,17,Savings,2022-03-26,91798.36,Active
501431,101744,40,Premium,2022-05-16,119929.89,Active
501432,100490,34,Premium,2017-09-29,86318.69,Active
501433,104130,8,Savings,2019-11-10,487091.74,Dormant
501434,106398,6,Salary,2021-03-05,132983.19,Active
501435,102070,16,Savings,2018-12-30,43029.28,Active
501436,105329,8,Current,2020-09-04,445235.56,Active
501437,104881,26,Salary,2022-12-26,116330.39,Active
501438,102821,2,Salary,2025-11-14,58514.34,Active
501439,105247,20,Savings,2019-01-30,120228.59,Active
501440,108878,13,Current,2021-07-26,55353.37,Active
501441,103153,24,Premium,2021-11-22,67038.71,Closed
501442,106561,37,Salary,2019-10-01,42072.31,Active
501443,104472,6,Savings,2017-01-29,43134.11,Active
501444,103869,34,Savings,2023-11-23,132435.62,Active
501445,102577,3,Salary,2019-05-04,59913.05,Active
501446,105287,12,Current,2019-06-10,52742.06,Active
501447,108067,15,Premium,2023-04-14,112728.03,Active
501448,104568,6,Savings,2023-03-28,80715.73,Active
501449,101163,10,Premium,2023-12-13,49576.95,Active
501450,109936,30,Savings,2017-01-23,99306.97,Active
501451,101158,9,Savings,2025-11-08,159530.97,Active
501452,102486,32,Savings,2019-05-19,34843.92,Active
501453,101349,38,Savings,2021-11-19,59141.2,Active
501454,107226,37,Current,2019-10-01,20564.21,Active
501455,102654,20,Salary,2024-05-17,27170.47,Active
501456,102350,39,Salary,2022-08-14,234489.13,Active
501457,109337,1,Savings,2026-01-05,221515.64,Active
501458,108293,15,Savings,2023-07-16,53202.72,Closed
501459,101483,17,Savings,2020-12-16,64755.93,Active
501460,100423,22,Savings,2024-07-06,44832.27,Active
501461,102720,5,Salary,2017-12-04,179018.5,Active
501462,103476,14,Current,2018-05-22,29418.11,Active
501463,100755,9,Savings,2020-01-13,11402.21,Closed
501464,102941,27,Savings,2022-05-30,31068.0,Active
501465,107961,8,Current,2018-04-11,34877.18,Active
501466,108063,7,Savings,2018-02-13,18569.92,Active
501467,105563,33,Savings,2022-09-19,258493.37,Active
501468,107733,1,Salary,2023-11-08,365676.33,Active
501469,107536,20,Savings,2020-01-15,34352.99,Active
501470,108271,19,Savings,2019-07-06,85682.83,Active
501471,103530,40,Savings,2022-08-02,59589.07,Active
501472,101426,13,Savings,2020-05-26,465696.12,Active
501473,107762,8,Savings,2022-01-26,61950.77,Active
501474,105034,6,Salary,2021-07-23,60851.21,Active
501475,108621,36,Current,2017-09-04,196707.89,Dormant
501476,104774,33,Current,2019-09-07,166279.47,Active
501477,105055,3,Savings,2021-04-11,38659.48,Dormant
501478,101684,9,Savings,2025-11-16,400282.1,Active
501479,101575,21,Savings,2023-12-06,195576.75,Active
501480,105787,19,Salary,2024-04-02,30465.39,Active
501481,107921,14,Savings,2020-02-14,80642.39,Closed
501482,108606,36,Salary,2017-07-31,37846.55,Active
501483,106059,10,Current,2020-12-09,63911.69,Active
501484,101437,16,Premium,2019-04-23,41935.2,Active
501485,109425,25,Premium,2019-05-20,193235.39,Active
501486,106329,23,Savings,2021-07-05,382141.89,Active
501487,108289,19,Savings,2018-04-07,11286.2,Active
501488,105934,11,Savings,2023-08-18,10024.44,Active
501489,106360,1,Premium,2023-01-08,23185.11,Active
501490,108303,14,Savings,2024-08-10,157193.42,Active
501491,108529,14,Salary,2022-11-13,798963.05,Active
501492,101912,33,Salary,2021-01-05,71576.8,Active
501493,103822,20,Savings,2025-08-07,287869.61,Active
501494,105599,29,Savings,2024-11-09,527769.11,Active
501495,109776,26,Savings,2018-12-23,145661.87,Active
501496,109951,13,Salary,2022-10-11,12600.85,Active
501497,104548,15,Savings,2023-01-15,72342.89,Active
501498,102659,5,Savings,2025-12-27,77805.5,Dormant
501499,103162,24,Salary,2017-06-29,205754.21,Active
501500,108538,19,Savings,2019-08-05,92392.79,Active
501501,102064,34,Savings,2022-01-23,412817.66,Active
501502,104850,22,Savings,2025-10-30,267848.43,Active
501503,100130,29,Savings,2017-08-02,24222.15,Active
501504,100422,29,Salary,2020-06-09,210265.55,Active
501505,106768,30,Savings,2019-10-05,77324.93,Active
501506,101994,32,Savings,2021-09-16,206160.27,Dormant
501507,105234,6,Savings,2020-06-21,119537.12,Active
501508,102572,17,Savings,2019-01-17,49195.01,Active
501509,100019,5,Current,2020-06-21,814091.07,Active
501510,108514,25,Premium,2018-11-14,179267.42,Active
501511,105509,34,Savings,2019-07-09,37756.05,Active
501512,107478,26,Salary,2019-11-05,119586.83,Active
501513,102109,37,Savings,2019-11-09,522472.74,Active
501514,107518,25,Current,2020-03-26,7489.05,Active
501515,109342,20,Savings,2023-12-06,72049.27,Dormant
501516,101498,5,Salary,2025-04-05,81395.53,Active
501517,106759,3,Premium,2023-11-07,371889.13,Active
501518,104586,36,Savings,2022-11-15,52911.85,Active
501519,101592,39,Current,2019-04-01,27741.52,Active
501520,106567,11,Salary,2023-04-26,79230.14,Active
501521,102545,13,Premium,2019-08-11,37752.1,Active
501522,109830,18,Savings,2022-09-03,42768.9,Active
501523,106543,27,Savings,2018-10-08,104450.05,Active
501524,102840,23,Savings,2017-05-01,104396.76,Active
501525,107224,2,Savings,2020-12-21,112139.81,Active
501526,101990,6,Salary,2024-06-26,398400.33,Active
501527,107786,6,Savings,2021-01-03,26568.35,Active
501528,107641,36,Current,2020-12-12,262253.11,Active
501529,108094,34,Savings,2021-06-17,35704.71,Active
501530,102661,1,Savings,2024-10-12,34437.07,Active
501531,103142,17,Current,2020-07-13,57537.65,Active
501532,100831,1,Premium,2017-05-30,53824.99,Active
501533,100396,1,Current,2024-06-20,394329.93,Dormant
501534,106152,39,Savings,2025-08-30,19989.08,Active
501535,105854,11,Savings,2018-11-22,25215.19,Active
501536,105748,33,Savings,2024-01-16,12695.1,Dormant
501537,107657,14,Salary,2021-06-26,224871.4,Active
501538,104577,13,Savings,2020-03-19,32369.31,Closed
501539,100927,32,Premium,2024-11-20,47276.92,Active
501540,103251,12,Current,2019-09-27,136250.66,Active
501541,107322,30,Savings,2022-06-27,78146.37,Active
501542,102848,36,Current,2025-02-19,47269.67,Dormant
501543,100189,39,Salary,2022-08-13,366098.72,Active
501544,108686,23,Salary,2019-06-30,157738.74,Dormant
501545,109473,6,Salary,2024-01-31,188348.18,Active
501546,106661,2,Savings,2023-06-05,40703.62,Active
501547,105664,23,Current,2021-08-08,113998.7,Active
501548,106748,1,Savings,2017-01-16,199856.67,Active
501549,100130,8,Salary,2022-07-10,170104.51,Active
501550,100155,9,Current,2024-07-01,94245.93,Active
501551,108078,28,Current,2020-06-29,67880.79,Active
501552,103795,4,Salary,2022-05-25,574039.58,Active
501553,100531,21,Salary,2022-08-22,112187.15,Active
501554,108346,24,Current,2024-04-08,87346.09,Dormant
501555,100190,16,Salary,2019-03-25,20043.92,Closed
501556,108853,13,Salary,2025-04-20,40936.0,Active
501557,102762,37,Savings,2023-05-07,241774.82,Closed
501558,108292,27,Current,2017-06-25,44068.56,Active
501559,100555,36,Salary,2018-02-22,668572.2,Active
501560,106498,1,Current,2023-05-17,37415.24,Closed
501561,101425,8,Savings,2023-09-26,21737.78,Active
501562,100897,26,Current,2019-01-14,89613.83,Active
501563,100906,20,Savings,2021-11-12,32392.09,Active
501564,100655,10,Salary,2017-10-25,285899.91,Active
501565,105857,21,Savings,2021-08-18,75966.82,Active
501566,104137,12,Savings,2020-12-24,254714.48,Dormant
501567,108355,39,Savings,2019-12-30,172866.3,Active
501568,102417,11,Savings,2023-09-29,29401.82,Active
501569,103320,8,Current,2025-06-17,198759.5,Active
501570,103487,2,Premium,2023-05-21,141526.97,Active
501571,107597,37,Current,2022-05-25,364180.97,Active
501572,101606,31,Savings,2020-05-22,303548.01,Active
501573,101857,19,Salary,2025-05-06,31196.23,Active
501574,109774,21,Savings,2018-06-29,95939.4,Active
501575,109340,37,Savings,2017-08-28,18009.11,Active
501576,108930,16,Savings,2024-06-15,35317.41,Active
501577,109596,19,Current,2025-08-18,37581.37,Active
501578,107671,17,Current,2025-08-22,76841.3,Active
501579,101788,39,Savings,2019-03-01,51443.05,Active
501580,107785,28,Salary,2022-02-18,35225.62,Active
501581,102204,11,Savings,2025-08-12,127090.34,Active
501582,100185,16,Savings,2021-03-14,405722.15,Active
501583,105876,17,Savings,2025-09-03,54612.3,Active
501584,107451,40,Current,2025-01-24,88560.14,Active
501585,103121,25,Savings,2023-10-20,141512.01,Dormant
501586,101464,34,Savings,2024-02-02,34573.94,Active
501587,105094,19,Savings,2025-07-10,172479.48,Active
501588,107217,11,Savings,2017-03-11,69945.22,Active
501589,102710,39,Premium,2025-12-25,91484.34,Active
501590,101940,4,Current,2021-04-28,278615.4,Active
501591,106683,30,Savings,2023-07-04,172268.02,Active
501592,104506,37,Salary,2024-12-31,127899.87,Active
501593,100035,27,Savings,2020-01-29,77528.82,Active
501594,100907,6,Savings,2018-01-12,40955.63,Active
501595,108539,40,Savings,2022-01-26,289708.83,Active
501596,101009,9,Savings,2018-03-02,58697.74,Active
501597,101037,29,Premium,2025-01-21,283489.37,Active
501598,109630,21,Savings,2017-09-27,301463.04,Active
501599,102480,14,Savings,2025-11-19,30945.67,Active
501600,102945,34,Savings,2021-06-12,160283.52,Active
501601,106079,9,Savings,2020-10-27,25159.92,Active
501602,103016,11,Savings,2018-12-29,64857.06,Active
501603,103116,32,Current,2025-02-04,19272.28,Active
501604,100962,30,Savings,2018-04-09,209475.74,Active
501605,106193,16,Savings,2022-10-22,146025.75,Active
501606,106221,17,Savings,2021-03-24,84755.11,Dormant
501607,102937,36,Current,2024-04-10,37856.16,Active
501608,105396,13,Savings,2024-03-02,1377120.28,Active
501609,108715,26,Premium,2019-06-19,33208.34,Active
501610,105722,2,Savings,2022-08-03,97255.5,Active
501611,104030,8,Savings,2024-09-15,74982.96,Active
501612,106638,36,Salary,2025-02-16,48008.68,Dormant
501613,106050,5,Salary,2025-06-25,156890.0,Closed
501614,103234,2,Salary,2018-01-28,34713.62,Active
501615,102968,33,Savings,2021-03-20,28843.39,Active
501616,103010,39,Savings,2019-08-16,25434.76,Active
501617,103429,34,Savings,2019-06-03,74618.29,Active
501618,106794,23,Savings,2020-07-06,84464.06,Active
501619,107182,9,Salary,2018-04-24,439495.52,Active
501620,103914,29,Current,2018-02-28,397448.3,Active
501621,102898,18,Current,2017-02-09,408662.26,Active
501622,105285,15,Savings,2025-08-13,216665.21,Active
501623,107153,19,Current,2018-07-27,34414.06,Active
501624,105615,16,Savings,2022-03-31,17923.29,Active
501625,103869,23,Savings,2022-01-29,59722.87,Active
501626,101248,35,Salary,2019-12-19,86653.87,Closed
501627,101392,21,Savings,2023-06-20,324559.68,Active
501628,103910,15,Savings,2018-03-22,133913.33,Active
501629,105760,14,Savings,2024-04-25,65798.51,Active
501630,108958,34,Current,2019-05-20,23436.18,Active
501631,105660,13,Savings,2019-03-23,192080.23,Active
501632,101905,17,Salary,2021-01-19,65692.72,Active
501633,105429,29,Current,2022-07-20,27621.45,Dormant
501634,101817,4,Current,2017-06-04,79639.72,Active
501635,106694,13,Savings,2020-02-04,21628.44,Active
501636,108092,38,Premium,2024-06-26,56289.49,Active
501637,102202,36,Savings,2017-05-23,49763.59,Closed
501638,104141,34,Salary,2025-09-06,91351.52,Active
501639,100780,39,Current,2024-07-06,108762.67,Active
501640,106321,19,Savings,2025-05-28,132600.51,Active
501641,109795,21,Salary,2021-02-23,122242.24,Active
501642,109566,33,Savings,2024-03-30,257525.86,Closed
501643,100335,2,Current,2019-07-07,50504.02,Active
501644,105336,37,Premium,2020-06-11,215614.4,Active
501645,101088,5,Salary,2021-10-19,33293.35,Active
501646,101837,38,Savings,2018-04-25,125562.15,Active
501647,100768,16,Savings,2024-01-14,82976.26,Active
501648,102039,16,Savings,2023-07-02,357731.55,Dormant
501649,108324,12,Savings,2022-08-10,714976.11,Active
501650,105238,30,Salary,2023-06-17,161146.09,Dormant
501651,109276,20,Savings,2017-04-29,88724.52,Closed
501652,102157,6,Savings,2019-03-25,6240.94,Active
501653,109861,12,Savings,2025-01-17,999234.8,Active
501654,100959,12,Current,2020-11-18,92898.91,Active
501655,102907,7,Savings,2024-10-17,27086.65,Active
501656,107371,30,Savings,2019-11-19,66318.27,Active
501657,107467,16,Savings,2025-03-28,42363.21,Active
501658,107860,6,Salary,2019-08-05,92206.17,Active
501659,105673,12,Savings,2017-07-08,25134.98,Active
501660,109890,27,Savings,2025-08-20,36580.93,Active
501661,102097,25,Salary,2021-12-18,28566.94,Active
501662,101488,22,Savings,2023-08-09,127862.94,Active
501663,107689,7,Savings,2021-10-30,104310.42,Active
501664,106200,16,Savings,2022-11-25,68958.77,Active
501665,109382,24,Salary,2019-07-03,88598.65,Active
501666,104549,20,Savings,2021-06-18,40244.12,Active
501667,105901,26,Premium,2017-10-04,32953.03,Active
501668,103499,8,Savings,2022-07-16,29518.63,Active
501669,100038,4,Savings,2021-10-03,136678.33,Active
501670,102041,33,Savings,2024-11-07,125584.75,Active
501671,102438,3,Salary,2023-02-06,167256.43,Closed
501672,109361,37,Savings,2023-11-29,416067.91,Closed
501673,103140,33,Salary,2020-09-18,159378.84,Active
501674,103725,27,Savings,2020-02-21,17804.53,Active
501675,105047,25,Current,2023-06-01,311845.57,Active
501676,104467,38,Savings,2018-01-09,206783.96,Active
501677,107627,10,Current,2022-11-06,47958.44,Active
501678,106755,33,Savings,2024-10-05,40300.5,Active
501679,104613,14,Savings,2017-06-10,171704.47,Dormant
501680,100839,39,Savings,2018-06-03,41234.66,Active
501681,107862,8,Premium,2024-01-25,528295.19,Active
501682,105491,39,Salary,2023-08-14,75337.42,Active
501683,102156,7,Savings,2022-08-18,77671.86,Active
501684,108395,17,Savings,2023-12-28,48155.51,Active
501685,108640,5,Savings,2023-10-25,473009.0,Active
501686,109955,3,Savings,2020-01-10,72460.12,Active
501687,109578,31,Salary,2023-02-26,17948.32,Active
501688,105132,13,Savings,2025-11-04,26214.94,Active
501689,101411,15,Salary,2021-05-18,127431.92,Active
501690,103115,21,Current,2023-07-07,132850.74,Active
501691,101371,9,Current,2025-02-17,302043.31,Active
501692,106040,35,Premium,2018-07-01,65051.52,Active
501693,100191,16,Salary,2022-11-05,77268.33,Active
501694,104694,27,Savings,2018-01-14,27496.25,Active
501695,109719,32,Current,2025-08-11,18265.36,Active
501696,103147,35,Salary,2021-02-20,105814.56,Active
501697,103558,25,Savings,2022-04-19,90380.63,Active
501698,100748,33,Savings,2021-04-05,121354.24,Active
501699,103748,30,Savings,2025-08-08,53141.39,Active
501700,105337,40,Savings,2021-04-26,199480.17,Dormant
501701,109086,25,Savings,2023-10-15,185043.84,Active
501702,102423,1,Premium,2020-11-28,316050.62,Active
501703,108271,13,Savings,2019-08-11,63171.91,Closed
501704,105607,17,Salary,2018-02-19,58383.25,Active
501705,101658,34,Current,2020-02-03,273968.46,Active
501706,102344,13,Savings,2022-07-27,111975.15,Active
501707,102146,26,Savings,2017-12-01,209725.53,Active
501708,109349,10,Savings,2019-09-09,181964.54,Active
501709,103678,13,Savings,2023-11-30,9596.45,Active
501710,108390,14,Savings,2021-01-26,26104.94,Active
501711,102299,8,Savings,2019-08-05,405923.14,Active
501712,104824,22,Salary,2022-07-26,65891.91,Active
501713,106298,26,Salary,2021-04-05,49633.93,Active
501714,102356,22,Current,2022-02-07,131794.11,Active
501715,109821,32,Savings,2023-01-18,23508.0,Active
501716,107808,35,Savings,2024-10-27,42224.39,Active
501717,105967,23,Current,2021-04-15,151173.92,Active
501718,109619,9,Savings,2021-03-31,70539.16,Active
501719,105981,29,Salary,2019-02-09,417034.52,Active
501720,109095,34,Salary,2025-02-18,205889.63,Active
501721,101125,35,Salary,2020-05-22,166206.1,Active
501722,105150,22,Savings,2021-11-24,78185.82,Active
501723,103211,14,Salary,2022-09-15,346193.21,Active
501724,102491,14,Savings,2024-06-11,405542.03,Active
501725,103160,2,Salary,2020-03-16,65883.49,Active
501726,103348,23,Current,2023-01-20,44999.35,Active
501727,108976,11,Savings,2019-09-10,38568.2,Active
501728,104674,39,Salary,2020-10-19,28779.49,Active
501729,102052,6,Current,2025-12-11,364477.88,Active
501730,102171,22,Savings,2019-03-22,111753.45,Active
501731,102204,23,Salary,2025-11-18,27165.99,Active
501732,104657,8,Savings,2021-01-02,77021.87,Active
501733,107547,15,Premium,2025-02-02,37278.12,Active
501734,108611,33,Savings,2021-09-16,202022.52,Active
501735,109293,23,Savings,2018-02-03,89106.75,Active
501736,100692,26,Savings,2023-02-06,87893.65,Dormant
501737,105695,22,Savings,2024-12-20,41407.91,Active
501738,102396,9,Savings,2020-11-20,94930.22,Active
501739,109544,14,Salary,2019-09-13,60906.67,Active
501740,109115,13,Salary,2020-04-23,82910.69,Closed
501741,103262,13,Savings,2021-05-17,28966.37,Active
501742,104156,26,Salary,2018-12-27,223214.05,Active
501743,106573,17,Salary,2021-06-17,21121.85,Active
501744,105970,17,Savings,2017-07-20,81304.15,Dormant
501745,103180,40,Savings,2021-12-27,120128.51,Active
501746,106499,4,Savings,2017-06-02,58143.45,Active
501747,100873,17,Savings,2018-09-11,15838.47,Active
501748,103432,1,Current,2025-06-12,28196.78,Active
501749,107040,28,Current,2021-03-12,229021.89,Active
501750,101196,21,Salary,2019-11-29,58629.93,Active
501751,104862,4,Premium,2017-08-07,208244.87,Active
501752,102845,38,Savings,2019-07-14,136581.1,Active
501753,104221,29,Savings,2018-12-07,39173.31,Active
501754,100887,3,Current,2018-06-05,57277.65,Active
501755,100916,35,Savings,2023-08-26,483561.11,Active
501756,102828,24,Savings,2024-01-18,10102.39,Dormant
501757,106466,15,Current,2021-05-11,78987.31,Active
501758,105469,38,Premium,2021-04-10,129619.51,Active
501759,107974,34,Salary,2019-05-28,48824.98,Active
501760,104778,11,Savings,2023-02-01,190448.01,Active
501761,105449,22,Salary,2020-06-28,37364.18,Active
501762,107008,23,Savings,2017-05-06,97055.19,Active
501763,109022,13,Salary,2020-09-07,263206.04,Active
501764,108367,23,Premium,2018-08-13,91595.82,Active
501765,101080,6,Salary,2024-06-05,446218.31,Active
501766,108005,23,Salary,2019-10-15,26250.68,Active
501767,103002,3,Current,2022-03-03,46314.53,Active
501768,105269,19,Savings,2022-05-31,3472.1,Active
501769,105441,9,Savings,2017-07-30,711824.18,Active
501770,100584,8,Salary,2025-02-25,122382.48,Active
501771,103356,40,Current,2018-01-25,55791.9,Active
501772,106006,28,Savings,2024-09-09,314143.83,Active
501773,102304,34,Savings,2020-04-10,30701.86,Active
501774,106197,34,Savings,2024-03-19,53828.5,Dormant
501775,106076,8,Savings,2017-08-07,37300.43,Active
501776,102098,11,Savings,2019-02-06,12646.29,Active
501777,101150,35,Savings,2019-07-10,59869.43,Active
501778,109973,29,Savings,2021-06-30,107336.45,Closed
501779,106473,30,Savings,2025-01-29,23285.78,Active
501780,104204,2,Savings,2019-11-17,46674.44,Closed
501781,103073,36,Current,2023-07-28,50091.13,Active
501782,105351,11,Savings,2025-01-25,72050.97,Active
501783,104332,22,Savings,2025-01-23,734126.58,Active
501784,106409,27,Premium,2025-08-25,34169.52,Active
501785,103198,20,Current,2019-07-19,63577.23,Active
501786,105685,39,Savings,2019-11-20,88880.32,Active
501787,102171,23,Salary,2021-11-04,261230.25,Dormant
501788,102722,3,Current,2019-10-23,7304.12,Active
501789,105255,18,Savings,2021-06-08,13840.43,Active
501790,101315,20,Savings,2017-06-12,99324.26,Active
501791,109742,20,Savings,2025-10-29,175245.98,Active
501792,102276,28,Salary,2022-07-22,41668.8,Active
501793,106525,23,Savings,2019-10-31,29128.23,Active
501794,105173,27,Savings,2023-05-08,20561.56,Active
501795,107453,31,Salary,2022-11-26,124549.21,Active
501796,107611,18,Salary,2020-09-26,250995.57,Active
501797,100734,17,Current,2018-09-10,34632.25,Active
501798,108633,19,Salary,2019-01-21,104036.93,Active
501799,109652,38,Current,2020-06-06,58479.1,Active
501800,108829,1,Current,2021-10-03,125853.51,Active
501801,102027,12,Savings,2025-08-27,232343.07,Active
501802,108497,31,Savings,2024-08-15,1024750.89,Active
501803,101244,22,Savings,2017-10-25,171562.54,Active
501804,106759,6,Savings,2025-10-27,67936.24,Active
501805,108571,9,Savings,2023-08-20,231066.74,Active
501806,109592,21,Savings,2021-10-14,268838.44,Closed
501807,108334,31,Savings,2017-07-02,100236.08,Active
501808,102512,12,Savings,2020-02-09,1046805.96,Active
501809,105306,11,Savings,2021-01-14,99076.31,Active
501810,104437,1,Current,2024-03-16,19007.31,Active
501811,108276,32,Savings,2017-09-01,103307.12,Active
501812,102403,4,Current,2022-07-26,82030.11,Active
501813,107697,15,Savings,2021-08-02,130939.52,Active
501814,102662,3,Salary,2021-05-29,72170.8,Active
501815,108180,35,Savings,2022-04-21,102138.57,Active
501816,103554,33,Savings,2020-07-02,47426.75,Active
501817,102913,30,Current,2021-10-25,62009.6,Active
501818,102614,27,Savings,2022-07-14,24239.23,Active
501819,108416,13,Salary,2025-11-11,164586.91,Active
501820,100560,6,Current,2024-02-12,44755.69,Active
501821,105529,7,Savings,2023-06-03,42607.04,Active
501822,109585,29,Savings,2023-11-26,114060.03,Active
501823,105873,5,Salary,2022-06-20,252060.72,Active
501824,105587,20,Savings,2023-11-21,921439.84,Active
501825,100698,38,Salary,2024-09-10,68963.47,Active
501826,103639,38,Current,2019-11-20,421275.79,Active
501827,109802,38,Salary,2021-02-12,54486.79,Active
501828,104820,32,Savings,2017-01-23,73289.24,Active
501829,104078,18,Savings,2021-12-11,289927.73,Active
501830,102554,39,Salary,2025-12-31,91013.87,Active
501831,107635,13,Current,2017-02-20,703994.29,Active
501832,102920,14,Savings,2021-07-25,116420.82,Active
501833,105754,4,Savings,2023-10-25,20573.92,Active
501834,106759,4,Salary,2017-11-29,95921.68,Active
501835,107270,33,Salary,2022-08-25,96872.27,Active
501836,102519,11,Savings,2022-01-30,80878.21,Closed
501837,101472,10,Salary,2022-12-02,116823.27,Active
501838,105002,35,Salary,2019-03-17,151104.37,Active
501839,103261,40,Savings,2018-02-06,6072.79,Active
501840,104389,35,Current,2025-02-23,34184.05,Active
501841,104135,31,Savings,2023-10-24,204538.04,Active
501842,103530,32,Savings,2022-08-11,82311.64,Active
501843,101229,17,Current,2022-03-20,105590.14,Dormant
501844,107108,18,Current,2024-08-26,99858.37,Active
501845,107142,29,Salary,2021-06-15,78702.86,Active
501846,106454,12,Savings,2025-01-02,31727.09,Active
501847,109160,37,Savings,2023-04-15,172055.89,Active
501848,101595,4,Savings,2020-05-23,98288.88,Active
501849,108570,31,Savings,2022-09-25,96298.27,Active
501850,106049,5,Savings,2021-08-30,320378.42,Active
501851,108993,16,Salary,2018-06-08,223191.14,Active
501852,102328,28,Current,2017-05-22,174296.69,Active
501853,102203,18,Savings,2020-02-16,93208.67,Active
501854,103448,28,Savings,2020-05-26,70657.97,Active
501855,109003,38,Savings,2020-10-29,15387.6,Active
501856,104964,1,Savings,2022-10-01,74773.33,Active
501857,103819,10,Savings,2024-02-07,103488.34,Dormant
501858,103703,36,Savings,2018-08-27,21668.41,Active
501859,102203,29,Savings,2024-08-02,64424.2,Active
501860,103680,6,Savings,2024-06-23,42868.0,Active
501861,100886,15,Premium,2020-03-23,249731.65,Active
501862,109947,30,Premium,2018-12-26,66436.1,Active
501863,106453,10,Premium,2018-09-11,28370.51,Active
501864,107605,33,Savings,2018-09-21,26038.27,Active
501865,100540,23,Savings,2017-06-23,25080.18,Active
501866,101978,2,Premium,2023-11-27,99794.16,Active
501867,109280,13,Salary,2025-03-06,45648.34,Active
501868,104499,25,Savings,2026-01-03,54500.81,Active
501869,101189,35,Premium,2017-10-10,136825.01,Active
501870,109882,40,Salary,2019-08-09,42779.92,Active
501871,100796,2,Savings,2024-01-01,15998.5,Active
501872,104862,6,Premium,2018-08-03,55536.0,Active
501873,101269,4,Savings,2024-04-26,93467.11,Active
501874,105478,21,Premium,2018-01-08,161367.83,Active
501875,100040,20,Salary,2025-04-09,36260.46,Active
501876,101707,9,Savings,2021-11-10,60097.41,Active
501877,107844,6,Salary,2022-06-15,413506.34,Active
501878,101929,27,Savings,2025-12-24,53265.05,Active
501879,104328,26,Savings,2017-11-12,91018.87,Closed
501880,106248,36,Salary,2023-06-02,45432.29,Active
501881,101088,27,Salary,2021-06-22,263158.68,Closed
501882,102742,1,Savings,2022-12-15,288102.03,Active
501883,100534,3,Savings,2022-03-12,825949.69,Active
501884,105204,40,Savings,2024-02-24,8897.24,Active
501885,103722,32,Savings,2018-05-19,60208.23,Active
501886,106057,36,Savings,2017-09-18,244153.14,Active
501887,108688,39,Salary,2022-10-29,159888.63,Active
501888,103322,26,Current,2021-05-02,57569.46,Active
501889,109715,38,Savings,2024-11-23,77661.23,Active
501890,105392,28,Salary,2022-10-02,48617.67,Active
501891,102331,25,Savings,2023-06-11,174131.57,Active
501892,100923,17,Savings,2017-04-26,91172.29,Active
501893,106061,13,Premium,2022-12-25,250731.52,Active
501894,100185,31,Salary,2021-03-05,49038.26,Active
501895,107131,25,Current,2023-11-04,208269.17,Dormant
501896,105433,16,Salary,2017-02-05,80017.0,Active
501897,100690,23,Premium,2025-06-27,97927.31,Active
501898,102381,18,Salary,2022-07-20,79831.41,Active
501899,108537,40,Salary,2017-08-30,36299.66,Active
501900,106510,29,Savings,2017-12-21,732272.79,Active
501901,105843,3,Premium,2019-07-23,82896.64,Active
501902,101282,28,Current,2018-11-03,37767.96,Active
501903,105073,31,Savings,2023-08-30,106100.28,Active
501904,102438,6,Premium,2020-08-24,251296.09,Active
501905,106881,19,Salary,2017-10-07,42921.25,Active
501906,105378,7,Salary,2021-10-15,274841.58,Closed
501907,104890,29,Savings,2026-01-05,101568.83,Active
501908,100771,25,Salary,2025-01-17,23600.78,Active
501909,103217,1,Salary,2021-02-24,39928.36,Active
501910,102620,4,Savings,2023-08-01,183232.98,Active
501911,106000,27,Salary,2021-03-26,96809.79,Active
501912,104696,6,Current,2019-11-12,299837.1,Active
501913,103138,3,Salary,2025-11-26,25923.38,Active
501914,102822,2,Savings,2020-10-05,60558.47,Active
501915,100747,37,Premium,2017-09-27,248848.09,Active
501916,106614,22,Premium,2023-08-15,33458.48,Active
501917,106153,23,Premium,2020-11-22,404999.56,Active
501918,100210,33,Savings,2025-12-31,127502.48,Active
501919,109636,1,Savings,2022-10-17,110115.76,Active
501920,109660,29,Savings,2023-11-30,126927.34,Active
501921,102434,12,Savings,2021-12-20,131958.42,Active
501922,100925,10,Savings,2018-12-09,45784.87,Active
501923,101697,13,Current,2023-06-19,35860.77,Active
501924,105161,34,Savings,2020-04-07,169729.41,Active
501925,109999,1,Current,2021-10-04,117617.81,Active
501926,107222,37,Savings,2023-03-02,10410.19,Active
501927,106600,31,Salary,2021-11-10,46857.87,Active
501928,108698,28,Savings,2017-03-20,187355.39,Active
501929,102369,19,Salary,2024-11-26,40275.35,Active
501930,100630,19,Savings,2018-06-20,168337.56,Active
501931,102395,32,Premium,2018-06-30,26818.6,Active
501932,103620,7,Savings,2020-05-09,64238.52,Active
501933,103164,14,Savings,2019-05-28,47433.81,Active
501934,105759,18,Savings,2021-01-14,76155.98,Active
501935,100579,22,Salary,2022-07-28,107948.41,Active
501936,105318,25,Salary,2017-04-06,134659.89,Active
501937,103373,24,Savings,2019-09-12,282897.93,Active
501938,101722,4,Current,2017-05-08,90470.24,Dormant
501939,102279,22,Savings,2019-08-21,74364.23,Dormant
501940,105993,1,Savings,2021-04-24,20801.6,Active
501941,104058,34,Savings,2019-08-08,91171.83,Active
501942,100329,32,Premium,2024-04-11,16830.27,Active
501943,108441,28,Savings,2018-01-14,60813.48,Active
501944,101030,17,Savings,2017-01-15,112585.63,Active
501945,108128,40,Current,2022-02-06,105406.45,Active
501946,100777,23,Salary,2025-05-03,52517.17,Active
501947,107558,18,Current,2022-09-06,683655.13,Active
501948,100692,1,Salary,2025-09-04,78331.12,Active
501949,108890,9,Salary,2022-07-08,114657.93,Active
501950,101531,21,Savings,2018-07-13,39051.15,Active
501951,108095,33,Current,2018-05-27,68957.16,Active
501952,109537,35,Savings,2020-06-15,278070.2,Closed
501953,109633,23,Salary,2020-01-30,195933.51,Active
501954,106932,18,Salary,2022-08-05,341583.94,Active
501955,100245,14,Savings,2024-05-15,33569.38,Active
501956,102306,25,Current,2017-04-23,95181.44,Active
501957,103600,6,Savings,2017-10-27,91769.89,Dormant
501958,100263,18,Current,2023-04-28,120962.22,Active
501959,108087,15,Savings,2020-05-26,50568.17,Closed
501960,107109,9,Current,2021-08-15,26681.76,Active
501961,100762,31,Current,2017-01-14,39378.93,Active
501962,107245,39,Salary,2021-04-04,68151.14,Dormant
501963,100361,27,Salary,2025-09-11,90123.86,Active
501964,100862,12,Savings,2017-06-26,40732.55,Active
501965,102587,38,Premium,2022-02-23,70003.92,Active
501966,102636,33,Savings,2020-10-22,97936.69,Dormant
501967,104155,22,Savings,2019-06-30,103630.44,Dormant
501968,108152,34,Savings,2023-07-22,54173.95,Active
501969,109978,6,Savings,2018-10-25,192168.26,Active
501970,107293,25,Current,2024-01-26,189060.6,Active
501971,106415,32,Salary,2021-04-20,66120.33,Active
501972,109010,14,Current,2021-07-08,139991.58,Active
501973,100633,4,Premium,2020-05-22,65039.55,Active
501974,101189,17,Current,2022-02-09,66749.08,Active
501975,105647,9,Savings,2019-06-07,9363.44,Active
501976,103280,14,Savings,2024-04-09,90985.51,Active
501977,101496,32,Salary,2025-07-12,317279.26,Active
501978,107065,34,Salary,2018-09-20,349732.94,Active
501979,102981,19,Savings,2022-02-23,79505.57,Active
501980,104980,33,Salary,2022-01-22,231521.79,Active
501981,109354,40,Savings,2021-11-16,18747.68,Active
501982,105538,40,Premium,2025-01-16,105718.02,Active
501983,105777,36,Savings,2021-12-10,82162.3,Active
501984,102643,3,Premium,2025-02-13,37998.81,Active
501985,103176,15,Salary,2021-08-10,49143.33,Active
501986,105517,18,Savings,2020-03-27,199912.13,Active
501987,109312,13,Salary,2024-07-05,138950.36,Active
501988,108786,25,Savings,2021-01-31,53705.36,Active
501989,101756,31,Savings,2025-06-04,173002.08,Active
501990,102887,4,Salary,2025-06-22,300110.49,Active
501991,101669,7,Current,2020-09-12,53428.67,Closed
501992,108918,27,Current,2022-08-17,40691.41,Dormant
501993,106535,10,Salary,2018-05-02,77007.06,Active
501994,107321,29,Current,2023-04-05,83508.77,Active
501995,107996,13,Current,2022-10-25,124170.97,Active
501996,109322,22,Savings,2019-03-18,32101.1,Active
501997,107338,15,Savings,2021-07-10,110636.25,Active
501998,103125,6,Current,2018-05-23,250870.31,Active
501999,102643,33,Premium,2018-03-10,156499.03,Active
502000,105604,16,Premium,2020-06-14,30739.65,Active
502001,102708,17,Current,2024-04-19,42791.35,Active
502002,107775,40,Savings,2017-02-14,103306.43,Active
502003,100382,15,Current,2017-11-02,167640.51,Active
502004,100557,10,Savings,2023-09-02,180593.95,Active
502005,103132,31,Premium,2024-10-12,71621.15,Active
502006,107341,22,Savings,2017-12-02,37149.85,Active
502007,105972,14,Savings,2019-10-23,138255.53,Active
502008,108508,28,Salary,2025-04-30,93547.79,Active
502009,106714,33,Savings,2019-08-25,21070.99,Active
502010,103089,36,Savings,2020-09-03,75971.68,Active
502011,108601,35,Salary,2019-04-18,515422.48,Active
502012,102044,24,Salary,2018-12-29,81858.4,Active
502013,107592,4,Current,2023-09-05,18311.58,Active
502014,106761,22,Current,2019-05-29,426625.78,Dormant
502015,105178,29,Savings,2022-06-01,69537.6,Dormant
502016,105632,8,Salary,2021-02-07,189296.0,Active
502017,108317,7,Premium,2023-10-08,75825.52,Active
502018,102870,15,Savings,2018-01-12,221005.24,Active
502019,101802,11,Savings,2025-04-20,47436.27,Active
502020,108058,16,Premium,2022-04-04,159076.74,Active
502021,109579,40,Savings,2021-05-14,158127.09,Active
502022,100316,33,Salary,2022-01-03,52715.97,Active
502023,108627,14,Savings,2025-10-25,23727.13,Active
502024,101246,9,Savings,2024-12-26,31911.18,Active
502025,100613,14,Salary,2020-11-22,69251.59,Active
502026,104139,28,Current,2020-12-20,81976.02,Dormant
502027,105139,18,Savings,2019-10-01,48899.65,Active
502028,108357,24,Salary,2022-12-04,66339.71,Active
502029,106254,6,Salary,2019-08-15,63897.29,Active
502030,104408,40,Salary,2025-12-12,168805.82,Active
502031,103445,14,Savings,2017-02-28,218381.84,Active
502032,107624,5,Current,2024-02-10,130777.59,Active
502033,109023,16,Premium,2025-10-17,38275.68,Active
502034,106292,13,Savings,2025-04-24,77237.93,Active
502035,104516,13,Salary,2025-12-31,43236.87,Active
502036,103158,2,Salary,2024-09-02,329367.99,Active
502037,100784,35,Premium,2023-10-24,39766.56,Dormant
502038,102133,29,Current,2021-09-18,16929.73,Active
502039,107393,26,Savings,2018-12-09,32436.1,Active
502040,101205,31,Current,2022-07-24,37237.41,Active
502041,106611,7,Salary,2024-11-26,162032.85,Active
502042,102988,37,Savings,2017-06-29,115473.14,Active
502043,100406,35,Premium,2018-03-15,66089.97,Active
502044,109756,17,Savings,2021-11-05,259582.08,Active
502045,104127,39,Savings,2023-05-31,106805.76,Active
502046,102303,20,Savings,2024-10-13,154072.56,Active
502047,101554,26,Savings,2018-09-27,44715.48,Active
502048,103928,24,Savings,2024-01-23,98702.19,Active
502049,107319,9,Savings,2020-03-01,41125.72,Active
502050,107776,15,Current,2017-08-11,75291.8,Active
502051,107977,26,Current,2025-09-19,6941.92,Active
502052,104125,35,Savings,2018-12-28,90146.37,Active
502053,103156,4,Salary,2018-12-30,66314.86,Active
502054,101107,10,Current,2021-10-31,147765.94,Active
502055,104665,11,Savings,2025-06-09,104734.4,Active
502056,109675,39,Savings,2022-03-04,124697.25,Active
502057,102075,35,Savings,2021-08-08,242730.64,Active
502058,106084,11,Savings,2023-02-17,68249.71,Active
502059,103343,35,Current,2021-12-29,112410.75,Dormant
502060,102626,13,Current,2018-04-17,59982.24,Active
502061,107328,24,Savings,2018-03-04,117759.88,Active
502062,102100,33,Savings,2021-06-24,70971.46,Active
502063,104757,26,Savings,2020-08-04,92726.45,Active
502064,104710,22,Savings,2019-12-22,31395.49,Active
502065,107590,16,Savings,2022-12-29,19483.06,Dormant
502066,103264,34,Current,2017-03-05,43394.79,Active
502067,100958,28,Savings,2020-01-02,78539.73,Active
502068,100163,13,Salary,2025-05-30,56349.55,Active
502069,103799,15,Salary,2017-11-06,48829.01,Active
502070,102294,27,Savings,2017-05-11,91584.6,Active
502071,107570,28,Savings,2017-03-20,85032.85,Active
502072,108764,35,Savings,2019-01-19,132743.37,Active
502073,102758,16,Premium,2017-09-12,95128.4,Active
502074,105018,24,Salary,2019-03-12,27123.04,Active
502075,104024,35,Savings,2017-07-01,36014.61,Active
502076,109437,35,Salary,2023-08-27,58602.61,Dormant
502077,101025,37,Savings,2022-08-11,22725.25,Active
502078,109265,27,Savings,2019-05-26,17907.8,Dormant
502079,106184,1,Salary,2024-03-27,72682.9,Active
502080,109728,23,Savings,2020-12-06,24104.12,Active
502081,101981,16,Salary,2017-03-29,338109.83,Active
502082,107816,23,Current,2023-11-01,223329.56,Dormant
502083,100208,33,Savings,2023-09-25,44863.71,Active
502084,101997,32,Savings,2023-05-30,23380.14,Active
502085,104869,9,Savings,2021-01-11,109446.46,Active
502086,104121,38,Savings,2017-07-27,83843.55,Active
502087,101895,23,Savings,2021-11-12,25229.05,Active
502088,108942,16,Savings,2024-12-10,37271.55,Active
502089,104364,34,Current,2024-01-07,59266.65,Dormant
502090,104390,8,Premium,2017-05-27,32906.05,Active
502091,109362,23,Current,2019-08-24,56430.73,Active
502092,104284,40,Savings,2022-05-29,670720.26,Active
502093,100144,19,Current,2021-07-16,80273.55,Active
502094,109427,2,Current,2023-02-12,68854.08,Active
502095,104492,6,Savings,2017-01-16,158710.06,Active
502096,101689,5,Savings,2022-01-29,31716.37,Active
502097,106289,11,Savings,2025-06-10,44509.48,Active
502098,101701,24,Salary,2020-07-06,173079.49,Active
502099,108780,36,Current,2021-04-06,60722.02,Active
502100,103418,3,Salary,2023-07-02,1655959.85,Active
502101,103082,23,Savings,2017-09-24,631051.46,Active
502102,100920,37,Savings,2023-02-25,1900313.8,Active
502103,108080,21,Current,2024-09-13,316486.54,Active
502104,100390,30,Salary,2023-11-28,28892.37,Active
502105,107264,14,Current,2020-12-14,131274.95,Active
502106,102238,29,Current,2022-04-10,144105.79,Active
502107,102369,38,Savings,2018-09-18,17545.12,Active
502108,105643,10,Savings,2018-05-21,40850.28,Active
502109,101903,1,Premium,2021-11-13,152248.11,Active
502110,100533,33,Savings,2023-09-20,132680.07,Active
502111,103801,40,Salary,2025-03-31,43556.91,Active
502112,109805,14,Savings,2017-01-17,40702.09,Active
502113,106650,39,Premium,2017-02-18,33547.09,Active
502114,100486,31,Salary,2021-10-17,277367.01,Active
502115,102211,18,Current,2017-05-24,87764.9,Active
502116,103693,30,Savings,2017-09-03,26914.63,Active
502117,101738,37,Savings,2024-01-29,282544.83,Active
502118,107473,17,Savings,2020-09-19,14684.78,Active
502119,103274,27,Salary,2017-05-04,74593.14,Active
502120,109301,8,Savings,2018-05-25,223923.85,Active
502121,102587,9,Savings,2025-03-31,148245.14,Active
502122,108593,25,Salary,2018-01-11,139587.23,Active
502123,105664,2,Salary,2024-06-30,673866.84,Active
502124,102790,5,Salary,2022-12-06,176086.58,Active
502125,107645,28,Savings,2018-07-16,66923.65,Active
502126,108732,18,Savings,2022-03-13,112028.25,Active
502127,103357,12,Salary,2021-01-14,38152.74,Active
502128,104195,13,Premium,2020-05-03,186455.99,Dormant
502129,106906,11,Savings,2021-05-29,34805.21,Active
502130,105360,13,Savings,2023-05-15,24089.31,Active
502131,101782,36,Salary,2024-03-04,313931.0,Dormant
502132,106460,11,Savings,2021-03-26,98357.38,Active
502133,101323,15,Salary,2025-11-11,164642.79,Active
502134,107385,24,Savings,2017-08-16,122319.68,Active
502135,108943,17,Salary,2019-06-28,56437.47,Active
502136,104778,20,Savings,2020-05-10,272046.34,Active
502137,102545,29,Savings,2017-05-17,121285.92,Active
502138,107440,20,Savings,2025-08-05,46550.93,Active
502139,102514,36,Current,2020-03-18,126342.06,Active
502140,108064,6,Savings,2017-10-15,29214.45,Active
502141,103330,21,Savings,2023-03-16,310679.42,Active
502142,106432,39,Current,2017-06-21,211470.77,Active
502143,100576,4,Current,2023-04-05,85644.15,Active
502144,103819,9,Savings,2020-06-07,55075.69,Active
502145,101613,11,Salary,2023-06-19,415088.93,Active
502146,106977,14,Savings,2020-11-14,88172.54,Active
502147,105028,16,Savings,2017-07-16,61838.86,Active
502148,104925,2,Savings,2024-05-13,77396.62,Active
502149,103716,6,Premium,2024-03-04,83371.85,Active
502150,100670,25,Savings,2023-10-22,21104.9,Active
502151,103205,27,Savings,2021-01-15,68887.4,Active
502152,107824,26,Salary,2017-06-25,204591.1,Active
502153,109967,27,Savings,2024-04-29,125687.16,Active
502154,105998,32,Savings,2020-01-24,125398.67,Active
502155,102140,35,Current,2020-03-06,113078.75,Active
502156,100959,13,Current,2024-12-08,52055.95,Active
502157,106760,39,Savings,2017-12-14,6929.73,Active
502158,106777,19,Savings,2024-04-14,163585.05,Active
502159,109533,31,Salary,2017-11-12,31651.94,Dormant
502160,100547,7,Current,2022-09-08,107829.2,Active
502161,105320,35,Savings,2025-02-14,89405.18,Active
502162,101263,33,Salary,2022-10-21,100887.32,Active
502163,106805,36,Salary,2020-10-18,81113.81,Active
502164,103874,13,Savings,2025-07-07,171671.56,Active
502165,105284,36,Current,2021-04-29,48869.86,Active
502166,102031,32,Premium,2024-05-30,24286.75,Active
502167,100911,9,Current,2023-07-28,197798.31,Active
502168,102110,19,Savings,2020-11-12,140232.33,Active
502169,101853,1,Salary,2020-01-31,84025.27,Active
502170,107688,21,Premium,2025-09-01,69402.3,Closed
502171,104625,26,Current,2017-07-28,16895.33,Active
502172,102076,16,Savings,2017-09-22,152980.77,Active
502173,107618,2,Current,2022-04-15,141496.9,Active
502174,102559,1,Savings,2022-07-20,51534.78,Active
502175,106864,38,Current,2020-02-16,39960.2,Active
502176,102204,9,Salary,2017-10-24,184358.36,Active
502177,101246,31,Savings,2021-06-02,135842.36,Active
502178,100249,15,Current,2022-03-10,40219.76,Active
502179,109617,38,Savings,2025-10-12,235461.36,Active
502180,105193,2,Savings,2026-01-02,295472.11,Active
502181,108848,4,Savings,2017-03-04,38560.75,Active
502182,108964,21,Savings,2022-10-17,55190.45,Active
502183,109504,7,Savings,2019-09-12,74189.38,Active
502184,106125,16,Current,2019-07-13,68394.08,Active
502185,107248,22,Salary,2019-03-08,96609.36,Active
502186,100857,24,Savings,2022-07-28,92333.57,Active
502187,105080,2,Savings,2024-07-11,126722.23,Active
502188,108626,22,Savings,2023-04-14,38362.42,Active
502189,103519,38,Salary,2023-04-18,108029.0,Active
502190,100669,22,Savings,2023-05-21,24821.89,Active
502191,106222,11,Premium,2020-01-29,24427.17,Active
502192,101375,31,Salary,2023-04-04,190389.43,Active
502193,105812,28,Savings,2023-12-31,142670.62,Dormant
502194,109182,27,Current,2025-01-24,47054.64,Active
502195,106909,15,Current,2021-07-03,532060.25,Closed
502196,104674,20,Savings,2021-08-16,151149.5,Active
502197,108978,25,Savings,2019-05-27,285633.75,Active
502198,107963,34,Premium,2021-02-10,103195.96,Dormant
502199,101111,20,Premium,2019-10-20,348480.21,Active
502200,101186,33,Savings,2018-09-09,179470.78,Active
502201,104881,1,Current,2021-10-06,112785.01,Active
502202,108573,37,Salary,2018-03-14,115737.16,Dormant
502203,105741,22,Salary,2017-12-20,53521.14,Active
502204,107858,8,Savings,2017-10-26,238357.62,Dormant
502205,109167,16,Savings,2023-07-07,344816.79,Active
502206,100137,9,Current,2022-06-22,87576.71,Dormant
502207,109611,5,Salary,2018-03-03,251102.85,Active
502208,102150,3,Premium,2019-06-24,1216909.79,Dormant
502209,108393,22,Savings,2023-07-05,22609.74,Active
502210,105779,26,Current,2024-10-28,39476.95,Active
502211,100002,11,Savings,2026-01-10,21859.55,Active
502212,100070,27,Current,2023-12-14,95262.99,Active
502213,104281,35,Savings,2023-10-28,30879.19,Active
502214,105496,31,Savings,2020-03-05,71317.28,Active
502215,107021,10,Savings,2021-03-30,130958.13,Active
502216,103427,27,Salary,2019-09-20,240457.19,Active
502217,103097,36,Salary,2022-07-03,14493.81,Active
502218,107755,35,Salary,2019-12-19,17761.41,Active
502219,102559,10,Savings,2019-05-19,139802.09,Active
502220,102138,11,Current,2025-06-23,90470.84,Active
502221,103734,35,Savings,2025-11-05,357479.46,Active
502222,104977,28,Current,2022-09-16,133319.67,Active
502223,107943,27,Salary,2019-08-02,35571.58,Active
502224,100606,7,Savings,2025-11-29,54343.74,Active
502225,107006,31,Salary,2022-07-09,109161.53,Active
502226,106379,20,Premium,2020-04-25,56832.15,Dormant
502227,103740,9,Savings,2017-12-01,34011.18,Active
502228,100318,27,Savings,2023-09-15,24181.67,Active
502229,105107,16,Premium,2023-02-16,66407.42,Active
502230,105014,29,Current,2021-12-28,510389.18,Active
502231,103547,10,Savings,2019-01-30,65287.5,Active
502232,103226,6,Savings,2022-02-12,230588.89,Active
502233,100067,13,Salary,2025-06-21,56168.58,Active
502234,100217,24,Savings,2019-06-09,523921.37,Active
502235,103994,38,Savings,2025-06-30,274002.17,Active
502236,106515,20,Salary,2022-10-28,39950.95,Active
502237,107616,18,Savings,2022-10-08,91833.99,Active
502238,108752,26,Savings,2019-06-08,270446.67,Active
502239,104927,14,Savings,2023-03-09,78114.2,Active
502240,102423,18,Salary,2018-04-04,285197.7,Active
502241,104495,25,Salary,2025-07-21,7849.72,Active
502242,100161,33,Savings,2024-01-09,18503.69,Active
502243,108477,19,Current,2025-04-04,180779.04,Active
502244,107345,39,Salary,2019-08-09,39279.07,Active
502245,105700,21,Current,2021-07-14,65384.87,Active
502246,102345,11,Savings,2023-01-26,80847.02,Active
502247,102409,39,Current,2022-05-20,227891.49,Active
502248,103300,40,Current,2017-05-05,34131.78,Active
502249,105025,34,Current,2020-01-13,19030.59,Active
502250,106882,40,Savings,2021-02-06,39197.42,Active
502251,108513,6,Salary,2020-06-09,91161.92,Active
502252,100877,21,Current,2018-04-28,27598.17,Active
502253,103328,34,Premium,2025-09-10,47747.67,Active
502254,101082,8,Premium,2023-06-12,44936.87,Active
502255,108592,21,Current,2022-06-10,99071.36,Dormant
502256,102341,7,Salary,2019-03-25,29908.1,Active
502257,102766,12,Savings,2023-04-22,277867.7,Active
502258,102772,8,Savings,2023-08-09,92688.47,Active
502259,100793,7,Savings,2021-09-17,40702.76,Active
502260,103520,40,Savings,2021-06-05,42334.56,Active
502261,105702,28,Salary,2024-08-09,15942.22,Active
502262,107045,26,Salary,2020-10-09,48788.63,Active
502263,108144,24,Savings,2020-03-29,22249.75,Active
502264,107977,24,Salary,2019-09-27,39191.39,Active
502265,104799,14,Savings,2021-07-10,137873.75,Active
502266,102255,9,Current,2017-03-25,58120.08,Active
502267,100164,22,Premium,2018-12-05,89654.05,Active
502268,101083,22,Salary,2025-12-07,24347.89,Active
502269,106955,30,Current,2020-11-10,195280.68,Active
502270,105484,1,Savings,2025-08-12,16768.24,Active
502271,104565,15,Salary,2020-01-27,97672.26,Active
502272,105767,14,Savings,2022-02-04,141131.11,Active
502273,108717,25,Current,2023-09-18,105337.47,Active
502274,100018,36,Salary,2018-08-01,71018.15,Active
502275,107807,6,Current,2021-05-13,84277.99,Active
502276,102440,15,Savings,2019-02-27,52252.97,Active
502277,106212,12,Savings,2020-01-05,190851.95,Active
502278,105025,24,Savings,2022-02-06,90182.5,Active
502279,105740,24,Salary,2017-06-15,49327.82,Active
502280,100180,1,Savings,2023-04-16,313962.0,Active
502281,101058,34,Current,2023-01-10,68585.82,Active
502282,108856,13,Savings,2018-03-26,103302.58,Active
502283,102297,24,Premium,2021-05-14,11655.24,Active
502284,105569,26,Salary,2025-01-30,175240.5,Dormant
502285,102276,18,Salary,2025-01-28,273238.08,Active
502286,107735,10,Salary,2023-12-10,28830.33,Active
502287,107695,27,Salary,2019-03-20,84651.04,Active
502288,103942,15,Current,2019-11-28,350026.42,Active
502289,107241,1,Premium,2018-07-29,61887.35,Active
502290,109313,7,Savings,2023-04-16,85499.26,Active
502291,109789,29,Premium,2025-07-04,89242.59,Dormant
502292,101280,25,Salary,2020-09-30,6794.71,Active
502293,107934,9,Savings,2021-11-11,5034.18,Active
502294,103959,38,Savings,2020-01-31,82814.55,Active
502295,106499,14,Salary,2020-04-19,18791.31,Active
502296,105869,22,Savings,2022-06-21,1311715.19,Active
502297,103588,5,Salary,2025-08-09,146226.17,Active
502298,102774,4,Premium,2025-07-07,51434.1,Active
502299,105199,11,Premium,2025-03-10,51750.98,Active
502300,108292,9,Savings,2021-01-27,64244.59,Active
502301,101655,9,Premium,2023-08-03,14663.57,Active
502302,107256,36,Salary,2023-05-10,335381.61,Active
502303,106035,37,Savings,2017-01-27,30835.7,Active
502304,105050,23,Savings,2019-07-02,7530.76,Active
502305,106213,4,Savings,2021-03-13,26723.84,Active
502306,109752,8,Savings,2024-09-26,52131.91,Active
502307,108174,36,Salary,2021-04-14,331819.82,Active
502308,103907,9,Salary,2023-04-13,140393.64,Active
502309,102499,31,Savings,2018-05-22,693976.07,Active
502310,101200,38,Current,2020-08-17,109934.76,Active
502311,102243,35,Savings,2022-05-28,167225.76,Active
502312,106725,16,Savings,2019-04-13,123937.94,Active
502313,107605,31,Savings,2025-08-11,29360.02,Active
502314,106108,16,Savings,2024-07-18,25627.39,Active
502315,104806,10,Savings,2017-06-30,77149.13,Active
502316,102635,17,Savings,2025-01-09,16237.73,Active
502317,106083,32,Savings,2017-09-13,49751.8,Active
502318,105057,4,Savings,2025-03-25,11871.91,Dormant
502319,105318,34,Savings,2025-03-06,26814.25,Active
502320,105660,30,Salary,2019-04-18,41088.42,Active
502321,104023,39,Savings,2024-06-09,1548166.96,Active
502322,109610,32,Salary,2025-03-28,52874.83,Active
502323,103905,38,Savings,2019-07-23,175813.47,Active
502324,107458,33,Savings,2019-11-25,199428.71,Active
502325,101702,13,Savings,2019-11-23,282058.86,Active
502326,102426,31,Savings,2020-03-12,11163.25,Active
502327,102892,14,Salary,2021-12-22,41980.4,Active
502328,104811,21,Savings,2023-12-16,192670.99,Active
502329,101312,7,Premium,2018-10-22,251920.96,Active
502330,102758,38,Salary,2025-02-12,199864.7,Active
502331,102513,37,Current,2021-06-19,37355.54,Active
502332,102435,19,Salary,2022-03-23,40318.48,Active
502333,109438,27,Current,2021-12-06,348356.61,Active
502334,100715,2,Savings,2017-06-11,16952.27,Active
502335,100395,30,Savings,2020-09-11,49421.67,Closed
502336,102267,18,Salary,2023-09-15,88540.52,Active
502337,102528,33,Salary,2020-11-21,67437.52,Active
502338,109672,16,Current,2020-01-31,46425.19,Active
502339,106114,33,Savings,2023-06-01,86665.84,Dormant
502340,102009,11,Salary,2025-11-05,58573.59,Active
502341,105252,17,Salary,2025-05-13,338742.28,Active
502342,101013,5,Savings,2025-03-25,92715.57,Dormant
502343,100827,30,Current,2020-11-15,9365.96,Active
502344,104045,11,Premium,2017-01-04,85829.85,Active
502345,101924,40,Savings,2020-05-25,74586.41,Active
502346,108911,32,Savings,2017-12-28,85125.11,Active
502347,102654,24,Premium,2018-06-17,16918.68,Closed
502348,104013,10,Current,2024-06-30,29551.16,Active
502349,109072,4,Premium,2017-05-14,19357.13,Dormant
502350,103393,9,Salary,2024-10-04,63593.89,Dormant
502351,102086,26,Current,2018-02-27,32981.44,Dormant
502352,104430,21,Current,2019-10-27,244542.19,Dormant
502353,107619,37,Savings,2017-09-02,42448.61,Active
502354,106773,14,Salary,2022-01-03,411113.62,Active
502355,107673,29,Current,2024-04-30,79835.6,Active
502356,108333,38,Current,2018-11-17,129675.1,Active
502357,104124,6,Savings,2023-02-18,96190.46,Active
502358,107900,32,Premium,2022-02-28,51370.37,Active
502359,100717,8,Current,2023-12-08,19143.11,Active
502360,109283,17,Salary,2024-09-07,181981.93,Active
502361,102974,5,Savings,2019-10-21,134539.96,Active
502362,103397,40,Premium,2024-04-01,64220.48,Active
502363,106823,5,Current,2021-05-26,105817.65,Active
502364,107635,21,Savings,2025-11-06,146339.14,Dormant
502365,101510,35,Savings,2018-04-24,156493.08,Active
502366,108538,28,Salary,2025-01-05,444567.38,Active
502367,104187,3,Salary,2018-11-04,99392.9,Active
502368,109888,22,Salary,2023-12-16,47243.79,Active
502369,103814,12,Current,2021-08-14,17423.72,Active
502370,108484,3,Savings,2022-10-30,143504.13,Active
502371,100081,3,Savings,2021-11-19,117748.82,Active
502372,108689,16,Savings,2018-10-18,324383.94,Active
502373,107623,16,Savings,2020-03-05,27876.64,Active
502374,106885,13,Premium,2023-11-24,105284.66,Active
502375,100911,36,Savings,2019-07-14,40903.19,Closed
502376,107471,19,Salary,2023-05-25,134372.45,Active
502377,102100,5,Savings,2022-10-31,110310.31,Active
502378,107233,22,Savings,2020-12-06,165001.84,Active
502379,103583,24,Salary,2019-06-21,100156.32,Active
502380,108856,33,Current,2025-10-29,80093.51,Active
502381,106480,15,Savings,2022-10-31,220585.59,Active
502382,106722,24,Savings,2023-02-19,68463.0,Active
502383,103866,38,Salary,2023-11-22,73917.65,Active
502384,107431,9,Salary,2023-07-11,114615.87,Active
502385,106232,35,Savings,2023-04-11,54010.69,Dormant
502386,105763,25,Savings,2023-05-01,112625.74,Active
502387,109986,31,Savings,2019-01-14,79218.17,Active
502388,104591,19,Savings,2018-03-15,13279.38,Active
502389,102920,11,Savings,2021-02-24,157885.3,Active
502390,107189,36,Savings,2019-01-24,68877.41,Active
502391,107167,36,Salary,2017-01-27,606178.45,Active
502392,109171,26,Savings,2025-01-30,95321.5,Active
502393,107541,36,Savings,2020-04-24,157528.89,Active
502394,108842,23,Savings,2023-09-02,73358.97,Active
502395,107256,1,Salary,2025-03-08,33396.69,Active
502396,106368,34,Savings,2020-08-17,178964.28,Active
502397,104930,21,Premium,2025-08-06,229640.64,Active
502398,101572,1,Current,2021-12-21,67802.56,Active
502399,102303,7,Savings,2025-12-03,25960.64,Active
502400,100541,16,Savings,2023-07-13,709018.55,Active
502401,106458,5,Premium,2023-08-16,126516.29,Active
502402,104662,6,Current,2017-11-07,105713.33,Active
502403,108112,17,Salary,2018-08-30,119637.33,Active
502404,104467,12,Savings,2022-11-13,293284.65,Active
502405,100721,37,Current,2019-03-20,42001.18,Active
502406,104723,18,Salary,2022-02-07,18110.05,Active
502407,101840,31,Salary,2019-06-06,67726.7,Active
502408,100070,1,Current,2018-03-05,37685.72,Active
502409,102425,4,Savings,2025-12-04,54312.82,Active
502410,107729,28,Premium,2017-08-20,134719.37,Dormant
502411,104224,30,Savings,2024-11-15,382680.22,Active
502412,104415,8,Savings,2018-05-25,50634.83,Active
502413,104814,38,Savings,2017-09-22,27991.1,Active
502414,101931,3,Savings,2024-03-10,832105.27,Active
502415,100601,16,Savings,2024-06-05,465549.45,Active
502416,104272,10,Current,2025-03-05,109732.99,Active
502417,106764,9,Salary,2021-04-25,73375.54,Active
502418,109942,6,Savings,2025-12-31,105330.04,Active
502419,106104,21,Savings,2025-01-13,199065.46,Active
502420,106022,32,Salary,2024-10-29,83013.4,Active
502421,107715,34,Premium,2020-12-18,62897.89,Active
502422,106497,36,Current,2018-02-28,20566.44,Active
502423,105629,34,Savings,2022-12-23,199094.75,Active
502424,103744,26,Savings,2017-10-21,137118.9,Active
502425,105820,32,Savings,2024-12-05,27729.73,Active
502426,101034,39,Current,2018-05-11,63438.21,Active
502427,102562,38,Savings,2023-03-09,64601.42,Active
502428,106741,7,Current,2017-08-14,225857.35,Active
502429,106039,36,Current,2024-06-29,139704.28,Active
502430,108569,19,Savings,2020-12-11,335863.75,Active
502431,103585,23,Premium,2020-01-18,151435.17,Active
502432,100327,7,Savings,2025-11-09,17586.72,Active
502433,102753,24,Savings,2025-06-12,89939.27,Active
502434,109045,26,Current,2025-07-26,225696.42,Active
502435,101548,4,Current,2019-06-21,168393.09,Dormant
502436,107498,14,Savings,2023-06-27,18650.89,Active
502437,108507,23,Savings,2018-12-19,30415.82,Active
502438,103861,30,Current,2018-02-05,93216.3,Active
502439,100656,34,Current,2022-02-15,320900.28,Active
502440,107635,25,Savings,2020-02-20,182940.5,Active
502441,109909,5,Savings,2022-05-13,19164.6,Active
502442,106201,7,Salary,2022-03-07,28809.51,Active
502443,102451,29,Savings,2024-06-30,42238.7,Active
502444,106991,17,Salary,2017-10-03,14394.86,Active
502445,106255,3,Current,2023-01-19,56056.97,Active
502446,102058,21,Premium,2017-04-27,81592.14,Active
502447,107939,9,Premium,2020-05-23,88213.28,Active
502448,106813,10,Salary,2019-01-11,71755.67,Active
502449,105868,9,Savings,2024-06-26,69089.47,Active
502450,100019,36,Savings,2023-11-06,120333.87,Active
502451,102345,1,Salary,2023-01-15,67908.59,Active
502452,102132,26,Current,2019-04-22,240256.32,Active
502453,102329,29,Savings,2025-09-13,200948.29,Active
502454,102170,33,Savings,2025-03-02,134489.19,Active
502455,109944,35,Current,2018-01-14,105043.24,Active
502456,107964,18,Salary,2020-03-04,115137.2,Active
502457,106132,14,Salary,2018-12-10,144113.31,Active
502458,102110,15,Savings,2023-08-28,461898.57,Active
502459,104843,24,Savings,2022-06-18,33399.54,Active
502460,104392,1,Current,2018-05-02,46654.44,Active
502461,104099,20,Savings,2024-02-23,379155.94,Active
502462,108731,37,Current,2025-04-08,57441.19,Active
502463,101125,13,Savings,2025-04-25,7103.97,Active
502464,104735,25,Savings,2024-06-17,70301.4,Active
502465,107222,30,Savings,2020-10-01,193907.64,Closed
502466,107892,24,Savings,2024-07-17,152737.31,Active
502467,106496,26,Salary,2019-12-02,66513.64,Active
502468,102666,10,Salary,2025-10-02,76160.87,Active
502469,106974,5,Premium,2021-02-02,168147.29,Active
502470,103695,32,Salary,2018-01-27,84497.69,Active
502471,105545,9,Salary,2019-08-22,50454.24,Closed
502472,104270,38,Current,2024-05-09,63391.08,Active
502473,107845,1,Salary,2021-03-03,78603.09,Active
502474,107822,6,Savings,2021-01-10,203154.34,Active
502475,104499,38,Savings,2025-11-01,46926.4,Active
502476,109861,34,Savings,2025-05-03,41903.39,Active
502477,104648,19,Savings,2019-07-13,67581.18,Active
502478,102545,26,Current,2025-02-13,40340.02,Active
502479,100771,18,Savings,2017-03-21,196565.36,Active
502480,103486,32,Current,2019-08-31,39347.71,Active
502481,101255,1,Salary,2017-04-10,1812335.69,Dormant
502482,104967,15,Savings,2018-01-12,62517.35,Active
502483,107642,7,Savings,2021-02-24,70420.91,Active
502484,108080,26,Current,2018-05-28,36585.91,Active
502485,100253,27,Salary,2020-01-07,125577.08,Active
502486,107442,30,Savings,2022-03-12,23412.78,Active
502487,104546,16,Premium,2020-01-26,31847.41,Active
502488,105525,30,Premium,2025-10-06,52690.74,Active
502489,100360,27,Savings,2022-08-14,149089.85,Active
502490,103745,20,Current,2021-07-31,32582.03,Active
502491,107190,1,Current,2025-07-20,63587.53,Dormant
502492,105852,20,Savings,2020-05-24,2695109.04,Active
502493,108390,24,Savings,2018-11-25,17592.9,Active
502494,108532,21,Savings,2018-09-26,60163.28,Active
502495,103652,21,Savings,2021-03-29,203342.95,Active
502496,108171,31,Premium,2021-05-01,409060.01,Active
502497,101714,9,Current,2017-12-29,64101.59,Active
502498,109592,16,Current,2021-05-04,103643.4,Active
502499,102947,22,Savings,2017-08-24,111512.83,Active
502500,104179,38,Savings,2021-08-04,90149.3,Active
502501,103290,22,Savings,2017-08-12,28556.84,Active
502502,108916,15,Savings,2020-02-04,16340.38,Active
502503,106060,19,Salary,2024-03-28,29334.87,Active
502504,108051,8,Current,2022-04-24,224415.94,Active
502505,108721,9,Savings,2024-01-02,141853.94,Dormant
502506,107966,38,Salary,2018-09-03,209041.11,Active
502507,103374,8,Savings,2017-03-22,61691.07,Active
502508,105800,36,Savings,2019-05-12,52132.47,Active
502509,101181,23,Current,2021-04-08,59961.94,Active
502510,109099,30,Savings,2022-03-01,27706.37,Active
502511,107128,14,Premium,2018-02-22,46861.39,Active
502512,105814,7,Current,2024-11-02,69826.75,Active
502513,105268,4,Salary,2019-02-28,60026.25,Active
502514,101132,18,Savings,2019-06-09,29675.73,Active
502515,104784,25,Savings,2021-11-21,56820.58,Active
502516,107013,8,Premium,2019-04-23,245541.4,Active
502517,106330,3,Salary,2020-09-29,73496.45,Active
502518,104561,33,Current,2017-12-23,70947.39,Active
502519,107967,39,Salary,2018-08-28,119609.87,Active
502520,109076,29,Savings,2019-12-25,55892.27,Active
502521,100065,14,Savings,2025-09-17,1035072.72,Active
502522,104279,4,Savings,2024-11-22,112165.29,Active
502523,101816,6,Salary,2024-07-23,121351.86,Active
502524,102142,38,Savings,2021-02-19,66941.56,Closed
502525,103581,8,Salary,2025-08-14,104537.32,Active
502526,105403,35,Savings,2022-11-23,31403.78,Active
502527,104203,2,Current,2022-09-26,149596.63,Active
502528,107099,31,Savings,2021-11-30,636462.45,Active
502529,106973,29,Savings,2022-09-22,68472.45,Active
502530,102606,5,Savings,2020-08-19,146650.07,Active
502531,103850,16,Premium,2022-01-20,104373.92,Active
502532,106681,34,Premium,2023-10-19,286751.01,Active
502533,109705,38,Savings,2020-09-03,562790.23,Active
502534,103072,9,Savings,2024-10-01,186987.71,Active
502535,104859,5,Current,2018-10-23,169897.06,Active
502536,100286,5,Savings,2017-11-06,110718.27,Active
502537,108181,40,Savings,2023-02-12,58513.77,Active
502538,100379,1,Savings,2025-05-07,89151.92,Active
502539,101347,11,Savings,2022-01-02,64240.97,Active
502540,102817,19,Savings,2021-06-14,24211.74,Active
502541,105337,22,Salary,2019-08-03,223109.36,Active
502542,108662,9,Savings,2020-07-12,86663.28,Active
502543,100319,26,Savings,2024-11-05,267954.59,Active
502544,102451,29,Current,2018-05-07,120193.01,Active
502545,102290,31,Current,2023-10-06,308591.31,Active
502546,103966,17,Salary,2025-12-06,218548.27,Active
502547,104797,5,Savings,2018-06-17,380225.32,Active
502548,107987,39,Premium,2021-09-14,201199.97,Closed
502549,107636,14,Current,2025-06-25,110932.42,Active
502550,107893,20,Savings,2018-09-27,33731.5,Closed
502551,106128,28,Savings,2020-12-13,104293.46,Active
502552,109191,11,Current,2025-08-26,22779.77,Active
502553,106778,8,Current,2023-02-17,103188.43,Active
502554,105651,6,Savings,2020-10-28,118770.78,Active
502555,104735,30,Savings,2024-02-19,45293.22,Active
502556,102660,16,Salary,2022-10-17,76820.02,Active
502557,100124,8,Current,2023-05-02,604719.38,Active
502558,109365,36,Premium,2024-10-19,81371.4,Active
502559,101650,29,Salary,2018-11-08,204002.91,Active
502560,100138,34,Salary,2022-04-07,62036.7,Active
502561,106881,17,Savings,2024-02-24,225066.1,Dormant
502562,100489,12,Savings,2023-11-05,271469.67,Active
502563,104715,24,Salary,2023-11-23,122893.59,Active
502564,107274,25,Savings,2018-02-18,268906.66,Active
502565,102732,26,Salary,2026-01-04,428194.2,Active
502566,107818,17,Savings,2018-06-25,12115.63,Active
502567,103764,37,Savings,2020-01-13,34939.65,Active
502568,105741,7,Savings,2017-11-02,92563.65,Active
502569,104286,30,Savings,2019-07-14,35755.8,Active
502570,102675,32,Savings,2024-07-25,310990.76,Active
502571,103033,17,Premium,2024-07-23,56298.45,Active
502572,106176,28,Savings,2022-12-29,28157.28,Active
502573,106811,13,Savings,2019-04-20,87445.0,Active
502574,102808,40,Savings,2019-03-13,116148.85,Active
502575,103367,20,Savings,2018-01-05,155025.7,Active
502576,105444,31,Current,2017-01-18,50841.43,Active
502577,104596,33,Savings,2020-04-03,101266.03,Active
502578,107164,30,Savings,2024-08-26,24301.02,Active
502579,107684,3,Premium,2019-05-27,102744.08,Dormant
502580,109543,33,Salary,2023-11-02,91542.06,Active
502581,105566,39,Current,2017-07-08,78943.87,Active
502582,100651,10,Savings,2022-07-26,104519.75,Active
502583,106230,31,Salary,2019-02-20,47625.43,Closed
502584,109672,29,Savings,2022-04-17,144851.61,Active
502585,103043,18,Savings,2020-07-17,78441.28,Active
502586,106826,4,Savings,2018-07-28,20151.23,Active
502587,101629,13,Savings,2018-07-23,41805.23,Active
502588,103329,21,Savings,2022-01-01,113857.98,Active
502589,103290,8,Salary,2019-01-22,1764754.05,Active
502590,107981,27,Savings,2023-10-20,114916.63,Dormant
502591,105864,3,Current,2017-06-21,14555.42,Active
502592,101804,11,Savings,2020-10-30,18562.11,Active
502593,105182,8,Savings,2022-03-05,68344.57,Dormant
502594,109537,38,Savings,2018-08-17,241990.75,Dormant
502595,108233,23,Current,2019-03-25,180018.88,Active
502596,109776,4,Current,2024-06-02,364092.17,Active
502597,104504,34,Current,2025-08-20,13888.05,Active
502598,103310,34,Savings,2023-12-23,33244.07,Active
502599,105833,34,Savings,2020-08-07,29914.22,Active
502600,106476,33,Savings,2023-06-07,25896.26,Active
502601,109135,4,Savings,2021-02-17,33675.77,Active
502602,107436,3,Current,2025-07-31,77033.02,Active
502603,104973,35,Savings,2025-12-02,172154.46,Active
502604,107004,8,Savings,2024-09-21,14684.85,Active
502605,106522,30,Savings,2018-11-19,105063.02,Active
502606,103877,21,Savings,2020-07-12,202555.59,Active
502607,105042,20,Savings,2024-10-09,118297.75,Active
502608,102206,32,Savings,2024-04-23,66872.4,Active
502609,102216,10,Savings,2017-02-26,206999.79,Closed
502610,105263,2,Savings,2021-05-23,60598.05,Active
502611,104875,7,Savings,2018-12-03,144539.84,Active
502612,106237,36,Premium,2021-05-23,35409.97,Active
502613,105410,25,Savings,2025-02-24,314827.41,Active
502614,104215,19,Current,2018-03-09,83170.87,Active
502615,104324,25,Current,2025-08-16,45229.2,Active
502616,104107,28,Savings,2020-02-20,17928.01,Active
502617,101722,7,Savings,2019-08-20,10445.83,Active
502618,109080,28,Savings,2024-01-27,132828.71,Active
502619,104412,3,Premium,2025-01-25,55688.32,Active
502620,100345,19,Savings,2017-06-13,152446.73,Active
502621,108390,1,Savings,2025-06-18,82553.65,Active
502622,105727,21,Current,2020-03-16,136779.83,Active
502623,105105,25,Premium,2024-07-14,35080.87,Active
502624,107664,33,Current,2019-03-29,110608.34,Active
502625,108888,2,Current,2022-06-14,145790.5,Active
502626,108725,34,Salary,2024-12-11,20525.25,Active
502627,100286,26,Salary,2020-04-15,392977.56,Active
502628,105998,4,Savings,2022-05-09,215831.95,Active
502629,100303,15,Salary,2023-10-09,194235.71,Dormant
502630,107621,20,Premium,2021-11-22,147864.59,Active
502631,101363,29,Savings,2025-06-30,236120.9,Active
502632,104619,9,Current,2018-04-07,113273.1,Active
502633,102804,11,Savings,2024-04-21,33324.8,Active
502634,107513,37,Savings,2018-11-01,223874.43,Active
502635,102888,24,Savings,2021-06-29,795555.07,Active
502636,104828,10,Current,2018-09-30,53859.23,Active
502637,107261,17,Savings,2025-07-25,114910.9,Active
502638,105035,28,Savings,2024-07-04,25669.81,Active
502639,101303,34,Current,2023-06-28,134344.27,Active
502640,100967,32,Current,2025-01-17,89273.85,Active
502641,100683,15,Savings,2018-03-15,103178.37,Active
502642,105119,17,Salary,2020-03-14,156824.6,Active
502643,103641,8,Savings,2017-10-16,52908.04,Active
502644,102956,24,Savings,2024-03-06,151685.12,Active
502645,104916,33,Savings,2019-12-29,284873.41,Active
502646,101466,3,Savings,2019-10-08,35092.59,Active
502647,105916,1,Current,2017-02-01,51006.18,Active
502648,101023,18,Salary,2019-06-23,50002.68,Active
502649,107730,29,Savings,2020-06-15,112107.65,Active
502650,105990,17,Premium,2025-11-16,101149.22,Active
502651,108406,21,Savings,2021-12-07,136581.28,Active
502652,102022,33,Salary,2018-12-07,33559.15,Active
502653,105576,19,Savings,2021-06-15,25214.36,Active
502654,104627,31,Premium,2025-06-12,54888.24,Active
502655,106173,29,Salary,2019-06-28,340314.15,Active
502656,105198,18,Salary,2018-07-17,58591.89,Active
502657,109285,15,Savings,2023-03-21,53377.22,Active
502658,103871,6,Savings,2020-05-10,51491.58,Active
502659,103610,32,Savings,2019-11-15,58383.71,Active
502660,105081,25,Current,2017-10-04,74472.37,Active
502661,103832,37,Premium,2019-08-17,60781.26,Active
502662,100842,40,Salary,2019-10-20,36847.66,Active
502663,100558,35,Premium,2021-12-24,50440.34,Active
502664,108604,25,Premium,2024-01-15,79561.75,Active
502665,105022,13,Salary,2021-09-26,33407.56,Active
502666,105796,27,Salary,2023-05-20,126259.86,Active
502667,100906,32,Current,2018-04-10,27743.97,Closed
502668,104304,7,Savings,2021-04-24,39851.66,Active
502669,103342,4,Premium,2022-07-29,121466.46,Active
502670,108162,37,Current,2024-10-31,162459.34,Active
502671,105110,20,Savings,2020-04-28,31400.44,Active
502672,103904,21,Salary,2019-05-03,38790.66,Active
502673,109601,22,Savings,2020-02-12,218379.37,Active
502674,107402,33,Savings,2025-03-10,162047.9,Active
502675,102414,7,Savings,2020-06-03,402487.05,Active
502676,107078,14,Savings,2020-05-23,69401.77,Active
502677,109495,5,Savings,2025-02-16,1254770.82,Active
502678,103430,10,Current,2017-01-04,36630.2,Active
502679,107792,3,Salary,2019-10-24,24045.67,Active
502680,107454,31,Savings,2025-01-05,71299.72,Active
502681,106734,6,Savings,2022-06-01,35032.47,Active
502682,104963,37,Salary,2020-11-13,69969.3,Active
502683,102704,2,Savings,2017-09-20,66382.65,Active
502684,108311,24,Salary,2023-02-16,99517.36,Closed
502685,108907,32,Current,2022-03-03,25179.23,Active
502686,107605,14,Savings,2021-03-15,37402.49,Active
502687,103667,28,Savings,2023-09-06,293736.4,Active
502688,104639,39,Savings,2019-12-22,50382.77,Active
502689,109639,5,Salary,2019-05-08,34697.4,Active
502690,109724,1,Salary,2020-12-03,97064.49,Active
502691,108533,37,Savings,2025-10-10,20769.64,Dormant
502692,106748,30,Savings,2019-04-30,35361.64,Active
502693,104578,29,Savings,2023-02-04,31312.71,Active
502694,107113,25,Savings,2023-02-18,38436.09,Dormant
502695,108315,30,Salary,2020-04-27,30345.52,Closed
502696,109585,32,Savings,2022-06-11,203806.64,Active
502697,100759,30,Savings,2022-09-21,193501.27,Active
502698,102248,40,Savings,2017-09-12,211428.94,Active
502699,104511,20,Salary,2019-06-23,84866.43,Active
502700,103007,37,Salary,2021-06-26,395690.1,Active
502701,100428,1,Salary,2024-02-29,267762.84,Active
502702,107643,3,Savings,2017-08-22,227665.95,Active
502703,107239,14,Savings,2024-04-09,61833.72,Active
502704,108104,31,Savings,2021-03-28,305957.25,Dormant
502705,102031,34,Salary,2022-08-22,120847.53,Active
502706,108041,16,Salary,2020-10-06,79111.02,Active
502707,103288,12,Current,2022-05-16,229142.58,Closed
502708,107128,31,Savings,2022-08-25,45134.76,Active
502709,109403,24,Savings,2020-10-03,111672.2,Active
502710,102945,35,Current,2018-03-28,87749.66,Active
502711,104427,24,Savings,2019-07-22,53006.62,Active
502712,102318,2,Savings,2017-07-28,747696.59,Closed
502713,105956,39,Salary,2021-02-19,65418.78,Active
502714,104340,3,Savings,2019-01-28,163545.43,Active
502715,103041,39,Salary,2018-02-06,196649.74,Active
502716,106270,37,Premium,2021-12-14,18551.16,Dormant
502717,105661,23,Salary,2025-10-14,35673.25,Active
502718,102798,26,Savings,2018-04-13,56141.18,Active
502719,101784,32,Savings,2021-08-04,169639.19,Active
502720,108073,13,Current,2021-10-11,54626.1,Active
502721,104192,7,Salary,2023-09-12,75849.68,Active
502722,102176,26,Savings,2025-09-23,37902.09,Active
502723,105026,18,Savings,2021-08-30,39425.34,Active
502724,104651,23,Savings,2025-02-08,323463.38,Active
502725,103300,5,Premium,2024-08-30,43253.06,Active
502726,100493,8,Salary,2024-11-15,209145.14,Active
502727,106158,35,Salary,2022-03-15,91741.06,Active
502728,109172,15,Savings,2018-11-23,97750.07,Active
502729,107207,29,Salary,2019-09-11,19618.19,Active
502730,107269,28,Savings,2021-03-12,179654.71,Active
502731,102438,3,Savings,2020-07-29,185047.64,Active
502732,101275,1,Current,2021-04-05,198878.84,Active
502733,108292,34,Savings,2017-02-08,74884.04,Active
502734,104246,8,Salary,2024-12-19,186488.58,Dormant
502735,104036,28,Premium,2017-03-31,633029.26,Active
502736,102849,8,Savings,2023-01-26,63322.98,Active
502737,104733,28,Premium,2025-02-26,251975.14,Active
502738,104892,8,Savings,2025-06-28,82679.93,Active
502739,102766,38,Savings,2019-05-26,124282.72,Active
502740,109559,26,Salary,2024-12-01,247741.15,Active
502741,102061,2,Salary,2021-09-04,691121.67,Active
502742,102936,3,Premium,2018-06-10,674429.25,Active
502743,104123,38,Current,2018-09-11,67766.05,Active
502744,106405,11,Current,2017-09-08,88975.27,Active
502745,107488,7,Salary,2020-02-20,67866.25,Active
502746,107479,26,Savings,2025-09-12,309031.58,Active
502747,104464,5,Savings,2019-09-05,229850.0,Active
502748,101953,34,Premium,2019-09-14,103424.48,Closed
502749,104470,7,Salary,2022-07-01,378257.07,Active
502750,101036,32,Current,2020-05-04,22446.09,Active
502751,102427,1,Current,2023-10-25,570450.92,Active
502752,101691,16,Premium,2017-07-28,40196.15,Active
502753,108370,38,Current,2020-12-27,290045.93,Active
502754,104839,32,Premium,2019-02-12,65899.04,Active
502755,100454,28,Salary,2023-07-13,55106.19,Active
502756,102525,34,Savings,2024-11-16,36342.55,Active
502757,100657,27,Savings,2025-12-06,81659.67,Dormant
502758,101488,11,Savings,2021-03-07,59472.89,Active
502759,104299,27,Current,2021-10-26,46546.07,Active
502760,103252,9,Savings,2018-07-06,15298.57,Active
502761,100784,20,Current,2019-08-21,36478.94,Active
502762,101098,15,Savings,2019-03-08,101314.29,Active
502763,109699,11,Savings,2023-01-04,11350.45,Active
502764,109468,31,Savings,2018-11-13,34769.8,Active
502765,100602,9,Savings,2024-05-22,93826.12,Active
502766,109440,18,Current,2022-03-13,146795.96,Active
502767,102181,32,Savings,2024-07-08,78412.27,Active
502768,102790,24,Salary,2020-06-25,15352.07,Active
502769,105980,15,Savings,2017-07-28,98090.19,Active
502770,100219,19,Salary,2025-06-16,206735.9,Active
502771,106245,4,Savings,2025-05-26,391615.37,Active
502772,100260,9,Current,2022-08-14,57723.73,Active
502773,100866,40,Savings,2020-11-12,394289.25,Active
502774,106775,35,Savings,2020-10-23,109676.5,Active
502775,107556,30,Current,2021-07-03,286568.51,Active
502776,105897,23,Savings,2023-02-02,785547.58,Active
502777,108194,7,Salary,2019-09-19,214612.73,Active
502778,100417,1,Salary,2025-06-08,49664.34,Active
502779,104827,34,Current,2025-04-29,38323.2,Closed
502780,105419,12,Savings,2017-12-09,75598.47,Active
502781,100674,22,Current,2019-09-19,40965.92,Active
502782,106179,39,Savings,2020-09-21,180654.13,Active
502783,107291,30,Current,2018-04-06,55685.7,Active
502784,106369,22,Current,2023-01-24,31312.06,Dormant
502785,108030,8,Current,2022-02-28,51221.56,Active
502786,106179,27,Savings,2017-11-19,76159.0,Closed
502787,105015,3,Current,2025-11-23,69640.88,Active
502788,109082,11,Salary,2018-02-04,130910.68,Active
502789,105033,31,Savings,2017-10-08,221474.77,Active
502790,102653,34,Salary,2021-02-14,73366.18,Active
502791,106345,10,Savings,2025-11-25,183804.35,Active
502792,106654,11,Current,2024-01-31,66516.37,Active
502793,108649,37,Current,2024-02-26,54856.29,Active
502794,106997,33,Savings,2021-08-25,32754.93,Active
502795,105401,10,Savings,2020-10-31,29069.4,Active
502796,103306,11,Salary,2019-11-15,155975.19,Closed
502797,105369,6,Savings,2021-03-22,74823.19,Active
502798,107131,19,Salary,2020-05-28,112884.08,Active
502799,107376,13,Savings,2017-08-29,223705.4,Active
502800,106155,40,Current,2024-03-26,20330.39,Active
502801,104913,31,Savings,2017-07-01,41084.18,Active
502802,100177,19,Salary,2024-10-15,14168.6,Dormant
502803,104804,30,Current,2022-03-02,69082.39,Active
502804,107209,40,Savings,2020-03-06,37223.15,Closed
502805,103182,1,Savings,2022-06-02,234836.65,Active
502806,101495,2,Savings,2018-09-16,158971.58,Closed
502807,104603,36,Salary,2019-07-07,242452.43,Active
502808,104262,10,Salary,2025-01-30,66775.56,Active
502809,109622,12,Salary,2017-04-12,94295.74,Active
502810,105764,9,Current,2024-05-25,59435.89,Active
502811,104119,3,Salary,2023-03-16,265589.89,Active
502812,108816,24,Premium,2019-02-05,30517.19,Dormant
502813,107989,20,Savings,2018-01-07,266947.28,Active
502814,108128,5,Salary,2022-09-09,42148.67,Active
502815,103090,11,Premium,2022-06-25,49165.25,Active
502816,102809,4,Current,2020-10-14,59618.83,Active
502817,107271,1,Savings,2019-10-03,47483.64,Active
502818,104909,11,Premium,2025-04-18,36182.9,Active
502819,105666,15,Premium,2018-05-27,32008.59,Active
502820,107112,21,Salary,2018-10-28,37327.68,Active
502821,109438,7,Savings,2018-01-24,80900.2,Active
502822,105519,2,Savings,2022-05-23,157829.71,Active
502823,107194,35,Savings,2024-03-30,255501.13,Active
502824,108533,28,Savings,2017-11-04,41100.96,Dormant
502825,105621,26,Salary,2023-09-03,26959.26,Active
502826,104741,5,Savings,2021-05-10,441554.8,Active
502827,106995,35,Savings,2025-03-18,37684.5,Active
502828,100318,15,Salary,2017-10-28,110346.78,Active
502829,104367,11,Savings,2021-07-29,86406.75,Active
502830,101468,39,Savings,2020-04-17,884244.26,Active
502831,109362,9,Salary,2022-10-03,26656.14,Active
502832,108815,1,Salary,2020-10-19,100435.21,Active
502833,102991,39,Savings,2020-05-04,61637.51,Active
502834,103834,40,Savings,2019-03-14,197348.8,Active
502835,108686,34,Savings,2019-08-31,44241.69,Dormant
502836,103429,31,Savings,2023-09-15,33802.91,Active
502837,103538,31,Salary,2018-06-08,219145.92,Active
502838,107798,11,Salary,2022-09-20,38636.49,Active
502839,100953,18,Salary,2024-11-28,11068.83,Active
502840,102268,34,Current,2017-04-13,105986.38,Active
502841,104627,35,Savings,2021-08-07,147161.09,Active
502842,107389,24,Current,2020-11-14,271489.23,Active
502843,106332,26,Salary,2022-07-07,119840.26,Active
502844,109739,40,Savings,2020-02-17,107526.85,Active
502845,104883,21,Savings,2022-03-30,870677.14,Dormant
502846,107498,19,Salary,2021-08-19,286322.69,Dormant
502847,100348,3,Savings,2024-09-06,73538.61,Active
502848,101079,3,Savings,2018-09-29,67224.08,Active
502849,101430,24,Savings,2018-06-22,251302.73,Active
502850,101673,18,Current,2022-01-23,170504.28,Active
502851,109717,24,Savings,2024-08-14,77640.26,Active
502852,107234,29,Savings,2023-02-15,254382.78,Active
502853,106665,9,Salary,2021-07-09,59499.53,Dormant
502854,106580,24,Current,2022-09-04,48142.07,Active
502855,108154,35,Savings,2018-06-05,26949.97,Dormant
502856,103131,14,Savings,2022-02-07,992159.79,Active
502857,107124,12,Salary,2025-05-23,242670.28,Active
502858,109661,5,Savings,2021-09-17,80342.78,Active
502859,104129,2,Current,2021-10-22,227306.81,Active
502860,100505,19,Salary,2021-12-28,299933.27,Active
502861,109394,40,Savings,2021-10-23,418264.85,Active
502862,106796,35,Savings,2019-10-16,72891.3,Active
502863,102088,39,Premium,2021-07-27,36403.27,Active
502864,100854,11,Current,2019-11-23,59763.56,Active
502865,109544,6,Premium,2022-08-02,239745.34,Active
502866,108819,40,Current,2018-01-13,19821.05,Active
502867,102369,30,Savings,2024-04-19,28059.5,Active
502868,105068,26,Salary,2023-12-17,390076.93,Active
502869,108193,38,Premium,2023-05-09,298103.82,Active
502870,103871,1,Salary,2019-12-22,57309.94,Active
502871,100461,19,Savings,2022-01-25,34008.11,Active
502872,102591,8,Savings,2025-11-15,221874.74,Active
502873,107671,39,Savings,2017-05-17,27320.55,Active
502874,107126,40,Savings,2019-04-20,127837.84,Active
502875,102627,23,Savings,2019-10-23,34183.83,Active
502876,108411,9,Savings,2021-10-03,76147.79,Active
502877,100849,40,Savings,2019-01-31,6148.0,Active
502878,106025,30,Savings,2022-04-30,83531.51,Active
502879,105530,33,Salary,2020-01-17,54615.86,Active
502880,103647,28,Current,2019-12-14,49790.36,Active
502881,109395,28,Salary,2023-05-17,278683.46,Active
502882,108930,4,Savings,2020-04-14,45028.03,Active
502883,104289,37,Salary,2021-02-23,33733.76,Active
502884,103360,29,Savings,2020-11-13,100822.84,Active
502885,106853,35,Savings,2025-09-19,38575.04,Active
502886,101919,9,Current,2018-08-03,91869.06,Active
502887,103260,14,Savings,2023-11-02,23939.63,Dormant
502888,100551,15,Savings,2021-06-15,41637.85,Active
502889,102186,25,Savings,2018-07-31,45225.71,Active
502890,105484,18,Salary,2023-07-16,94327.17,Active
502891,108276,38,Savings,2025-01-01,186353.51,Active
502892,104150,18,Current,2025-11-13,14670.92,Dormant
502893,100404,38,Current,2025-07-02,40697.23,Active
502894,106730,8,Current,2019-10-10,54198.14,Active
502895,109902,32,Savings,2023-04-12,111824.5,Active
502896,102269,13,Savings,2023-03-09,36514.09,Active
502897,103293,29,Savings,2020-12-15,252770.72,Dormant
502898,104358,5,Savings,2021-09-28,781141.09,Active
502899,101214,21,Current,2018-02-27,3414.73,Active
502900,106268,30,Savings,2023-01-23,35862.84,Active
502901,108865,1,Premium,2025-07-09,90722.04,Active
502902,100863,20,Savings,2023-05-30,97753.7,Active
502903,109081,3,Savings,2024-07-28,41984.25,Active
502904,105005,3,Salary,2022-04-01,53177.52,Active
502905,104157,26,Savings,2020-07-20,68717.98,Active
502906,100530,7,Savings,2023-08-02,244645.21,Active
502907,109696,29,Savings,2019-01-24,173465.01,Active
502908,105810,22,Salary,2023-02-27,46513.57,Active
502909,100104,3,Savings,2018-06-21,14524.57,Active
502910,101120,37,Savings,2023-01-06,223934.41,Active
502911,108747,19,Salary,2022-05-05,208997.43,Active
502912,106062,25,Savings,2019-09-29,12561.14,Active
502913,104665,36,Savings,2023-07-22,330341.96,Active
502914,102755,34,Savings,2017-01-14,217352.47,Active
502915,101339,17,Savings,2021-11-27,46155.76,Dormant
502916,107942,9,Savings,2023-10-28,25545.99,Active
502917,109981,31,Current,2021-05-10,59419.07,Active
502918,107745,22,Salary,2019-11-03,278397.12,Active
502919,107682,12,Premium,2021-11-25,44718.67,Active
502920,106608,5,Current,2021-06-17,52275.36,Active
502921,101126,39,Savings,2022-09-26,289275.01,Active
502922,102089,10,Savings,2017-01-30,155175.38,Active
502923,103502,39,Salary,2022-03-10,43262.77,Active
502924,109926,18,Salary,2025-01-25,22079.93,Active
502925,103760,1,Current,2018-09-01,51773.87,Active
502926,103325,15,Current,2024-04-09,375524.5,Active
502927,109264,16,Current,2021-11-30,21099.85,Active
502928,104016,34,Savings,2023-05-05,32943.46,Active
502929,106807,36,Savings,2020-08-21,267731.07,Active
502930,106795,26,Savings,2024-01-01,34493.91,Active
502931,105590,10,Current,2020-02-10,333699.74,Active
502932,104501,19,Salary,2021-10-16,33167.66,Active
502933,107387,13,Savings,2018-04-16,76120.18,Active
502934,108405,8,Savings,2017-03-09,36634.06,Active
502935,104381,14,Premium,2020-03-25,77971.47,Active
502936,100153,15,Current,2024-03-12,64799.57,Active
502937,108254,6,Current,2020-10-10,101647.27,Active
502938,103044,39,Salary,2021-06-29,20069.13,Dormant
502939,104578,32,Premium,2018-10-24,212508.63,Dormant
502940,100740,1,Salary,2022-12-21,12213.9,Active
502941,100306,18,Salary,2017-05-21,46748.79,Active
502942,104806,34,Savings,2021-04-10,29207.56,Active
502943,105986,33,Salary,2022-01-09,142851.46,Active
502944,102302,30,Salary,2020-10-15,133488.49,Active
502945,103657,37,Current,2020-11-09,10093.07,Active
502946,108639,27,Current,2022-06-28,231304.52,Active
502947,108656,22,Premium,2018-11-09,130199.74,Active
502948,101808,37,Savings,2018-11-12,131344.62,Active
502949,104559,30,Salary,2017-09-16,212018.45,Active
502950,108210,32,Savings,2019-12-15,60161.13,Active
502951,109665,40,Savings,2020-02-03,100771.42,Active
502952,109569,13,Savings,2023-05-15,115544.68,Active
502953,107828,22,Premium,2025-03-01,149463.48,Active
502954,101834,8,Salary,2020-01-07,93274.07,Active
502955,108674,34,Savings,2018-11-19,496671.32,Active
502956,103714,19,Salary,2021-08-14,7924.46,Active
502957,106076,16,Current,2017-01-11,155164.37,Active
502958,100743,35,Salary,2025-09-24,109853.91,Active
502959,109390,33,Savings,2023-06-09,95657.96,Active
502960,106455,9,Savings,2025-07-06,551456.59,Active
502961,108108,2,Salary,2025-08-10,60073.17,Active
502962,109833,7,Salary,2024-06-09,33538.17,Active
502963,104455,30,Savings,2018-11-20,412743.16,Active
502964,109745,10,Savings,2024-01-31,38678.03,Active
502965,104802,14,Current,2019-07-29,47610.38,Active
502966,109905,1,Current,2019-11-14,25160.32,Active
502967,105383,14,Salary,2018-10-23,94105.97,Active
502968,102187,33,Savings,2017-10-19,32551.4,Active
502969,102747,23,Savings,2019-04-13,105942.88,Dormant
502970,107027,3,Savings,2022-06-02,81119.92,Dormant
502971,102187,29,Salary,2020-12-01,29173.72,Active
502972,100351,5,Premium,2024-03-28,23437.75,Active
502973,108097,14,Savings,2018-11-27,15346.67,Active
502974,101529,5,Salary,2022-10-16,7963.33,Active
502975,107275,25,Savings,2025-12-11,175499.27,Active
502976,107734,23,Savings,2022-07-29,265590.45,Active
502977,101446,26,Salary,2020-09-15,80864.32,Active
502978,101486,8,Premium,2021-10-08,71083.78,Active
502979,101494,16,Savings,2022-02-18,22596.86,Active
502980,107917,11,Savings,2024-07-24,13509.77,Active
502981,109678,34,Premium,2024-10-21,206783.91,Active
502982,107670,23,Current,2020-10-11,264526.1,Active
502983,107830,8,Salary,2020-03-31,121261.48,Closed
502984,107466,24,Salary,2017-01-30,59628.02,Active
502985,109674,25,Current,2025-11-15,196101.39,Active
502986,108156,18,Savings,2018-01-01,42614.05,Active
502987,109108,33,Salary,2024-11-09,44320.92,Active
502988,103561,6,Savings,2025-06-24,42472.13,Active
502989,103197,16,Savings,2018-12-18,67791.62,Active
502990,108187,19,Current,2020-10-11,66086.07,Active
502991,106344,22,Salary,2024-10-07,19738.78,Active
502992,103344,12,Premium,2019-12-13,142801.4,Active
502993,106897,29,Savings,2017-01-13,217365.59,Active
502994,103327,36,Current,2023-09-02,172026.85,Active
502995,102683,33,Current,2023-02-24,26163.44,Active
502996,109813,28,Premium,2022-05-01,14826.87,Active
502997,103958,5,Current,2020-06-10,295214.04,Active
502998,107934,18,Savings,2023-12-22,84541.2,Active
502999,106296,31,Current,2022-08-08,341934.46,Active
503000,101867,34,Current,2023-06-22,56361.1,Active
503001,107966,2,Current,2019-01-31,136159.2,Active
503002,101606,33,Savings,2018-05-30,856339.5,Active
503003,101173,24,Savings,2018-11-14,362684.75,Active
503004,104960,6,Current,2017-04-16,185259.95,Active
503005,103765,40,Premium,2022-09-30,22637.12,Active
503006,102143,37,Savings,2018-11-16,451291.54,Active
503007,105655,2,Premium,2018-03-08,48798.46,Active
503008,102852,26,Savings,2019-07-04,108441.93,Active
503009,104114,8,Savings,2017-08-29,49846.2,Active
503010,100243,9,Current,2017-04-09,65925.86,Closed
503011,109261,40,Premium,2022-10-05,57932.43,Active
503012,103206,7,Salary,2017-04-25,152693.15,Active
503013,103378,3,Savings,2018-07-07,89910.53,Active
503014,109904,2,Savings,2018-11-28,136329.69,Active
503015,102073,35,Current,2022-11-08,116757.75,Active
503016,100590,22,Savings,2025-11-25,20094.57,Active
503017,104464,29,Savings,2017-11-17,145799.03,Active
503018,105577,18,Salary,2025-04-04,32417.47,Active
503019,107793,25,Savings,2019-12-12,39064.89,Active
503020,107187,4,Current,2018-08-20,169998.0,Active
503021,108452,36,Savings,2019-03-17,46714.25,Active
503022,100508,1,Premium,2024-06-08,264024.1,Active
503023,100671,18,Savings,2022-10-09,55985.79,Active
503024,100330,9,Salary,2023-09-23,49593.4,Active
503025,109657,31,Salary,2020-04-16,68211.18,Active
503026,104508,37,Savings,2022-09-09,116709.76,Active
503027,108636,35,Salary,2020-09-04,60723.01,Active
503028,100916,4,Savings,2017-11-27,172385.09,Active
503029,107411,38,Savings,2020-09-25,154682.59,Active
503030,106503,33,Savings,2025-12-25,145007.83,Active
503031,103323,13,Current,2022-07-24,188928.48,Active
503032,103386,12,Savings,2021-03-24,20674.54,Closed
503033,104320,28,Current,2025-02-27,18775.1,Active
503034,104196,15,Current,2017-11-03,90200.78,Active
503035,103538,14,Savings,2022-01-27,179958.66,Active
503036,104310,21,Savings,2022-05-15,175499.19,Active
503037,102416,21,Savings,2021-04-24,66529.41,Active
503038,103458,6,Savings,2019-01-30,142411.37,Active
503039,105458,2,Current,2017-01-17,48870.16,Closed
503040,103397,19,Savings,2018-05-20,20040.49,Active
503041,106738,13,Savings,2020-03-05,55120.7,Active
503042,103283,17,Salary,2021-12-16,93934.08,Active
503043,105553,35,Savings,2020-02-28,176835.59,Active
503044,106538,23,Savings,2018-09-30,210137.36,Active
503045,104947,16,Premium,2025-05-08,477641.29,Active
503046,101089,4,Savings,2020-12-13,180290.94,Active
503047,100484,2,Savings,2023-08-10,92965.61,Active
503048,105828,11,Savings,2017-02-25,25595.17,Active
503049,104953,6,Savings,2024-05-15,23880.98,Active
503050,103058,14,Salary,2018-12-22,82213.58,Dormant
503051,100228,24,Savings,2024-12-01,181307.84,Active
503052,104362,11,Savings,2022-08-09,66784.16,Active
503053,106598,3,Current,2018-07-14,13425.03,Active
503054,104540,20,Current,2022-04-10,104041.87,Active
503055,103147,40,Savings,2018-07-21,152802.12,Active
503056,104798,22,Savings,2019-01-28,162318.95,Active
503057,102674,25,Current,2023-08-06,50090.84,Active
503058,104238,5,Salary,2017-02-01,1493554.85,Active
503059,102848,7,Savings,2026-01-10,40055.14,Dormant
503060,102172,7,Premium,2018-03-07,104940.34,Active
503061,103501,33,Current,2017-09-27,276968.95,Active
503062,103965,13,Savings,2021-12-08,85630.38,Active
503063,106659,26,Salary,2021-07-29,72348.85,Closed
503064,106828,26,Savings,2017-11-23,122220.56,Active
503065,108698,10,Savings,2022-02-08,43999.69,Active
503066,103253,4,Savings,2017-03-28,276200.58,Active
503067,106220,5,Savings,2022-03-01,32567.94,Active
503068,106356,6,Current,2023-11-03,25760.57,Active
503069,101128,32,Savings,2017-06-11,825900.74,Active
503070,104914,15,Savings,2024-08-12,27506.5,Active
503071,104394,32,Salary,2025-05-17,199947.83,Active
503072,105043,23,Premium,2018-07-22,62382.66,Active
503073,107375,33,Savings,2025-08-28,43738.64,Active
503074,101989,14,Savings,2019-04-17,81081.66,Active
503075,103542,33,Savings,2018-07-11,78187.52,Active
503076,101336,9,Salary,2024-04-21,189148.82,Dormant
503077,103785,32,Salary,2017-03-25,93322.58,Active
503078,108283,39,Savings,2019-08-04,54910.01,Active
503079,106753,5,Savings,2018-08-16,135475.15,Active
503080,105034,22,Savings,2018-11-15,590936.32,Active
503081,100532,19,Current,2018-04-08,397454.79,Active
503082,108947,14,Savings,2021-05-30,67840.74,Active
503083,100646,29,Savings,2025-09-18,45358.58,Active
503084,103111,26,Savings,2020-01-20,17510.31,Active
503085,106187,3,Savings,2024-11-07,51427.18,Active
503086,106694,8,Savings,2019-11-04,33020.94,Active
503087,103481,40,Salary,2020-08-09,38671.58,Active
503088,106197,30,Savings,2019-11-06,20231.23,Active
503089,106159,13,Savings,2025-09-16,266090.56,Active
503090,107291,31,Savings,2017-03-12,14268.04,Active
503091,108337,34,Current,2020-07-15,116623.88,Active
503092,100599,40,Savings,2025-11-20,17835.6,Active
503093,103324,1,Premium,2019-07-13,18268.01,Active
503094,105555,3,Current,2018-04-24,228648.66,Active
503095,103541,24,Savings,2019-08-10,22863.77,Active
503096,109229,15,Savings,2024-11-01,20024.91,Active
503097,104970,12,Savings,2024-02-21,424060.64,Active
503098,106566,10,Salary,2025-03-21,11099.48,Active
503099,102899,17,Savings,2022-12-07,33096.98,Active
503100,107909,26,Current,2017-12-19,81843.73,Active
503101,104092,12,Current,2023-06-19,24395.03,Active
503102,104657,24,Current,2019-11-18,114899.1,Active
503103,105781,37,Current,2023-12-01,121044.99,Active
503104,109396,40,Current,2021-06-09,110817.91,Active
503105,103603,10,Salary,2022-07-18,80407.34,Active
503106,103916,40,Salary,2019-01-17,544035.0,Active
503107,107617,24,Premium,2022-10-09,139379.69,Active
503108,103761,9,Savings,2020-08-18,48274.27,Active
503109,106795,32,Salary,2018-07-12,25310.97,Closed
503110,101180,1,Savings,2022-03-01,64762.88,Active
503111,107908,26,Savings,2019-03-07,46484.98,Active
503112,100718,38,Savings,2023-09-09,31829.0,Active
503113,109584,18,Savings,2017-12-20,64327.75,Active
503114,106077,36,Savings,2023-04-24,58673.48,Active
503115,109362,5,Premium,2023-06-13,109679.85,Active
503116,107615,24,Premium,2018-02-05,51662.15,Active
503117,104261,21,Savings,2018-02-20,163883.74,Active
503118,106197,7,Current,2025-02-02,210516.24,Active
503119,107413,36,Savings,2025-05-08,93852.35,Active
503120,109724,25,Savings,2019-10-09,491317.38,Active
503121,109593,5,Salary,2017-07-11,395919.96,Active
503122,108422,19,Savings,2025-07-04,84830.54,Active
503123,105774,39,Premium,2025-01-23,30976.97,Active
503124,106986,25,Savings,2018-01-05,77184.92,Active
503125,106604,12,Current,2018-05-22,28956.05,Active
503126,109974,14,Savings,2021-08-08,26964.19,Active
503127,109457,16,Savings,2023-08-12,135482.44,Active
503128,100927,26,Savings,2023-03-21,94377.12,Active
503129,106427,38,Savings,2025-07-29,134213.68,Active
503130,108435,21,Current,2017-11-04,97359.65,Active
503131,105031,40,Savings,2022-05-22,31564.49,Active
503132,102115,10,Savings,2021-03-31,72236.16,Active
503133,101673,25,Savings,2017-01-31,79909.69,Active
503134,101141,11,Salary,2020-12-21,225326.74,Active
503135,108522,40,Savings,2024-08-18,257679.93,Active
503136,107872,29,Savings,2025-09-29,58603.61,Active
503137,105156,33,Current,2023-06-30,601901.21,Active
503138,109432,22,Savings,2024-05-14,101169.94,Active
503139,105953,30,Savings,2017-10-14,30019.29,Active
503140,102064,37,Current,2018-08-11,108321.23,Active
503141,108829,1,Savings,2021-01-14,84642.65,Active
503142,105968,23,Savings,2023-12-27,51821.67,Active
503143,102270,13,Salary,2017-11-28,58481.5,Active
503144,103515,5,Savings,2022-09-05,16063.71,Active
503145,100523,13,Savings,2025-09-14,35562.04,Active
503146,104715,23,Current,2018-05-20,100121.22,Active
503147,100930,25,Savings,2023-05-25,32533.32,Active
503148,100765,9,Current,2023-03-23,276653.72,Active
503149,102629,39,Current,2024-07-03,202291.2,Active
503150,106925,34,Current,2017-12-28,83515.62,Active
503151,104991,26,Savings,2017-12-06,29281.87,Active
503152,107380,4,Salary,2017-11-06,236990.82,Active
503153,100627,37,Savings,2019-06-15,497071.01,Dormant
503154,103703,39,Savings,2025-12-17,202896.85,Active
503155,109597,6,Savings,2017-02-14,34444.29,Active
503156,104504,21,Salary,2017-02-06,70532.15,Active
503157,106317,39,Savings,2025-06-28,33327.47,Active
503158,102025,32,Savings,2023-03-30,83137.48,Active
503159,106511,2,Savings,2023-09-19,588861.95,Active
503160,101610,33,Salary,2024-08-13,97122.8,Active
503161,101430,9,Current,2026-01-08,174798.96,Dormant
503162,105577,37,Savings,2017-12-30,185836.23,Active
503163,105067,6,Salary,2020-11-06,30397.64,Active
503164,104437,30,Current,2021-10-10,26953.74,Active
503165,103453,19,Savings,2021-09-16,493423.73,Active
503166,106862,36,Savings,2023-10-18,27173.91,Active
503167,103042,8,Savings,2022-11-06,154643.75,Active
503168,107678,25,Salary,2023-05-16,77260.91,Active
503169,109935,18,Current,2020-10-27,129800.07,Active
503170,104341,13,Salary,2019-04-11,102398.28,Closed
503171,106701,14,Savings,2019-04-15,295641.43,Active
503172,104856,19,Salary,2020-01-24,205236.27,Active
503173,101169,4,Premium,2017-09-12,69456.3,Active
503174,104532,21,Savings,2021-03-15,13871.26,Active
503175,105074,15,Savings,2019-06-21,28081.38,Active
503176,107987,9,Savings,2024-08-18,20472.16,Active
503177,103496,15,Premium,2023-10-25,59051.32,Active
503178,100754,38,Salary,2017-08-24,199041.17,Dormant
503179,100283,35,Current,2023-09-15,358300.26,Active
503180,105310,31,Salary,2025-02-05,125454.52,Active
503181,104999,34,Salary,2025-10-13,59413.27,Active
503182,107474,28,Savings,2019-09-18,105362.84,Active
503183,109889,23,Salary,2026-01-11,456630.97,Active
503184,107658,37,Premium,2020-07-08,283236.06,Active
503185,104842,1,Savings,2018-06-10,65774.35,Active
503186,102566,2,Current,2022-04-08,145968.03,Active
503187,109943,36,Savings,2018-03-22,41548.56,Active
503188,108236,26,Salary,2025-06-12,49713.62,Active
503189,102857,19,Savings,2017-04-25,27566.89,Active
503190,109035,21,Savings,2019-05-28,54405.54,Active
503191,104595,32,Premium,2021-12-06,45010.21,Active
503192,108863,6,Savings,2022-05-30,836878.9,Active
503193,100960,14,Salary,2023-07-28,96015.29,Active
503194,107656,17,Savings,2024-08-08,68488.72,Active
503195,101501,2,Savings,2022-06-05,486553.08,Active
503196,103686,7,Savings,2024-07-09,118786.79,Active
503197,106836,40,Premium,2017-10-31,92470.39,Dormant
503198,102334,6,Savings,2020-10-22,164452.81,Active
503199,102687,8,Savings,2025-02-12,86210.63,Active
503200,100703,36,Savings,2021-07-13,519612.61,Active
503201,104345,33,Salary,2019-05-12,87273.93,Dormant
503202,103484,29,Savings,2025-09-29,100244.46,Active
503203,100655,7,Savings,2024-06-18,55711.67,Dormant
503204,102676,18,Savings,2022-06-21,9734.36,Active
503205,101827,29,Current,2024-01-31,19790.1,Active
503206,103395,6,Savings,2020-01-01,50234.4,Active
503207,106113,31,Salary,2025-03-01,265600.0,Active
503208,109803,20,Savings,2019-05-16,29394.28,Active
503209,100789,16,Savings,2018-05-24,14636.61,Active
503210,108535,38,Savings,2021-10-20,142929.3,Active
503211,108391,29,Savings,2019-08-28,103500.88,Active
503212,109761,2,Salary,2024-07-31,37600.0,Active
503213,107573,13,Premium,2020-10-01,13019.41,Dormant
503214,104940,32,Salary,2020-07-26,256176.5,Active
503215,107092,21,Savings,2017-12-02,138867.78,Active
503216,104519,19,Savings,2022-02-28,202550.87,Active
503217,104526,6,Savings,2022-11-01,84144.44,Active
503218,109126,8,Premium,2022-06-05,123936.11,Active
503219,102300,3,Salary,2023-01-24,72418.82,Active
503220,103154,37,Savings,2023-07-04,61387.81,Active
503221,104419,16,Savings,2018-05-27,121438.07,Active
503222,102565,38,Premium,2017-08-10,70030.65,Active
503223,108788,19,Premium,2021-01-25,268951.28,Active
503224,104490,3,Premium,2025-07-31,201445.06,Active
503225,105207,23,Savings,2017-10-06,443372.41,Active
503226,100387,5,Premium,2017-05-18,796821.21,Dormant
503227,103754,35,Savings,2018-10-11,40781.75,Active
503228,107090,8,Salary,2022-08-05,250411.9,Active
503229,109288,19,Salary,2020-09-08,105512.63,Active
503230,106332,12,Current,2020-12-09,201924.39,Active
503231,107124,15,Savings,2020-03-23,39986.84,Active
503232,107229,18,Current,2020-11-27,9561.58,Active
503233,104523,20,Savings,2025-01-19,138004.16,Closed
503234,103849,12,Savings,2023-01-26,94343.62,Active
503235,107457,6,Savings,2018-01-01,39012.7,Active
503236,108890,4,Salary,2024-03-16,31155.86,Active
503237,104274,33,Salary,2022-12-16,453593.33,Active
503238,107233,24,Current,2025-05-05,25003.12,Active
503239,105268,26,Savings,2018-08-06,58369.79,Active
503240,107730,9,Savings,2023-12-20,22584.69,Active
503241,103378,11,Savings,2024-03-14,6022.95,Active
503242,102429,1,Salary,2022-11-29,54441.34,Active
503243,108921,6,Salary,2018-07-30,160875.67,Active
503244,109956,35,Salary,2017-11-30,45261.49,Active
503245,100147,39,Savings,2019-12-06,259971.04,Active
503246,107048,40,Savings,2019-08-01,49620.06,Active
503247,106713,5,Savings,2024-05-10,95766.96,Active
503248,105538,18,Savings,2024-02-28,442636.23,Active
503249,105867,26,Savings,2023-09-03,170320.43,Active
503250,103227,40,Current,2024-03-30,240340.61,Active
503251,102302,14,Current,2020-08-25,194420.19,Closed
503252,108047,18,Current,2020-05-18,82038.86,Active
503253,101029,13,Savings,2017-11-25,100541.51,Active
503254,103879,17,Salary,2022-07-21,181772.87,Active
503255,105678,38,Savings,2025-07-17,256485.47,Active
503256,109089,8,Savings,2024-12-29,80748.18,Active
503257,108173,39,Savings,2024-03-09,19555.44,Active
503258,104404,14,Savings,2024-08-21,10478.41,Active
503259,109785,9,Premium,2022-08-27,587312.45,Active
503260,101400,3,Savings,2018-09-26,32008.56,Active
503261,100897,15,Salary,2025-07-17,158043.6,Dormant
503262,107276,3,Salary,2020-11-22,226952.58,Active
503263,105805,19,Current,2020-03-12,561023.06,Active
503264,105120,5,Current,2018-12-10,315247.28,Active
503265,101858,36,Savings,2023-10-03,9907.91,Active
503266,105344,21,Salary,2019-02-26,7220.34,Closed
503267,105780,32,Savings,2019-10-21,83387.13,Active
503268,102846,19,Savings,2020-04-05,37796.62,Active
503269,106474,28,Savings,2022-10-30,16149.72,Active
503270,107312,15,Savings,2024-05-27,125571.96,Active
503271,103277,37,Salary,2023-10-04,81188.63,Active
503272,103733,32,Savings,2018-09-30,115684.6,Active
503273,108584,5,Salary,2021-08-07,41167.95,Active
503274,107836,20,Current,2024-10-28,115125.04,Active
503275,101625,8,Salary,2018-02-19,121853.82,Active
503276,102977,35,Current,2017-11-28,35678.99,Active
503277,108024,32,Current,2023-04-04,37000.74,Active
503278,103992,26,Savings,2020-01-23,108244.21,Active
503279,103325,24,Savings,2024-07-19,138730.81,Active
503280,100758,36,Savings,2022-09-13,24917.52,Active
503281,109404,10,Premium,2017-12-18,582301.2,Active
503282,101977,25,Salary,2017-10-28,183381.82,Dormant
503283,107281,14,Salary,2025-09-27,35319.41,Active
503284,107144,19,Current,2024-12-21,31633.7,Closed
503285,104791,36,Salary,2018-11-10,482229.78,Active
503286,101694,21,Current,2018-12-07,51886.97,Dormant
503287,106254,16,Savings,2017-06-01,128412.23,Active
503288,101616,18,Savings,2020-07-10,52112.26,Active
503289,107783,16,Savings,2023-01-10,169449.9,Dormant
503290,105688,16,Premium,2017-07-10,75629.6,Active
503291,109215,23,Savings,2019-08-05,183389.76,Active
503292,108433,36,Current,2020-10-27,55537.03,Active
503293,107334,3,Current,2020-04-11,64809.46,Active
503294,108309,35,Current,2017-10-03,57394.84,Active
503295,101411,24,Savings,2022-09-15,531411.09,Closed
503296,104709,3,Savings,2023-01-26,32521.43,Active
503297,105872,14,Savings,2024-07-22,66410.9,Active
503298,104345,36,Savings,2022-03-25,42520.82,Active
503299,100728,37,Premium,2019-04-29,41741.89,Active
503300,109390,7,Savings,2025-11-02,80916.32,Active
503301,106723,15,Savings,2024-09-25,44416.55,Active
503302,107808,25,Current,2021-07-05,351502.31,Active
503303,101456,25,Savings,2023-03-08,68425.07,Active
503304,106320,11,Savings,2019-09-14,15198.35,Active
503305,104829,18,Premium,2018-06-20,14061.19,Active
503306,104814,22,Savings,2025-05-30,151472.73,Active
503307,106611,2,Current,2020-01-17,141151.99,Active
503308,103496,5,Savings,2022-01-07,55536.75,Active
503309,105714,22,Premium,2017-05-29,166012.78,Active
503310,106809,9,Salary,2023-11-16,12582.59,Active
503311,100836,40,Savings,2025-07-24,23633.51,Active
503312,100021,11,Premium,2018-03-06,88424.78,Active
503313,109014,3,Current,2025-06-28,36017.48,Active
503314,105557,37,Savings,2019-11-01,182020.77,Active
503315,106793,1,Savings,2021-10-05,77259.18,Active
503316,108062,9,Savings,2017-11-08,54137.97,Active
503317,108938,40,Savings,2019-07-03,204443.19,Dormant
503318,107235,26,Savings,2022-11-05,50895.61,Active
503319,109446,24,Savings,2018-02-20,46780.42,Active
503320,109484,4,Premium,2018-08-13,95892.97,Active
503321,105932,25,Salary,2025-08-02,38537.4,Dormant
503322,102201,5,Salary,2023-08-17,89891.01,Active
503323,106611,39,Current,2017-02-14,72862.25,Active
503324,102156,11,Savings,2019-07-22,15425.96,Dormant
503325,102465,5,Current,2022-11-15,423823.4,Active
503326,102858,31,Salary,2024-10-26,22924.43,Active
503327,103733,27,Savings,2019-03-08,131128.39,Active
503328,101201,24,Salary,2021-03-10,150094.86,Active
503329,105867,32,Savings,2025-09-26,114880.31,Active
503330,107647,1,Savings,2017-01-13,333587.47,Dormant
503331,106162,22,Savings,2017-04-12,15121.56,Active
503332,100644,40,Premium,2022-08-07,98196.02,Dormant
503333,104190,11,Savings,2023-10-12,76786.83,Active
503334,101806,17,Savings,2020-11-29,143836.78,Active
503335,108596,26,Savings,2018-10-02,19572.16,Active
503336,100152,14,Savings,2023-09-13,359097.37,Active
503337,109865,39,Current,2018-11-13,32425.79,Active
503338,105009,33,Savings,2023-08-14,17535.84,Active
503339,106100,21,Savings,2018-11-06,33816.46,Active
503340,101109,12,Savings,2017-03-19,21615.41,Dormant
503341,101628,34,Savings,2018-09-03,60104.99,Active
503342,100053,25,Savings,2017-11-23,249102.22,Active
503343,104040,36,Salary,2018-03-31,306754.39,Active
503344,107248,33,Current,2020-09-28,90478.32,Active
503345,103862,33,Savings,2018-06-27,233801.87,Active
503346,101130,25,Savings,2017-09-28,385149.14,Active
503347,106368,11,Savings,2023-10-12,103037.28,Active
503348,107549,31,Salary,2018-09-08,76230.82,Dormant
503349,100479,38,Savings,2017-11-05,96193.53,Active
503350,108652,24,Savings,2023-12-03,125451.94,Active
503351,109687,24,Current,2019-01-26,102865.66,Dormant
503352,106090,33,Savings,2023-01-09,52526.64,Active
503353,104116,15,Salary,2024-04-07,67161.07,Active
503354,105071,12,Savings,2018-12-22,66974.44,Active
503355,100068,14,Salary,2018-11-16,38996.93,Active
503356,109296,26,Savings,2019-07-05,27108.9,Active
503357,108229,10,Savings,2023-06-01,63573.57,Active
503358,103946,33,Savings,2024-05-17,142305.11,Active
503359,102256,18,Current,2017-01-17,116279.53,Active
503360,107997,4,Savings,2017-01-01,40148.77,Active
503361,102156,16,Savings,2023-07-24,79362.4,Active
503362,100797,11,Savings,2019-08-29,122032.15,Active
503363,103531,15,Salary,2019-12-21,231671.14,Active
503364,107016,25,Current,2022-08-10,103892.27,Active
503365,103771,17,Current,2020-08-02,50460.26,Active
503366,102685,38,Premium,2017-12-22,20029.78,Active
503367,100362,28,Salary,2017-10-26,124639.21,Active
503368,109560,37,Current,2022-09-08,61547.77,Active
503369,109204,7,Salary,2017-02-28,106822.28,Active
503370,103338,25,Savings,2017-02-17,15651.89,Active
503371,102954,38,Premium,2022-10-08,60599.06,Active
503372,105653,32,Savings,2025-11-05,152049.47,Active
503373,109806,27,Savings,2024-08-09,392515.87,Active
503374,104304,38,Salary,2019-12-18,137533.25,Active
503375,108161,15,Salary,2021-10-10,38746.7,Active
503376,101512,19,Premium,2019-11-23,36506.02,Active
503377,109449,18,Premium,2025-06-21,138698.46,Active
503378,108718,11,Salary,2023-05-21,45785.0,Active
503379,102627,28,Savings,2024-10-15,29947.4,Active
503380,105932,4,Savings,2021-02-20,21782.33,Active
503381,101110,32,Current,2022-07-25,13664.78,Active
503382,100359,2,Savings,2023-05-26,20433.72,Active
503383,102101,6,Current,2021-03-20,532174.59,Active
503384,100196,8,Savings,2019-05-17,544092.98,Active
503385,109512,25,Current,2024-10-14,102494.03,Active
503386,103894,15,Current,2022-12-19,38875.23,Active
503387,108903,5,Salary,2024-04-19,88164.86,Active
503388,101155,35,Current,2020-08-13,1849709.17,Active
503389,105449,26,Savings,2017-11-22,115161.75,Active
503390,102264,20,Salary,2017-08-06,366850.58,Closed
503391,108715,17,Current,2025-09-01,47391.53,Closed
503392,104535,37,Savings,2020-11-01,135747.61,Active
503393,102240,6,Salary,2017-03-06,118299.11,Active
503394,108081,1,Savings,2018-06-07,33867.46,Closed
503395,100148,13,Savings,2025-01-17,68490.23,Active
503396,106059,22,Savings,2017-09-03,99880.01,Active
503397,102576,20,Savings,2023-03-14,118078.12,Active
503398,105819,27,Savings,2023-12-06,70227.98,Active
503399,106338,12,Current,2021-01-13,178764.28,Active
503400,109112,29,Savings,2017-05-30,53523.89,Active
503401,101220,27,Premium,2017-03-13,78252.68,Active
503402,102032,11,Salary,2024-05-05,1214661.98,Active
503403,109962,22,Savings,2024-09-09,82387.85,Active
503404,105624,37,Savings,2019-12-10,29389.93,Active
503405,107354,16,Current,2018-07-12,93858.71,Active
503406,109467,20,Premium,2024-08-11,149376.36,Closed
503407,107582,16,Savings,2023-07-06,255567.61,Active
503408,102224,22,Savings,2019-05-08,148100.41,Active
503409,109963,4,Salary,2022-04-10,35050.15,Active
503410,105655,10,Savings,2024-04-30,23428.16,Active
503411,105256,2,Savings,2020-06-08,53409.05,Active
503412,102932,37,Savings,2019-12-08,61365.15,Active
503413,102938,34,Savings,2020-12-18,2598.35,Dormant
503414,100460,19,Savings,2019-05-07,12243.08,Active
503415,100116,22,Savings,2019-05-24,90219.23,Active
503416,109206,27,Savings,2022-08-29,9360.29,Active
503417,108377,21,Savings,2018-10-12,24164.28,Active
503418,109678,9,Current,2020-11-28,34542.84,Active
503419,106499,3,Savings,2025-10-16,44611.8,Active
503420,105963,18,Savings,2025-01-04,81073.14,Active
503421,105485,35,Current,2022-12-26,58758.18,Active
503422,109616,15,Savings,2019-08-31,37661.89,Active
503423,101340,15,Salary,2022-10-08,72288.36,Closed
503424,103002,37,Current,2021-09-05,39786.01,Active
503425,101305,34,Savings,2018-07-18,6543.97,Closed
503426,100729,31,Current,2018-03-14,484357.81,Active
503427,108523,13,Savings,2022-11-19,131618.34,Active
503428,103490,31,Current,2018-05-04,92877.2,Active
503429,103159,13,Savings,2019-03-01,129905.78,Active
503430,107047,1,Savings,2018-12-25,85076.07,Active
503431,101868,10,Premium,2020-10-09,80404.29,Active
503432,103854,22,Premium,2025-02-14,116386.65,Active
503433,101286,25,Salary,2022-12-02,275777.99,Active
503434,103068,15,Salary,2017-08-12,9851.37,Active
503435,102875,22,Salary,2020-11-01,459532.09,Active
503436,101533,40,Savings,2024-12-03,13575.7,Dormant
503437,100327,32,Savings,2021-06-07,182469.03,Active
503438,107626,1,Current,2019-08-19,152886.57,Active
503439,108158,4,Current,2020-12-13,52669.96,Active
503440,109651,20,Salary,2022-01-28,155764.87,Dormant
503441,109877,37,Current,2025-07-02,147798.32,Active
503442,104298,7,Savings,2022-07-29,10082.14,Active
503443,103983,21,Salary,2022-08-17,100207.33,Active
503444,106159,28,Current,2017-12-22,72488.31,Active
503445,109068,37,Savings,2023-01-24,469984.43,Active
503446,100066,6,Savings,2021-04-30,140414.82,Active
503447,101572,6,Savings,2020-08-23,312949.51,Active
503448,100608,1,Savings,2021-02-06,45498.18,Active
503449,108367,25,Current,2019-07-24,93102.69,Active
503450,104705,39,Savings,2023-08-12,214639.34,Active
503451,108716,20,Savings,2023-02-19,91105.62,Active
503452,104679,8,Current,2024-08-23,81277.36,Active
503453,109347,18,Savings,2022-07-29,50896.36,Active
503454,109045,22,Current,2024-06-20,142357.2,Active
503455,105987,20,Savings,2023-03-22,173847.0,Active
503456,108916,18,Savings,2021-12-06,120359.67,Active
503457,104516,3,Salary,2021-09-04,382339.39,Dormant
503458,100343,28,Savings,2025-10-25,135743.76,Active
503459,108297,10,Savings,2019-12-11,54797.69,Active
503460,102848,1,Savings,2017-08-25,184777.89,Active
503461,101762,15,Savings,2018-06-14,93524.66,Active
503462,108119,7,Salary,2018-11-09,61143.89,Dormant
503463,102193,27,Savings,2025-05-20,31035.81,Active
503464,108092,3,Savings,2019-09-14,171282.51,Active
503465,101020,20,Salary,2017-07-30,575804.92,Active
503466,102719,23,Salary,2025-06-03,12581.8,Active
503467,101406,25,Salary,2019-10-05,27155.76,Active
503468,105019,33,Savings,2019-03-24,111901.47,Active
503469,102070,26,Savings,2020-01-30,29949.64,Active
503470,102284,34,Salary,2020-10-23,76945.63,Active
503471,103761,18,Salary,2020-02-03,645594.73,Active
503472,101288,10,Salary,2017-11-30,72712.22,Active
503473,102281,17,Savings,2018-10-24,50054.27,Active
503474,109339,1,Salary,2021-06-28,36251.7,Active
503475,102790,28,Savings,2024-12-06,123580.81,Active
503476,108154,7,Savings,2017-10-07,1359508.07,Active
503477,104551,2,Savings,2017-06-15,315834.85,Active
503478,103215,25,Current,2023-06-02,224623.68,Active
503479,106406,2,Salary,2024-03-24,687104.58,Active
503480,104657,29,Savings,2020-09-05,230656.23,Closed
503481,103190,4,Current,2023-04-15,113919.54,Active
503482,107785,36,Savings,2025-02-19,1246590.18,Active
503483,107415,20,Current,2023-09-04,56098.68,Closed
503484,100529,14,Salary,2018-10-04,87761.44,Active
503485,101798,25,Savings,2017-11-29,212214.81,Active
503486,107462,23,Savings,2019-03-14,186129.32,Active
503487,108322,39,Savings,2024-06-04,4128.27,Active
503488,100830,36,Savings,2021-01-08,260497.28,Active
503489,106838,25,Salary,2018-04-24,18209.93,Active
503490,100377,37,Savings,2025-06-30,605302.01,Active
503491,102798,12,Savings,2021-08-31,337931.64,Active
503492,103461,23,Savings,2025-08-27,135798.08,Active
503493,100238,16,Savings,2018-06-03,75695.87,Active
503494,103618,33,Savings,2018-10-20,24894.19,Active
503495,104755,37,Savings,2023-06-03,388626.25,Active
503496,108044,23,Savings,2025-12-18,260550.87,Active
503497,108411,22,Savings,2024-08-20,54448.81,Active
503498,100523,37,Salary,2017-09-12,74804.88,Active
503499,103555,19,Salary,2024-03-09,36184.43,Active
503500,106613,29,Premium,2018-02-28,296093.53,Active
503501,108690,38,Current,2019-04-23,269874.47,Active
503502,105914,36,Salary,2025-08-17,29066.72,Active
503503,102894,34,Savings,2021-04-07,198382.89,Active
503504,101509,21,Premium,2018-01-31,109989.43,Active
503505,107752,39,Current,2025-05-10,17009.04,Active
503506,102036,9,Current,2022-08-16,98054.04,Active
503507,104874,28,Savings,2018-11-05,92254.21,Active
503508,106962,4,Savings,2017-10-04,52069.76,Active
503509,103970,10,Salary,2022-04-22,245226.63,Active
503510,102525,28,Current,2019-06-21,108498.55,Active
503511,105600,16,Savings,2021-10-15,36395.75,Active
503512,102515,27,Savings,2017-02-13,46761.11,Active
503513,101300,20,Current,2018-08-25,35241.34,Active
503514,101030,25,Salary,2018-03-27,182857.27,Active
503515,101992,32,Current,2023-03-05,725251.84,Active
503516,105597,24,Savings,2023-02-09,19651.7,Active
503517,100551,40,Savings,2022-07-19,73877.01,Active
503518,102047,14,Current,2024-03-16,1645562.43,Active
503519,106870,26,Savings,2020-05-17,629916.72,Active
503520,106357,33,Salary,2024-11-30,148349.87,Active
503521,101856,40,Savings,2019-10-09,234573.74,Active
503522,109376,25,Salary,2023-10-29,9540.8,Active
503523,101982,3,Savings,2020-04-24,138521.84,Active
503524,106363,21,Savings,2019-05-31,14164.7,Active
503525,108760,39,Savings,2018-10-31,336794.49,Active
503526,100933,39,Premium,2024-06-06,58280.91,Active
503527,102443,23,Salary,2020-01-03,32659.44,Active
503528,104471,17,Current,2021-07-25,44766.42,Closed
503529,107741,23,Savings,2024-03-26,41083.15,Active
503530,107244,31,Salary,2021-04-18,204484.72,Active
503531,101401,2,Savings,2023-05-22,36692.17,Active
503532,102948,28,Savings,2020-11-15,51701.56,Dormant
503533,103597,32,Savings,2017-11-09,87659.7,Active
503534,103923,7,Current,2022-07-31,457872.54,Active
503535,106247,34,Savings,2017-09-06,92238.66,Active
503536,104246,20,Savings,2022-05-18,226234.59,Active
503537,107923,4,Savings,2024-01-25,48719.6,Active
503538,109980,32,Salary,2024-09-28,157185.3,Active
503539,101510,19,Salary,2018-02-27,508466.16,Active
503540,100699,8,Savings,2024-03-11,186952.64,Active
503541,105786,21,Current,2018-11-28,46732.64,Active
503542,103375,9,Salary,2021-09-25,5762.3,Active
503543,108532,31,Savings,2020-04-14,67644.5,Dormant
503544,103376,30,Salary,2018-09-12,83064.34,Active
503545,104848,33,Savings,2024-03-30,57575.66,Active
503546,101711,2,Salary,2019-07-26,21945.13,Active
503547,106645,28,Savings,2023-12-29,37323.71,Active
503548,100797,25,Savings,2022-11-07,68948.79,Active
503549,104606,13,Savings,2020-11-28,127464.22,Active
503550,109611,33,Salary,2019-04-02,84862.38,Active
503551,103718,37,Savings,2018-12-28,36266.88,Active
503552,102628,29,Savings,2020-12-12,200748.19,Active
503553,105093,15,Savings,2020-03-21,144408.61,Active
503554,105053,18,Current,2021-02-15,248544.45,Closed
503555,100698,2,Savings,2021-02-23,192350.81,Active
503556,100838,5,Salary,2025-05-27,260438.23,Active
503557,107965,18,Savings,2022-02-04,122226.04,Active
503558,101224,16,Salary,2022-02-08,10095.02,Active
503559,106241,11,Current,2023-12-24,10509.09,Active
503560,104861,22,Salary,2022-01-19,92266.83,Active
503561,102846,25,Savings,2019-09-10,56019.04,Active
503562,106657,10,Current,2020-11-28,96950.27,Active
503563,108407,11,Savings,2024-05-13,40988.38,Active
503564,100427,36,Salary,2023-01-20,58662.34,Active
503565,104674,5,Savings,2017-05-04,69022.09,Active
503566,107833,14,Savings,2024-03-16,73032.16,Active
503567,107183,22,Savings,2017-01-26,367620.11,Dormant
503568,101370,26,Current,2018-10-04,73679.11,Active
503569,103295,12,Savings,2018-11-07,50818.25,Active
503570,102309,34,Savings,2024-02-25,46289.07,Dormant
503571,100502,19,Savings,2025-06-29,41636.6,Active
503572,109497,37,Savings,2024-09-08,182027.05,Active
503573,105562,36,Current,2021-07-18,108961.3,Active
503574,105657,18,Premium,2020-06-30,127242.34,Active
503575,109578,9,Premium,2024-01-06,52313.53,Active
503576,105338,40,Savings,2023-04-28,389639.98,Dormant
503577,101338,38,Current,2022-11-03,493592.15,Active
503578,105062,8,Savings,2019-05-20,77146.41,Active
503579,108737,10,Salary,2017-04-28,86500.32,Active
503580,104357,9,Savings,2017-04-01,93897.07,Dormant
503581,109880,7,Salary,2018-04-25,227597.43,Active
503582,107215,35,Savings,2021-05-12,53489.46,Active
503583,108045,16,Current,2025-06-18,12427.69,Active
503584,107794,27,Premium,2019-06-21,83618.59,Active
503585,109185,27,Savings,2020-06-28,36955.06,Active
503586,100384,21,Savings,2024-07-14,24197.92,Dormant
503587,101747,7,Premium,2022-06-10,243954.35,Active
503588,104975,18,Savings,2025-04-11,46817.8,Active
503589,103423,32,Savings,2021-08-04,21267.56,Dormant
503590,100898,33,Savings,2024-03-04,72863.59,Active
503591,102862,29,Savings,2018-01-23,133201.36,Active
503592,108742,8,Savings,2026-01-08,231856.62,Closed
503593,105582,18,Current,2018-10-21,17236.86,Active
503594,102252,11,Savings,2021-09-29,70438.83,Active
503595,104780,21,Salary,2024-06-15,33785.66,Active
503596,105452,15,Current,2022-12-16,211114.28,Active
503597,101461,1,Savings,2025-11-27,24328.32,Active
503598,102969,12,Salary,2021-04-15,10952.26,Active
503599,108818,8,Salary,2020-02-28,38911.61,Active
503600,107302,16,Savings,2024-01-10,70014.31,Active
503601,106766,35,Savings,2025-03-30,160220.49,Active
503602,101606,2,Savings,2025-02-11,44335.14,Active
503603,100988,24,Current,2017-05-22,67497.17,Active
503604,100804,21,Savings,2021-06-23,69991.79,Active
503605,100816,13,Salary,2023-03-09,382748.79,Active
503606,102767,37,Savings,2021-05-24,47378.77,Active
503607,104363,22,Salary,2018-09-24,34115.96,Active
503608,101792,15,Current,2021-02-07,178430.39,Active
503609,106768,10,Savings,2019-11-15,188466.98,Active
503610,105100,9,Savings,2019-11-09,58899.2,Active
503611,103285,35,Savings,2017-06-22,77225.85,Active
503612,107401,14,Salary,2017-04-17,190856.39,Active
503613,105992,23,Savings,2025-06-15,15024.91,Active
503614,101258,20,Savings,2018-04-26,82865.01,Dormant
503615,102641,33,Premium,2023-09-03,303288.68,Active
503616,102948,2,Salary,2022-09-22,244532.84,Active
503617,108132,33,Savings,2023-12-23,1024117.82,Dormant
503618,105189,13,Savings,2021-05-10,88358.95,Active
503619,106832,18,Premium,2022-03-25,12900.25,Active
503620,109841,20,Savings,2017-03-19,15180.94,Active
503621,100328,7,Current,2018-11-25,241422.43,Active
503622,105129,33,Savings,2019-01-04,626346.64,Active
503623,106899,8,Savings,2023-09-09,62424.9,Active
503624,106777,32,Current,2022-11-10,79259.56,Active
503625,101826,25,Current,2025-07-14,59838.98,Active
503626,108555,14,Savings,2017-10-02,33768.61,Active
503627,107030,27,Salary,2020-09-12,91994.72,Active
503628,102398,19,Savings,2019-04-18,22783.15,Active
503629,109402,6,Savings,2021-10-16,60019.61,Active
503630,100869,5,Premium,2025-09-05,281551.19,Active
503631,108120,28,Current,2021-12-05,22465.23,Active
503632,109579,8,Savings,2019-10-02,46893.3,Closed
503633,106779,27,Current,2018-05-10,66769.41,Active
503634,100832,27,Premium,2021-06-23,79321.33,Active
503635,109537,34,Savings,2019-10-03,97900.18,Active
503636,102979,1,Savings,2018-06-05,386375.96,Active
503637,109650,11,Savings,2018-02-01,15621.1,Active
503638,107986,23,Savings,2023-07-03,113050.73,Active
503639,106369,33,Savings,2018-02-08,304038.52,Active
503640,105506,31,Savings,2019-05-26,285851.53,Active
503641,106970,8,Current,2017-06-20,153975.99,Active
503642,106292,10,Salary,2019-09-03,54734.97,Active
503643,101759,11,Savings,2022-08-29,78936.96,Active
503644,102940,22,Savings,2023-06-04,257512.21,Active
503645,106177,31,Savings,2024-09-13,199164.67,Active
503646,104878,10,Salary,2025-02-12,125172.97,Active
503647,105140,17,Savings,2018-07-27,45854.54,Active
503648,103593,18,Current,2019-06-01,103908.74,Active
503649,105320,5,Savings,2025-11-15,23097.54,Active
503650,100228,10,Premium,2022-05-14,22993.83,Closed
503651,107878,29,Savings,2019-01-14,76998.78,Active
503652,109650,4,Premium,2019-12-02,151896.13,Active
503653,108568,13,Savings,2023-10-18,17758.52,Active
503654,107494,1,Savings,2017-07-21,190640.04,Active
503655,108413,20,Current,2017-11-24,181905.8,Active
503656,109735,34,Salary,2018-06-25,56711.94,Active
503657,104964,14,Salary,2022-09-11,517465.56,Active
503658,104578,21,Savings,2021-09-11,744998.43,Active
503659,108010,33,Current,2023-03-03,106971.99,Active
503660,102533,36,Premium,2018-09-07,96002.46,Active
503661,109364,15,Salary,2022-10-05,10411.66,Active
503662,103550,15,Savings,2018-08-11,258368.44,Dormant
503663,105747,40,Savings,2019-01-11,21317.37,Active
503664,103711,12,Savings,2021-09-18,215526.59,Active
503665,101839,2,Current,2025-10-11,32624.95,Active
503666,101080,39,Savings,2020-08-16,40676.31,Active
503667,103983,23,Savings,2019-10-08,28560.78,Active
503668,100046,5,Savings,2023-06-06,190472.43,Active
503669,103383,5,Savings,2018-11-27,265643.44,Active
503670,104783,18,Savings,2020-10-10,383944.58,Active
503671,106930,5,Savings,2022-02-23,607411.26,Active
503672,104588,6,Premium,2019-07-30,87446.8,Active
503673,102325,5,Premium,2020-12-16,165050.13,Active
503674,102060,6,Savings,2021-07-06,14582.22,Active
503675,106815,25,Savings,2025-08-18,25359.79,Active
503676,108568,34,Savings,2021-05-23,61151.86,Active
503677,107150,6,Salary,2022-10-03,20994.49,Active
503678,101366,20,Current,2021-08-12,36810.26,Active
503679,100084,20,Salary,2019-11-11,164892.7,Active
503680,106714,6,Salary,2022-04-05,37875.11,Active
503681,107270,27,Current,2021-07-17,104777.44,Active
503682,104747,10,Salary,2022-01-27,103158.64,Active
503683,105191,20,Savings,2025-06-25,26952.4,Active
503684,108507,32,Current,2020-02-16,162168.03,Active
503685,108643,32,Savings,2020-12-24,265964.57,Active
503686,102907,8,Current,2024-10-02,89875.53,Active
503687,107661,31,Savings,2025-10-09,395115.72,Active
503688,109272,23,Salary,2019-08-11,33656.72,Active
503689,104568,32,Salary,2019-05-09,24768.83,Active
503690,105344,10,Salary,2020-08-23,48594.99,Active
503691,107186,28,Current,2023-12-13,97141.12,Active
503692,108584,13,Salary,2018-05-08,54472.11,Dormant
503693,104180,2,Salary,2020-11-12,202460.2,Active
503694,106467,7,Salary,2022-05-13,79909.2,Dormant
503695,107444,6,Current,2020-05-31,249273.9,Active
503696,104610,36,Salary,2024-03-24,35570.42,Active
503697,103748,23,Premium,2024-12-07,139532.96,Active
503698,103973,37,Savings,2025-01-12,27402.45,Active
503699,105011,21,Savings,2018-07-19,333673.59,Closed
503700,101651,5,Savings,2025-05-10,93473.07,Active
503701,100876,22,Current,2023-05-05,58822.76,Active
503702,106557,25,Salary,2025-12-05,32441.57,Active
503703,101084,22,Savings,2024-03-17,19981.04,Active
503704,107199,37,Savings,2018-03-16,22280.39,Active
503705,101400,15,Savings,2024-10-18,257595.1,Dormant
503706,108437,12,Savings,2021-01-18,344285.06,Active
503707,104013,29,Savings,2017-05-25,206878.6,Active
503708,107222,2,Savings,2024-07-21,54847.31,Active
503709,106098,2,Savings,2022-08-06,60675.34,Active
503710,107369,5,Savings,2023-04-03,131035.8,Active
503711,109771,24,Salary,2019-06-10,77151.64,Active
503712,109720,5,Salary,2022-04-01,15187.78,Active
503713,109548,30,Savings,2020-02-27,107510.96,Dormant
503714,105551,12,Salary,2018-10-05,202360.84,Active
503715,107636,36,Savings,2024-09-02,58136.22,Active
503716,107312,37,Savings,2021-02-19,72892.49,Active
503717,101815,10,Salary,2020-11-01,34745.03,Active
503718,108181,24,Salary,2020-06-13,93512.87,Active
503719,106901,16,Savings,2018-07-04,118936.41,Active
503720,100448,39,Premium,2022-04-09,253037.77,Active
503721,100033,8,Savings,2022-11-14,21591.11,Active
503722,107513,23,Salary,2020-11-08,464120.94,Active
503723,101690,8,Savings,2022-03-03,81506.75,Active
503724,107028,5,Savings,2021-08-06,130152.94,Active
503725,107516,12,Current,2022-05-28,127845.39,Active
503726,102045,16,Savings,2023-11-03,10944.1,Active
503727,108319,38,Current,2021-03-30,143756.85,Active
503728,105277,12,Savings,2024-04-21,8294.28,Active
503729,108945,40,Premium,2017-12-11,96623.31,Active
503730,106623,37,Premium,2018-10-20,14473.91,Active
503731,104579,39,Salary,2025-08-21,74867.18,Active
503732,107138,23,Savings,2018-04-04,144664.03,Closed
503733,109933,10,Current,2019-02-09,188740.03,Active
503734,109883,11,Salary,2021-05-20,137107.18,Active
503735,103318,3,Savings,2018-09-13,152914.82,Active
503736,100910,5,Savings,2023-12-23,74901.37,Active
503737,107999,31,Salary,2017-03-29,219468.72,Active
503738,106021,28,Savings,2023-07-22,28329.83,Active
503739,102019,38,Current,2018-02-03,29511.22,Active
503740,108577,19,Savings,2023-12-26,157203.8,Active
503741,100611,17,Savings,2023-09-28,68829.97,Active
503742,108022,21,Savings,2018-03-25,251518.85,Active
503743,104629,20,Salary,2023-03-04,168264.77,Active
503744,102158,15,Savings,2025-03-23,27283.19,Dormant
503745,105513,12,Premium,2018-10-24,42522.95,Active
503746,105667,8,Current,2021-08-26,69057.72,Active
503747,106783,3,Current,2021-11-11,58437.95,Active
503748,102911,30,Savings,2020-01-14,49568.18,Closed
503749,105034,1,Savings,2021-11-07,106059.22,Active
503750,105705,39,Salary,2022-05-25,185567.68,Closed
503751,102554,12,Savings,2018-12-05,107480.32,Active
503752,104577,2,Current,2022-08-23,22067.72,Active
503753,103690,39,Savings,2025-12-17,32970.33,Active
503754,102897,6,Premium,2017-03-02,90148.23,Active
503755,103285,16,Current,2019-11-11,147964.6,Active
503756,106583,37,Savings,2025-11-07,348287.97,Active
503757,100356,24,Savings,2018-01-17,34495.98,Active
503758,102103,20,Salary,2024-07-19,98872.06,Active
503759,105696,6,Savings,2020-10-30,67620.51,Active
503760,107398,36,Savings,2019-03-29,37908.86,Active
503761,103462,13,Salary,2018-10-17,832567.86,Active
503762,105636,37,Salary,2025-06-26,78031.26,Active
503763,102887,26,Savings,2018-11-13,37527.28,Active
503764,107863,33,Current,2023-07-31,188354.74,Active
503765,106499,33,Current,2025-04-16,140223.58,Active
503766,104874,14,Salary,2020-05-15,118821.59,Active
503767,104404,4,Savings,2020-01-06,191393.82,Closed
503768,105113,25,Salary,2024-02-27,156051.67,Active
503769,100791,9,Savings,2023-01-24,85608.65,Active
503770,103084,28,Savings,2018-06-25,74646.39,Active
503771,108759,24,Salary,2024-09-05,63390.73,Active
503772,105928,2,Current,2020-10-02,44496.13,Active
503773,104379,37,Current,2018-07-27,89540.48,Active
503774,105536,38,Savings,2020-02-17,164384.84,Active
503775,102499,10,Premium,2019-09-17,650864.1,Active
503776,100194,29,Current,2025-05-09,71854.2,Active
503777,109233,31,Savings,2022-09-22,16441.58,Active
503778,109233,40,Savings,2023-10-05,378911.85,Active
503779,105556,12,Savings,2020-01-01,45725.35,Active
503780,100819,33,Savings,2022-08-22,191369.62,Active
503781,105777,7,Savings,2020-06-09,6476.23,Active
503782,107783,14,Current,2020-04-23,462488.91,Active
503783,109000,39,Savings,2019-08-04,426472.74,Active
503784,100756,17,Salary,2017-10-25,106218.56,Closed
503785,100670,34,Premium,2018-09-10,98487.67,Active
503786,104540,17,Savings,2018-05-23,181410.01,Active
503787,106829,10,Premium,2021-10-02,186878.83,Active
503788,102331,6,Savings,2025-04-09,139207.71,Active
503789,106094,35,Savings,2023-03-27,85846.16,Active
503790,109649,33,Current,2023-09-19,22414.8,Dormant
503791,109599,28,Current,2025-05-17,9966.81,Active
503792,107949,4,Savings,2020-09-01,689115.07,Active
503793,101277,3,Savings,2019-04-24,131474.36,Active
503794,102188,20,Savings,2019-06-10,81189.44,Active
503795,107170,14,Savings,2018-11-04,183736.8,Active
503796,109027,30,Salary,2024-09-15,120172.78,Active
503797,100772,14,Savings,2023-03-06,61119.76,Closed
503798,102777,7,Savings,2023-10-30,134267.36,Active
503799,109761,39,Current,2025-02-15,43810.07,Active
503800,108918,9,Savings,2024-05-25,125744.86,Active
503801,104252,34,Savings,2020-10-02,85392.01,Dormant
503802,105649,30,Savings,2019-12-24,23727.93,Dormant
503803,104727,18,Salary,2025-08-13,42094.11,Active
503804,100713,7,Savings,2025-08-25,147347.97,Active
503805,103656,22,Salary,2018-05-02,143919.93,Active
503806,109166,1,Savings,2025-07-17,71070.67,Active
503807,107855,36,Current,2025-02-18,86614.8,Active
503808,104341,26,Savings,2024-09-03,415170.43,Active
503809,108964,25,Salary,2021-10-02,72152.52,Dormant
503810,107802,38,Savings,2021-03-14,49769.11,Active
503811,105966,32,Salary,2024-06-23,66042.37,Active
503812,100747,20,Salary,2022-10-20,67308.64,Active
503813,106908,4,Savings,2021-09-25,106468.63,Active
503814,102672,40,Savings,2020-07-12,63813.36,Active
503815,104772,19,Savings,2022-02-08,50448.84,Closed
503816,106785,28,Savings,2019-10-01,40163.04,Active
503817,101286,34,Savings,2019-12-12,82582.55,Active
503818,106351,22,Salary,2017-04-24,124763.43,Active
503819,104893,40,Salary,2017-11-26,54272.49,Active
503820,101008,22,Savings,2017-01-23,257590.66,Active
503821,103025,33,Savings,2022-05-13,64013.7,Active
503822,101723,35,Savings,2022-09-19,21378.3,Active
503823,105150,15,Current,2019-05-15,14140.14,Active
503824,104518,23,Salary,2023-08-30,43663.96,Active
503825,108843,9,Savings,2017-08-28,145074.0,Active
503826,100106,26,Savings,2025-03-15,69022.76,Active
503827,104889,13,Savings,2022-05-26,39319.14,Active
503828,108521,28,Savings,2018-04-23,25180.27,Active
503829,101966,1,Savings,2024-08-06,342969.98,Active
503830,103862,33,Premium,2017-10-10,83799.33,Active
503831,102807,13,Savings,2021-08-04,39389.59,Closed
503832,102608,10,Current,2017-07-16,185361.84,Active
503833,105961,4,Savings,2025-10-21,220555.6,Active
503834,109472,37,Salary,2024-08-15,187074.7,Active
503835,106594,4,Savings,2019-01-03,102673.07,Active
503836,108485,38,Salary,2024-06-13,108375.85,Active
503837,101518,3,Savings,2024-09-29,69795.89,Active
503838,107719,11,Current,2023-06-06,18503.47,Active
503839,103033,30,Salary,2021-12-15,54237.24,Active
503840,102850,16,Savings,2017-11-10,90946.47,Active
503841,104919,3,Savings,2025-03-31,47140.01,Active
503842,105492,21,Current,2023-02-19,174850.71,Active
503843,108383,31,Salary,2024-01-19,62168.0,Active
503844,103483,28,Savings,2023-12-14,147400.82,Active
503845,105755,29,Savings,2017-10-02,64481.33,Active
503846,106612,37,Current,2022-11-15,63687.3,Active
503847,100962,31,Current,2021-01-13,66995.84,Active
503848,107298,6,Savings,2017-05-22,40818.53,Active
503849,105434,28,Salary,2022-07-31,31448.62,Active
503850,105241,33,Current,2020-11-30,43275.58,Closed
503851,102758,11,Savings,2020-09-22,17259.71,Active
503852,100691,18,Current,2018-06-08,127964.56,Active
503853,108732,31,Salary,2024-11-12,96207.91,Dormant
503854,108791,2,Current,2021-08-16,196191.02,Active
503855,109723,24,Savings,2020-05-01,8442.88,Dormant
503856,107222,7,Savings,2025-01-03,61382.32,Active
503857,101001,13,Salary,2019-04-18,110229.29,Active
503858,108289,11,Premium,2022-12-24,124201.4,Active
503859,101669,36,Salary,2023-05-13,123019.84,Active
503860,105472,11,Savings,2018-07-24,176311.21,Active
503861,109087,10,Savings,2017-09-25,79364.17,Dormant
503862,106378,25,Salary,2017-05-07,73033.22,Active
503863,107213,5,Salary,2025-02-03,193207.17,Active
503864,109190,12,Savings,2023-05-10,44411.6,Active
503865,100010,10,Savings,2020-04-10,85662.43,Active
503866,109380,18,Savings,2024-08-03,35192.74,Active
503867,102037,22,Salary,2019-11-09,152967.55,Active
503868,108885,31,Savings,2022-06-13,131844.29,Active
503869,104535,31,Savings,2023-03-01,35392.61,Dormant
503870,104189,18,Savings,2018-08-19,535068.77,Active
503871,103605,39,Premium,2017-04-11,18202.01,Active
503872,100542,32,Savings,2020-05-31,111108.72,Active
503873,106378,20,Savings,2017-05-26,126309.57,Active
503874,106252,4,Premium,2025-11-07,46952.64,Active
503875,104427,15,Savings,2017-05-16,316758.3,Dormant
503876,108672,26,Current,2025-09-27,103938.57,Active
503877,109478,27,Savings,2022-11-05,62197.28,Active
503878,102971,1,Savings,2025-12-25,419623.17,Active
503879,105593,25,Premium,2025-07-15,61153.68,Active
503880,104766,30,Savings,2021-12-18,57868.51,Active
503881,105089,10,Current,2020-10-02,46410.44,Active
503882,106691,1,Savings,2021-06-22,29155.05,Dormant
503883,104605,7,Premium,2020-06-10,50032.38,Active
503884,105839,21,Savings,2018-12-05,79310.65,Active
503885,105305,29,Savings,2019-06-27,37051.85,Active
503886,101171,17,Savings,2019-03-14,19991.43,Active
503887,107901,21,Savings,2020-08-11,71843.68,Active
503888,102935,26,Salary,2023-03-17,116252.45,Active
503889,106048,27,Savings,2021-11-03,673252.46,Active
503890,103458,13,Savings,2020-02-25,840639.38,Active
503891,105843,20,Salary,2024-09-04,200676.31,Active
503892,100464,1,Salary,2023-07-24,30602.13,Active
503893,103169,28,Salary,2018-10-21,175430.64,Active
503894,105501,27,Savings,2021-04-20,36881.27,Active
503895,105251,18,Savings,2024-12-31,127937.14,Active
503896,105378,39,Premium,2025-07-15,25948.78,Active
503897,109964,8,Savings,2024-04-27,90117.39,Active
503898,109709,26,Savings,2018-12-20,44674.72,Dormant
503899,107616,32,Savings,2021-08-30,15681.88,Dormant
503900,102639,29,Current,2021-03-14,17038.45,Active
503901,107231,16,Savings,2025-09-10,144241.55,Active
503902,104723,40,Salary,2025-10-07,24957.27,Active
503903,109881,39,Savings,2021-01-12,11719.8,Active
503904,109927,11,Savings,2017-02-14,109851.54,Active
503905,108472,22,Savings,2024-09-27,61884.72,Active
503906,101749,24,Current,2019-12-17,141511.52,Dormant
503907,101287,33,Savings,2021-12-17,112392.23,Active
503908,107153,8,Salary,2020-01-27,131142.95,Active
503909,108695,33,Salary,2022-02-01,57861.64,Active
503910,104099,30,Premium,2023-05-10,25615.23,Dormant
503911,109560,3,Savings,2019-02-28,55579.92,Active
503912,104294,22,Premium,2022-10-07,653342.98,Active
503913,101030,3,Savings,2019-03-26,15761.78,Active
503914,109982,24,Savings,2024-04-30,137353.63,Dormant
503915,100575,27,Savings,2025-04-07,40062.89,Active
503916,105822,36,Current,2022-05-21,442831.52,Active
503917,105885,37,Current,2025-03-16,107861.82,Active
503918,105953,25,Salary,2021-09-01,117194.66,Active
503919,106416,27,Savings,2023-11-30,1078584.85,Dormant
503920,103544,3,Savings,2021-04-22,31254.88,Dormant
503921,106380,7,Savings,2024-04-27,684722.22,Active
503922,108232,31,Current,2018-12-20,74649.88,Active
503923,106823,4,Savings,2018-11-03,274831.99,Active
503924,106087,27,Savings,2021-11-22,40012.01,Active
503925,102433,16,Salary,2019-11-19,171469.91,Active
503926,107854,29,Premium,2022-03-19,64403.18,Closed
503927,107168,34,Salary,2024-07-27,275099.0,Active
503928,107041,28,Savings,2021-07-07,187871.54,Active
503929,105059,36,Current,2019-01-05,36372.1,Active
503930,109953,2,Salary,2018-08-03,76574.75,Dormant
503931,108762,40,Salary,2020-11-15,45123.62,Active
503932,102442,17,Savings,2025-04-27,97478.53,Active
503933,105894,18,Savings,2023-01-20,666351.47,Active
503934,105055,14,Savings,2019-02-28,16447.28,Active
503935,109250,31,Salary,2025-07-27,9573.85,Active
503936,103250,31,Savings,2017-04-04,117108.12,Active
503937,102934,29,Savings,2020-06-10,129349.94,Active
503938,101010,27,Current,2025-02-05,51298.91,Active
503939,103076,7,Savings,2018-05-16,30995.66,Active
503940,108057,10,Salary,2017-07-21,188025.78,Active
503941,100063,40,Savings,2017-06-11,75639.82,Active
503942,107248,5,Savings,2017-10-15,189563.17,Active
503943,107544,22,Current,2019-09-17,56759.99,Active
503944,108508,33,Salary,2018-01-29,38816.85,Active
503945,105324,28,Savings,2021-11-28,59255.63,Active
503946,102143,37,Savings,2025-12-02,12127.64,Active
503947,104536,18,Salary,2020-02-01,60821.37,Active
503948,105282,36,Premium,2021-08-12,128383.52,Active
503949,105158,12,Salary,2022-07-18,375684.48,Active
503950,102236,17,Premium,2020-10-03,21148.73,Active
503951,106827,13,Salary,2017-09-28,68764.75,Active
503952,102473,37,Savings,2020-10-08,357953.88,Active
503953,109889,17,Salary,2025-01-12,122506.08,Active
503954,105766,30,Savings,2018-01-19,291626.97,Active
503955,106606,17,Savings,2023-05-12,57617.16,Dormant
503956,101762,23,Savings,2021-03-11,117245.73,Active
503957,108660,34,Premium,2021-05-05,771596.91,Dormant
503958,108596,29,Savings,2017-08-23,178604.21,Active
503959,107117,8,Salary,2021-04-16,486005.41,Active
503960,109923,11,Salary,2019-12-07,36093.75,Dormant
503961,108779,2,Current,2017-03-31,281591.91,Active
503962,106782,13,Salary,2022-02-25,30817.82,Active
503963,109344,37,Savings,2020-11-05,40213.1,Active
503964,106768,3,Salary,2017-02-13,155509.07,Active
503965,102607,11,Savings,2021-06-06,117823.19,Active
503966,107583,16,Current,2023-04-01,124418.57,Active
503967,106733,37,Savings,2023-02-04,92043.8,Active
503968,103263,39,Savings,2023-03-28,234281.41,Active
503969,104604,20,Savings,2024-07-14,33907.67,Active
503970,109439,33,Current,2024-07-10,31415.12,Active
503971,106000,23,Savings,2017-10-06,184502.48,Active
503972,104755,7,Savings,2017-09-16,30174.13,Active
503973,105160,5,Premium,2023-09-21,57680.3,Active
503974,108291,8,Savings,2025-07-26,24945.58,Active
503975,101803,40,Savings,2021-09-25,318232.65,Active
503976,105828,1,Savings,2024-06-05,59861.51,Active
503977,101742,23,Savings,2018-12-24,32839.5,Dormant
503978,101947,11,Current,2025-07-29,34372.42,Active
503979,101614,2,Savings,2021-11-24,114093.75,Dormant
503980,100402,6,Current,2022-05-08,35302.03,Active
503981,100417,30,Savings,2018-10-05,160418.36,Active
503982,104569,2,Savings,2021-04-12,54079.62,Active
503983,100973,33,Savings,2021-10-26,18234.52,Active
503984,108300,25,Salary,2021-06-07,358169.76,Active
503985,106304,21,Salary,2021-07-11,537919.82,Active
503986,109711,19,Savings,2018-10-10,28485.0,Active
503987,102335,37,Savings,2022-10-20,32849.85,Active
503988,108339,9,Savings,2018-08-25,13421.44,Active
503989,108891,7,Savings,2019-07-20,58325.22,Active
503990,108023,14,Savings,2019-11-01,115739.71,Active
503991,109569,3,Premium,2019-09-11,10361.56,Active
503992,108907,37,Savings,2022-03-07,84844.3,Active
503993,100680,32,Current,2020-11-29,820226.19,Dormant
503994,105443,2,Savings,2017-06-10,157659.3,Active
503995,107786,40,Savings,2024-11-04,58476.29,Active
503996,100279,29,Savings,2025-09-14,79494.64,Active
503997,108285,18,Savings,2024-08-06,81839.91,Dormant
503998,107731,6,Current,2020-03-02,67485.75,Active
503999,107463,30,Current,2017-03-07,64172.15,Active
504000,107549,14,Current,2024-01-04,435964.43,Active
504001,108855,24,Savings,2017-12-02,102100.43,Active
504002,109960,28,Savings,2023-05-20,225141.18,Active
504003,105603,33,Savings,2025-10-10,79291.87,Active
504004,104363,1,Savings,2025-03-22,420009.58,Active
504005,100297,39,Current,2023-06-06,95324.75,Active
504006,107000,2,Salary,2021-10-03,94362.49,Active
504007,108215,16,Salary,2020-08-09,25556.15,Closed
504008,107152,15,Savings,2017-08-21,83529.54,Active
504009,107459,28,Savings,2018-09-21,123174.9,Active
504010,108392,3,Current,2020-07-24,110421.99,Active
504011,106241,37,Savings,2020-03-24,20740.65,Active
504012,103767,6,Savings,2025-05-03,140473.35,Active
504013,105037,3,Current,2022-12-14,7594.6,Active
504014,102268,5,Salary,2020-07-17,35911.32,Active
504015,106261,27,Savings,2018-07-19,44604.68,Active
504016,106936,26,Savings,2019-04-23,50457.23,Active
504017,107467,1,Premium,2020-02-20,34429.85,Active
504018,100827,38,Salary,2024-11-08,50284.17,Active
504019,107390,37,Salary,2018-10-15,48049.92,Active
504020,103310,35,Savings,2022-11-01,11098.74,Active
504021,101356,40,Savings,2024-10-27,147072.63,Active
504022,101766,20,Savings,2024-09-04,225520.48,Active
504023,102250,33,Premium,2025-06-14,8122.48,Active
504024,100867,9,Savings,2020-02-05,20275.56,Active
504025,105404,34,Salary,2017-06-11,155169.54,Active
504026,107956,1,Savings,2018-04-28,575588.55,Closed
504027,109350,27,Current,2024-12-06,85121.2,Dormant
504028,105187,24,Savings,2021-01-31,62657.96,Active
504029,101751,36,Savings,2020-10-10,308335.3,Closed
504030,101910,1,Salary,2020-07-17,49889.13,Active
504031,106136,37,Current,2024-05-12,39223.0,Dormant
504032,102584,34,Salary,2018-01-03,77513.44,Active
504033,101083,32,Salary,2020-06-05,41918.87,Active
504034,108274,29,Salary,2025-03-24,123919.29,Active
504035,103477,24,Premium,2020-08-04,546140.97,Dormant
504036,105652,19,Premium,2020-08-04,67976.36,Closed
504037,100378,39,Salary,2017-02-09,42104.05,Active
504038,105324,9,Savings,2021-09-20,154598.49,Closed
504039,107437,28,Salary,2023-12-28,55138.62,Active
504040,107054,17,Savings,2018-06-02,138453.96,Active
504041,108471,20,Savings,2025-08-11,206734.77,Active
504042,100232,30,Savings,2020-10-26,14673.24,Active
504043,103349,30,Savings,2018-12-05,42263.27,Active
504044,103485,17,Salary,2018-07-14,81243.94,Active
504045,102360,15,Savings,2019-06-05,382060.24,Active
504046,109354,39,Salary,2018-02-19,67017.17,Active
504047,103072,14,Savings,2020-08-28,65144.74,Active
504048,105984,24,Savings,2022-05-09,73128.79,Active
504049,100091,14,Savings,2019-10-12,129565.25,Active
504050,103292,28,Savings,2025-10-23,362444.4,Active
504051,105999,8,Current,2019-08-24,19404.02,Active
504052,104930,3,Savings,2021-11-29,176660.4,Active
504053,109769,40,Premium,2024-11-07,536506.3,Active
504054,109156,38,Savings,2021-12-17,247601.17,Active
504055,101329,20,Current,2019-01-16,38796.24,Active
504056,103758,11,Savings,2023-05-14,537524.06,Active
504057,109756,27,Savings,2017-04-14,156709.02,Active
504058,105934,36,Savings,2022-03-22,314939.84,Active
504059,108210,12,Current,2021-09-27,229740.56,Active
504060,104931,7,Savings,2021-10-26,38206.16,Active
504061,106176,31,Salary,2022-10-22,73979.67,Active
504062,107124,28,Savings,2023-10-01,166189.61,Active
504063,106436,5,Salary,2025-08-18,105974.3,Active
504064,100241,1,Savings,2020-03-11,126050.62,Active
504065,102716,22,Savings,2025-09-20,61003.22,Closed
504066,102080,6,Savings,2017-01-27,5736.45,Active
504067,105906,23,Savings,2022-12-22,21758.38,Active
504068,101768,5,Savings,2024-05-12,81068.79,Active
504069,108125,15,Premium,2021-06-16,50462.69,Active
504070,104908,27,Savings,2023-01-06,40173.51,Active
504071,108172,2,Salary,2020-09-20,231561.34,Active
504072,109312,31,Savings,2019-03-22,33739.33,Active
504073,107770,8,Savings,2022-02-19,86985.12,Active
504074,106261,3,Savings,2025-03-25,1013080.62,Active
504075,107938,9,Premium,2021-05-16,144865.27,Active
504076,108865,38,Savings,2017-11-18,15837.88,Active
504077,100720,23,Savings,2022-12-22,96208.88,Active
504078,103642,23,Savings,2021-03-16,67747.59,Active
504079,107028,11,Savings,2019-07-18,23436.74,Active
504080,106974,2,Salary,2020-01-21,32636.63,Active
504081,103393,5,Current,2019-12-18,32475.86,Active
504082,107438,33,Savings,2020-02-04,127988.92,Active
504083,104165,40,Salary,2021-07-28,51396.65,Active
504084,100790,3,Salary,2020-09-18,40483.29,Active
504085,104061,33,Savings,2021-03-30,114208.48,Active
504086,102016,26,Premium,2018-05-16,249403.59,Active
504087,102897,3,Savings,2021-05-14,426653.91,Dormant
504088,103151,31,Savings,2023-08-19,129285.37,Active
504089,108182,3,Salary,2017-06-04,111155.13,Active
504090,105959,10,Savings,2023-05-09,44831.55,Active
504091,102207,11,Salary,2017-06-28,17042.51,Active
504092,102127,26,Savings,2017-01-07,116083.85,Active
504093,106029,33,Savings,2022-06-09,34765.94,Active
504094,109673,7,Savings,2021-01-17,21909.8,Active
504095,107251,13,Salary,2021-06-11,35105.35,Active
504096,107756,37,Salary,2019-02-14,134775.86,Active
504097,101216,13,Current,2017-05-09,27546.95,Active
504098,105392,24,Savings,2020-02-11,100119.91,Active
504099,102627,34,Savings,2022-12-20,233611.44,Dormant
504100,101622,2,Salary,2024-12-05,139334.91,Active
504101,106762,9,Salary,2022-02-17,739981.51,Dormant
504102,105606,28,Savings,2017-08-01,45796.77,Active
504103,104940,22,Savings,2017-08-24,17562.44,Dormant
504104,107249,12,Savings,2023-04-26,263611.46,Active
504105,102366,19,Savings,2023-04-25,185159.43,Active
504106,103892,37,Savings,2025-04-28,55442.43,Active
504107,103082,37,Savings,2024-04-01,16751.92,Active
504108,108005,39,Salary,2021-04-27,63791.66,Active
504109,103018,31,Salary,2021-09-06,17709.73,Active
504110,103940,40,Savings,2025-07-19,90535.03,Active
504111,100544,3,Current,2019-01-17,86837.73,Active
504112,109281,15,Savings,2018-10-22,76832.2,Active
504113,106341,1,Savings,2017-08-01,54926.99,Active
504114,100193,12,Savings,2023-02-09,117715.93,Active
504115,108115,10,Current,2022-11-02,27955.6,Active
504116,104648,20,Current,2019-01-19,482014.79,Active
504117,106293,15,Savings,2022-05-20,53694.05,Active
504118,105279,29,Savings,2024-06-04,348793.71,Active
504119,105966,1,Salary,2020-09-13,723430.07,Active
504120,109284,20,Savings,2017-11-11,441600.24,Active
504121,108115,40,Savings,2018-03-19,141864.35,Active
504122,104373,15,Savings,2020-06-04,75354.64,Active
504123,107901,23,Savings,2020-06-02,83216.36,Active
504124,106438,2,Salary,2020-09-27,96464.16,Active
504125,105724,31,Current,2023-07-26,611744.56,Active
504126,101991,37,Salary,2022-04-19,204550.78,Active
504127,100350,24,Premium,2022-08-30,24908.02,Active
504128,104479,29,Savings,2017-10-26,71486.77,Active
504129,103360,3,Savings,2020-03-20,5032.63,Active
504130,106814,4,Current,2020-02-28,12921.83,Closed
504131,105323,12,Salary,2021-02-01,140554.23,Active
504132,102436,5,Savings,2019-05-28,138311.73,Dormant
504133,103727,10,Savings,2024-09-04,65510.31,Active
504134,106359,38,Current,2019-11-11,40734.37,Active
504135,108902,38,Savings,2018-04-03,13291.93,Active
504136,107564,36,Current,2024-05-15,93974.06,Active
504137,102128,14,Savings,2022-12-02,107466.72,Active
504138,103425,27,Current,2021-11-03,43043.62,Active
504139,101462,21,Salary,2025-12-29,19761.14,Active
504140,106543,1,Savings,2021-04-10,108781.71,Active
504141,107285,15,Savings,2024-01-31,245983.58,Active
504142,106687,20,Salary,2022-10-30,120274.96,Active
504143,102836,24,Savings,2018-10-18,165240.51,Active
504144,106801,1,Current,2018-06-24,369570.34,Active
504145,102775,8,Salary,2021-12-19,331179.81,Active
504146,108195,15,Salary,2023-02-11,32995.57,Active
504147,102667,16,Savings,2017-04-19,21504.53,Active
504148,106499,35,Salary,2017-08-18,221159.18,Active
504149,105129,31,Savings,2022-04-11,482334.33,Active
504150,104090,24,Salary,2025-07-18,23096.9,Active
504151,108989,28,Savings,2023-07-24,19999.87,Active
504152,107141,16,Savings,2023-03-07,239749.5,Active
504153,104401,24,Salary,2024-04-04,9749.28,Active
504154,103840,17,Salary,2024-12-24,11325.59,Active
504155,104741,32,Premium,2017-11-05,29528.78,Active
504156,106116,24,Salary,2019-06-10,65640.21,Active
504157,107185,29,Salary,2023-04-03,487235.61,Active
504158,102771,17,Current,2019-09-21,22035.32,Active
504159,101409,5,Savings,2018-05-19,47461.28,Active
504160,101439,38,Current,2023-04-24,84605.05,Active
504161,105062,31,Savings,2022-06-05,814830.91,Active
504162,104334,4,Savings,2021-07-11,235506.63,Active
504163,104262,15,Savings,2023-03-09,603015.34,Active
504164,108750,38,Current,2018-04-02,79928.69,Active
504165,102100,15,Current,2018-08-06,109072.43,Active
504166,105664,23,Savings,2025-12-14,31797.63,Active
504167,102239,37,Savings,2024-07-19,205648.2,Active
504168,104664,4,Savings,2019-10-19,147637.44,Active
504169,101019,4,Savings,2019-04-06,81471.37,Active
504170,107530,37,Savings,2022-11-21,328130.53,Active
504171,108280,1,Savings,2020-12-15,164263.44,Dormant
504172,100963,29,Salary,2020-05-11,212160.54,Active
504173,107841,16,Savings,2020-09-29,80509.87,Active
504174,109960,29,Savings,2018-03-05,95686.46,Active
504175,100625,16,Current,2019-01-30,87247.22,Active
504176,107056,1,Premium,2024-07-06,172964.97,Active
504177,107958,14,Savings,2021-10-19,31920.94,Active
504178,101491,33,Salary,2021-04-05,194632.24,Dormant
504179,108193,30,Savings,2019-07-06,84373.62,Active
504180,102209,34,Savings,2025-06-18,39505.98,Active
504181,101202,35,Savings,2020-04-07,35096.65,Active
504182,109584,16,Salary,2019-11-12,190111.96,Closed
504183,109034,31,Salary,2020-10-25,134461.51,Active
504184,101611,7,Savings,2018-11-24,240206.79,Active
504185,100471,14,Current,2021-07-18,35323.71,Active
504186,102369,9,Savings,2023-05-18,51591.94,Active
504187,107243,30,Savings,2021-12-17,25298.26,Dormant
504188,107360,33,Savings,2025-09-22,96648.57,Active
504189,105848,19,Current,2017-02-11,23693.5,Active
504190,100076,22,Savings,2021-02-15,579342.13,Dormant
504191,100671,9,Savings,2018-02-04,68763.16,Active
504192,108200,31,Premium,2020-09-15,5534.06,Active
504193,104657,40,Premium,2023-10-03,183186.23,Active
504194,100140,31,Salary,2021-02-26,62642.87,Active
504195,106047,1,Premium,2017-11-28,144781.4,Active
504196,103890,24,Current,2023-02-24,47983.96,Active
504197,100659,39,Current,2021-05-02,326241.21,Active
504198,106335,23,Salary,2021-11-12,148691.59,Active
504199,108849,17,Savings,2020-08-28,54110.43,Active
504200,100417,5,Savings,2022-01-17,250063.3,Active
504201,106416,30,Savings,2025-05-07,294343.76,Active
504202,105610,3,Savings,2018-03-28,53383.47,Dormant
504203,105700,33,Savings,2019-03-19,25396.06,Active
504204,109937,4,Current,2025-02-02,371931.44,Active
504205,107337,25,Savings,2025-12-27,48878.95,Active
504206,109588,25,Savings,2019-02-08,15936.23,Active
504207,103402,29,Premium,2020-07-04,123763.78,Active
504208,100523,8,Premium,2017-03-10,22127.66,Closed
504209,106412,10,Savings,2021-02-05,105826.96,Active
504210,101148,20,Savings,2022-09-20,149350.23,Active
504211,108611,19,Current,2023-05-30,21881.39,Active
504212,108096,17,Salary,2020-06-23,82392.24,Active
504213,108671,24,Savings,2024-07-18,212998.23,Active
504214,101196,9,Current,2022-05-28,97407.87,Active
504215,107541,13,Savings,2017-04-11,97477.8,Active
504216,105709,35,Current,2024-04-20,153444.43,Active
504217,100551,2,Salary,2021-12-22,85283.97,Active
504218,106594,3,Savings,2021-02-26,71976.95,Active
504219,105486,38,Savings,2025-06-29,33613.8,Active
504220,102851,17,Salary,2024-07-25,34379.82,Active
504221,108822,10,Savings,2025-12-23,512508.31,Active
504222,104667,10,Savings,2024-11-22,14815.94,Active
504223,106039,15,Savings,2025-03-22,32890.12,Active
504224,108352,25,Current,2022-04-18,180073.9,Active
504225,108051,40,Savings,2019-12-21,1080991.18,Active
504226,106957,17,Salary,2021-07-23,27614.34,Active
504227,103487,32,Savings,2019-07-24,277626.12,Active
504228,108467,20,Savings,2023-06-27,84650.96,Active
504229,106925,9,Savings,2020-05-01,44037.81,Active
504230,102350,4,Savings,2025-06-18,10909.72,Active
504231,101416,20,Savings,2021-05-28,433011.48,Active
504232,104003,29,Savings,2019-01-05,187329.78,Active
504233,109690,40,Current,2017-10-31,91216.84,Active
504234,101662,40,Savings,2025-07-08,108505.89,Active
504235,105755,11,Salary,2017-07-11,174375.96,Closed
504236,101762,25,Savings,2021-09-30,76229.75,Dormant
504237,104432,29,Savings,2018-12-02,46609.47,Active
504238,102379,30,Current,2020-11-05,23502.16,Active
504239,104320,40,Salary,2017-04-01,23161.08,Active
504240,101567,23,Current,2021-03-28,67072.31,Dormant
504241,103883,4,Savings,2023-09-17,17787.86,Dormant
504242,105648,14,Savings,2020-11-29,55498.98,Active
504243,101441,11,Savings,2021-02-19,137603.67,Active
504244,107272,39,Savings,2022-01-17,102284.75,Active
504245,108609,20,Savings,2025-11-03,330211.52,Active
504246,100288,32,Savings,2018-02-21,97742.19,Active
504247,108360,29,Current,2025-07-29,466321.49,Active
504248,104894,32,Premium,2022-07-08,120123.17,Active
504249,104725,29,Savings,2018-12-01,140335.07,Active
504250,109215,28,Savings,2019-09-10,604645.69,Active
504251,100106,10,Savings,2017-03-09,25153.82,Closed
504252,107744,27,Current,2019-11-09,167602.67,Active
504253,103897,22,Salary,2017-09-29,99302.95,Active
504254,103650,16,Premium,2019-05-14,23804.03,Active
504255,100809,13,Savings,2023-04-03,334400.13,Active
504256,104356,36,Current,2025-10-05,161782.34,Active
504257,109444,22,Savings,2025-08-02,236966.05,Active
504258,107717,15,Savings,2020-01-27,117082.1,Active
504259,109411,17,Salary,2017-08-15,454905.92,Active
504260,108455,35,Savings,2018-09-13,32904.9,Active
504261,108313,27,Salary,2020-01-09,369412.16,Active
504262,108794,1,Savings,2021-05-09,137535.83,Active
504263,109883,2,Savings,2018-09-20,26504.04,Active
504264,106033,21,Savings,2022-09-23,159294.94,Closed
504265,107434,14,Savings,2025-09-10,368009.16,Active
504266,105094,23,Current,2023-06-29,73821.62,Active
504267,107581,16,Premium,2021-10-06,61279.44,Active
504268,102599,10,Salary,2019-09-16,60382.82,Active
504269,109992,34,Current,2024-10-16,124755.4,Active
504270,103077,8,Salary,2020-06-08,46088.53,Active
504271,101097,8,Current,2020-12-12,526081.24,Active
504272,108048,7,Savings,2024-05-27,3828.89,Active
504273,102406,9,Premium,2018-11-15,73969.45,Active
504274,101648,24,Savings,2023-02-01,36672.32,Active
504275,106171,2,Savings,2021-09-23,38508.76,Active
504276,102438,3,Premium,2024-09-14,39070.22,Active
504277,105054,18,Savings,2019-01-21,213540.63,Active
504278,101004,17,Current,2022-08-19,116236.19,Active
504279,103763,31,Savings,2024-03-10,23102.45,Active
504280,106725,14,Savings,2020-11-14,48583.52,Active
504281,106648,11,Current,2021-03-25,42120.33,Active
504282,105023,22,Current,2021-09-30,68905.68,Active
504283,101751,28,Premium,2019-02-23,14274.18,Active
504284,109826,16,Savings,2018-11-27,158903.84,Active
504285,107504,5,Salary,2018-01-03,13635.27,Active
504286,109190,17,Current,2024-03-14,22490.25,Dormant
504287,105270,28,Salary,2018-07-17,158231.53,Active
504288,105392,30,Savings,2017-04-28,194969.34,Active
504289,107199,33,Savings,2021-06-09,15500.45,Active
504290,106970,10,Current,2018-05-15,649848.99,Active
504291,109954,9,Savings,2018-07-16,340031.25,Active
504292,104313,2,Savings,2018-02-21,194493.08,Active
504293,108862,4,Premium,2022-03-02,135792.4,Dormant
504294,102189,31,Savings,2025-05-22,721552.74,Dormant
504295,108423,13,Salary,2021-01-29,313179.74,Active
504296,107642,2,Savings,2020-12-14,67559.56,Active
504297,106449,30,Salary,2019-06-11,290178.5,Active
504298,108613,16,Savings,2021-10-19,188592.08,Active
504299,100605,11,Savings,2017-08-17,61465.5,Active
504300,107926,10,Current,2024-02-05,51889.45,Closed
504301,107706,26,Savings,2022-07-31,45657.6,Active
504302,109816,30,Savings,2024-03-19,160455.56,Active
504303,106663,3,Salary,2023-12-16,363327.22,Active
504304,107692,34,Savings,2022-02-25,19398.6,Active
504305,106100,31,Savings,2022-11-04,92157.95,Active
504306,108178,12,Salary,2023-03-11,122411.74,Closed
504307,100594,3,Salary,2018-04-26,15794.11,Active
504308,101999,35,Premium,2025-11-14,288607.79,Active
504309,102723,29,Salary,2017-12-18,96310.41,Active
504310,105841,1,Savings,2021-06-10,93250.77,Active
504311,104165,31,Savings,2024-12-17,61292.01,Dormant
504312,100761,8,Savings,2021-05-30,343516.49,Active
504313,103764,13,Savings,2025-02-13,147826.23,Active
504314,102920,14,Savings,2021-08-15,75053.21,Active
504315,101113,17,Premium,2019-06-20,12668.13,Active
504316,106759,9,Premium,2020-09-10,11926.92,Active
504317,103662,1,Savings,2023-09-14,123302.82,Closed
504318,105001,20,Salary,2021-03-27,22763.19,Active
504319,102124,6,Savings,2020-04-23,140087.25,Active
504320,109408,5,Savings,2019-09-19,47672.43,Active
504321,103813,20,Savings,2024-06-16,38380.89,Active
504322,102975,9,Current,2021-05-09,249045.42,Active
504323,107371,39,Premium,2018-05-25,32232.58,Active
504324,106430,3,Salary,2018-03-14,95751.76,Active
504325,103651,24,Savings,2021-02-23,50732.69,Active
504326,102912,38,Savings,2018-02-09,193044.46,Active
504327,101292,39,Salary,2025-06-08,56670.97,Active
504328,106071,12,Current,2019-12-04,85885.11,Active
504329,107342,36,Savings,2017-12-06,8936.62,Active
504330,105216,7,Salary,2020-08-11,36729.92,Active
504331,109156,2,Savings,2024-10-07,145294.0,Active
504332,105887,17,Savings,2022-09-11,91427.36,Active
504333,103303,34,Savings,2026-01-10,76033.23,Active
504334,100436,12,Current,2023-08-23,143354.69,Active
504335,102492,39,Salary,2019-08-18,197180.87,Active
504336,105081,7,Savings,2024-10-21,45311.62,Active
504337,104654,40,Savings,2021-03-14,377776.38,Active
504338,105600,27,Salary,2020-02-04,42341.81,Dormant
504339,101088,40,Current,2018-03-22,23655.68,Active
504340,108034,30,Salary,2025-09-26,168193.18,Active
504341,109256,12,Salary,2017-10-27,209083.62,Active
504342,103740,14,Savings,2020-06-29,35174.23,Dormant
504343,106471,39,Current,2018-04-16,91641.96,Active
504344,103528,16,Savings,2024-04-10,232139.88,Active
504345,102839,29,Savings,2020-06-22,81286.13,Active
504346,109527,23,Savings,2021-09-28,57384.11,Closed
504347,102572,27,Savings,2020-02-24,39543.19,Active
504348,102106,11,Current,2024-06-06,58398.99,Active
504349,102354,29,Salary,2023-10-01,123497.17,Active
504350,102604,5,Savings,2024-04-11,120609.93,Dormant
504351,103393,11,Current,2023-04-06,52650.89,Active
504352,105083,11,Savings,2021-01-16,84945.25,Active
504353,108901,16,Savings,2025-10-15,123146.35,Active
504354,100610,8,Salary,2018-10-25,16746.6,Active
504355,102882,31,Salary,2025-09-14,149255.34,Active
504356,105087,32,Current,2018-06-08,402580.97,Active
504357,101971,7,Savings,2022-05-07,216160.15,Active
504358,100880,17,Savings,2017-10-30,68243.02,Dormant
504359,100194,21,Savings,2017-11-29,139620.32,Active
504360,106005,16,Savings,2022-03-18,8568.99,Active
504361,109876,34,Savings,2020-06-24,39751.59,Closed
504362,101901,34,Current,2022-12-09,125005.08,Active
504363,107451,31,Current,2024-10-05,34083.56,Active
504364,100775,16,Salary,2023-08-10,138042.68,Active
504365,102919,27,Savings,2025-05-09,342221.84,Active
504366,105096,2,Salary,2018-03-24,189770.85,Active
504367,104044,22,Current,2023-03-18,200227.02,Active
504368,104004,17,Current,2020-08-31,97077.14,Active
504369,101216,35,Current,2024-08-04,83503.91,Active
504370,109432,12,Savings,2018-03-25,175433.77,Active
504371,100805,35,Salary,2022-09-07,41269.84,Active
504372,107632,9,Current,2018-04-10,140658.25,Active
504373,108925,24,Savings,2022-06-20,134251.94,Active
504374,108814,32,Savings,2020-05-24,23729.94,Active
504375,104894,27,Savings,2023-05-06,167326.4,Active
504376,106243,15,Savings,2019-04-22,10233.77,Active
504377,100981,21,Savings,2018-01-10,59991.45,Active
504378,100353,10,Savings,2025-12-08,55551.82,Active
504379,103424,3,Salary,2019-09-04,94299.22,Active
504380,103369,33,Salary,2022-12-07,8423.24,Active
504381,102847,26,Savings,2021-09-16,36188.02,Dormant
504382,100762,32,Current,2018-02-22,89170.05,Active
504383,100516,9,Savings,2025-04-20,1257811.83,Active
504384,107672,16,Current,2023-10-23,16955.92,Dormant
504385,109896,23,Salary,2018-02-14,17135.8,Active
504386,108834,22,Premium,2021-02-14,110501.04,Active
504387,107656,3,Savings,2019-04-01,563221.97,Active
504388,103559,34,Savings,2020-12-08,58749.09,Active
504389,105222,1,Savings,2021-06-19,51496.63,Active
504390,105667,23,Savings,2020-10-18,79876.87,Active
504391,104529,5,Current,2017-06-17,85415.69,Active
504392,103090,4,Savings,2018-07-14,16435.23,Closed
504393,106158,30,Current,2018-01-14,57526.38,Active
504394,104182,33,Savings,2022-06-11,73791.7,Active
504395,109859,12,Salary,2022-04-02,257204.48,Active
504396,102326,22,Premium,2022-07-31,132072.34,Active
504397,109830,26,Current,2024-04-21,84845.34,Active
504398,100377,2,Savings,2018-03-31,50491.0,Active
504399,104795,4,Current,2023-10-30,93404.36,Active
504400,101902,26,Savings,2025-12-17,38747.57,Active
504401,104133,36,Salary,2023-12-14,14074.85,Active
504402,109856,35,Savings,2025-03-18,55357.57,Active
504403,102273,9,Savings,2020-01-24,225891.09,Active
504404,101451,15,Savings,2021-01-09,71204.77,Dormant
504405,109792,26,Savings,2020-08-24,128877.51,Active
504406,102822,9,Salary,2022-03-24,36716.28,Dormant
504407,102822,11,Savings,2021-10-28,100257.64,Active
504408,101973,12,Savings,2022-11-28,180570.36,Active
504409,107841,38,Current,2023-01-23,163725.41,Active
504410,107266,4,Current,2018-04-23,114394.62,Active
504411,100581,12,Savings,2017-05-12,54042.16,Active
504412,109589,7,Premium,2025-07-14,100761.74,Active
504413,100140,23,Savings,2025-05-28,95407.27,Active
504414,106305,18,Savings,2017-12-10,18293.22,Active
504415,101324,11,Salary,2023-04-14,113616.66,Active
504416,100897,28,Current,2023-09-06,64615.18,Dormant
504417,100794,22,Savings,2020-02-01,128597.04,Active
504418,108655,38,Savings,2022-04-10,665210.94,Active
504419,105564,21,Savings,2017-01-10,42081.63,Active
504420,102984,26,Premium,2017-03-02,63834.42,Active
504421,106631,23,Savings,2018-07-01,148418.47,Active
504422,100064,20,Salary,2017-12-16,199299.34,Active
504423,106069,21,Salary,2018-02-20,267290.39,Dormant
504424,107570,31,Savings,2019-01-22,77364.91,Active
504425,101939,24,Current,2021-03-26,224721.0,Active
504426,109237,15,Savings,2023-07-26,4934.04,Active
504427,104898,26,Savings,2021-11-11,543413.49,Active
504428,100039,30,Savings,2024-04-05,151629.76,Active
504429,106765,27,Savings,2024-08-08,69817.52,Active
504430,107487,22,Savings,2025-08-22,85581.94,Active
504431,107476,29,Savings,2018-03-30,1163384.51,Dormant
504432,101101,31,Salary,2025-02-09,59565.78,Closed
504433,102044,8,Current,2019-08-07,92564.06,Active
504434,100596,3,Savings,2021-06-16,228104.82,Dormant
504435,109316,15,Savings,2018-06-18,52354.15,Active
504436,103994,23,Savings,2021-12-10,110788.8,Active
504437,102493,5,Salary,2017-06-28,101148.2,Active
504438,100108,34,Salary,2024-06-22,444025.31,Active
504439,101267,23,Savings,2018-01-30,59342.25,Active
504440,102358,32,Savings,2023-11-04,125086.41,Closed
504441,108845,29,Savings,2021-01-17,107445.83,Active
504442,109514,15,Salary,2020-02-28,55624.83,Active
504443,105854,22,Savings,2022-04-13,43221.86,Active
504444,107813,2,Savings,2017-04-07,205467.81,Active
504445,102100,34,Savings,2020-03-21,151090.69,Active
504446,106150,19,Current,2023-09-24,94099.69,Active
504447,108708,38,Savings,2020-02-16,96224.74,Active
504448,108368,9,Salary,2019-09-04,16773.42,Active
504449,108298,37,Savings,2017-12-02,37432.35,Active
504450,103503,35,Savings,2018-03-18,142030.57,Active
504451,101860,2,Savings,2017-10-26,10007.66,Active
504452,105320,2,Savings,2019-06-07,220984.08,Active
504453,102058,40,Salary,2019-04-06,72509.0,Active
504454,106796,13,Savings,2020-02-07,235352.2,Active
504455,103960,39,Salary,2024-11-24,103696.77,Active
504456,109202,17,Salary,2021-01-05,69211.92,Active
504457,103932,4,Salary,2023-01-28,67757.54,Active
504458,103072,27,Savings,2025-08-30,95203.23,Active
504459,106600,18,Savings,2024-05-11,141092.97,Active
504460,109916,33,Savings,2023-03-21,135259.49,Active
504461,103969,34,Savings,2018-02-15,20872.26,Active
504462,105975,7,Current,2025-09-16,141807.37,Active
504463,105128,3,Savings,2021-03-01,37781.04,Active
504464,108836,28,Salary,2024-07-01,100481.27,Active
504465,107228,36,Premium,2021-03-20,32569.83,Active
504466,100481,2,Savings,2020-01-19,55753.88,Active
504467,109751,16,Savings,2020-08-14,66373.27,Active
504468,101874,6,Savings,2019-07-05,76266.33,Active
504469,103560,32,Savings,2025-02-28,163819.11,Active
504470,103374,17,Current,2025-01-03,403499.17,Active
504471,107216,29,Savings,2018-08-05,286122.49,Active
504472,109356,31,Salary,2024-10-28,127741.5,Active
504473,105681,34,Salary,2019-03-16,286046.13,Active
504474,104889,33,Savings,2023-02-12,50385.96,Active
504475,102320,2,Premium,2018-09-28,25651.13,Active
504476,101220,5,Salary,2025-08-10,4208.84,Active
504477,107838,34,Savings,2017-10-21,126523.14,Active
504478,104734,14,Savings,2018-07-26,216664.01,Active
504479,101454,29,Savings,2021-04-13,103859.76,Active
504480,105003,35,Salary,2018-01-09,138441.67,Active
504481,107378,25,Salary,2025-04-15,187222.94,Active
504482,108952,14,Salary,2022-07-11,43224.32,Closed
504483,109004,13,Salary,2024-01-28,80807.85,Active
504484,109420,15,Savings,2021-08-14,30106.71,Active
504485,105982,6,Savings,2020-12-21,131361.64,Active
504486,106220,30,Premium,2022-01-23,880376.41,Active
504487,101885,15,Salary,2017-06-24,205525.93,Active
504488,106306,4,Savings,2025-07-27,91458.65,Active
504489,108871,23,Savings,2024-08-22,4384.56,Dormant
504490,101809,28,Savings,2019-03-06,40658.48,Active
504491,105025,22,Salary,2022-01-01,15946.41,Active
504492,109873,1,Salary,2020-10-28,81472.75,Active
504493,102410,1,Current,2025-10-01,4105.66,Active
504494,109093,16,Savings,2023-06-11,54541.36,Active
504495,100182,7,Current,2024-11-09,62821.27,Active
504496,107934,18,Savings,2023-06-18,13171.79,Active
504497,106706,5,Savings,2025-08-05,46410.27,Active
504498,100816,5,Salary,2019-08-04,22150.39,Active
504499,107966,39,Salary,2024-09-14,42118.63,Active
504500,100409,13,Salary,2017-09-08,278321.88,Dormant
504501,109071,15,Savings,2025-09-19,71062.19,Active
504502,106157,28,Savings,2020-01-04,159227.74,Active
504503,104870,16,Savings,2025-02-01,600207.84,Active
504504,104577,7,Salary,2025-09-07,71197.85,Active
504505,105913,18,Salary,2022-11-08,23612.84,Active
504506,102712,29,Savings,2020-11-09,29282.05,Active
504507,107139,32,Savings,2018-11-01,96643.16,Active
504508,106943,9,Salary,2023-04-15,193833.2,Active
504509,102402,17,Savings,2024-10-22,191994.14,Active
504510,101773,35,Savings,2025-09-10,186928.81,Active
504511,101421,7,Savings,2021-12-09,308243.24,Active
504512,102817,39,Current,2024-04-06,192847.46,Active
504513,105099,25,Savings,2025-11-22,386941.4,Dormant
504514,103743,38,Current,2022-11-03,278689.08,Active
504515,105428,31,Savings,2024-11-13,71981.01,Active
504516,108167,39,Savings,2025-02-09,100963.23,Dormant
504517,101524,25,Savings,2017-10-22,72361.55,Active
504518,106959,24,Savings,2025-04-17,56191.14,Active
504519,106329,12,Savings,2018-08-10,12740.82,Active
504520,109469,37,Savings,2017-02-22,203650.17,Active
504521,109906,30,Premium,2017-09-04,442076.16,Active
504522,104862,11,Salary,2023-07-30,36473.2,Active
504523,107821,10,Salary,2024-03-24,46607.73,Active
504524,106188,10,Current,2025-11-26,101774.59,Active
504525,101727,11,Savings,2022-10-24,21040.05,Active
504526,100492,38,Savings,2020-08-14,172432.63,Active
504527,109433,25,Savings,2020-04-07,53640.04,Active
504528,106453,23,Current,2021-04-16,26225.91,Active
504529,100069,7,Savings,2023-08-29,187850.33,Active
504530,100746,1,Savings,2017-11-18,153044.15,Active
504531,109684,37,Savings,2024-05-29,30308.86,Active
504532,109915,32,Premium,2019-05-03,233166.46,Active
504533,101425,5,Savings,2020-07-24,7667.83,Active
504534,103612,26,Premium,2019-12-05,28936.04,Active
504535,102343,5,Salary,2021-05-30,57253.38,Dormant
504536,103988,20,Savings,2024-01-18,246421.41,Active
504537,103917,28,Savings,2022-12-07,206557.04,Active
504538,104528,20,Current,2025-06-07,42901.95,Active
504539,103670,4,Salary,2019-04-22,46248.49,Active
504540,103566,23,Salary,2020-11-08,10150.4,Active
504541,108120,22,Current,2018-06-15,83179.32,Active
504542,104229,16,Savings,2021-01-16,39088.61,Active
504543,105587,29,Salary,2020-09-28,34587.63,Active
504544,101010,38,Premium,2021-09-17,8679.07,Active
504545,104651,33,Salary,2019-07-20,20588.94,Active
504546,103304,7,Savings,2025-07-02,101675.8,Active
504547,103876,13,Savings,2023-08-13,27530.79,Active
504548,104393,18,Savings,2020-12-14,89852.49,Active
504549,105098,34,Salary,2022-10-29,199181.87,Active
504550,101458,13,Salary,2023-07-31,19083.35,Active
504551,102903,36,Salary,2025-01-30,105229.75,Active
504552,109965,2,Savings,2025-05-08,31105.9,Active
504553,105675,6,Current,2024-11-15,72991.18,Active
504554,108490,17,Savings,2024-02-06,50107.22,Dormant
504555,105643,29,Salary,2018-03-26,249470.03,Active
504556,106444,3,Premium,2018-01-30,13725.23,Active
504557,107481,25,Savings,2018-04-24,69497.31,Active
504558,109145,11,Premium,2021-07-27,56696.63,Active
504559,101897,5,Savings,2021-07-23,77004.07,Active
504560,107821,40,Savings,2020-06-27,306064.38,Active
504561,104434,33,Savings,2020-02-20,346963.95,Active
504562,108286,23,Premium,2020-10-27,15093.04,Active
504563,105752,20,Current,2023-05-23,96779.59,Active
504564,106979,22,Savings,2024-11-12,27893.29,Active
504565,109238,21,Premium,2025-04-29,369467.35,Active
504566,103129,2,Savings,2019-08-07,58282.38,Active
504567,101544,3,Current,2020-01-17,324986.19,Active
504568,108168,26,Savings,2020-10-26,95261.16,Active
504569,106472,13,Salary,2020-07-14,14009.71,Dormant
504570,101154,27,Premium,2021-03-14,162674.51,Active
504571,104142,24,Savings,2018-04-20,87851.08,Active
504572,109730,2,Savings,2019-10-03,61253.53,Active
504573,106172,36,Salary,2018-12-01,68438.12,Active
504574,100390,6,Salary,2021-09-07,49629.29,Active
504575,102784,5,Savings,2025-09-11,20249.45,Active
504576,107097,38,Salary,2025-04-20,195600.05,Active
504577,100638,29,Savings,2025-07-20,83219.97,Active
504578,104901,28,Savings,2023-07-25,25421.94,Active
504579,100426,26,Savings,2022-10-09,177818.48,Active
504580,105861,13,Savings,2026-01-08,81792.84,Active
504581,105046,1,Savings,2018-12-08,355986.94,Active
504582,109680,5,Savings,2025-06-23,16050.39,Active
504583,106659,14,Current,2019-01-22,185651.97,Active
504584,108017,26,Savings,2023-02-18,468376.6,Active
504585,103889,34,Salary,2022-06-24,119113.85,Active
504586,104549,16,Current,2017-09-23,115592.42,Active
504587,107670,15,Savings,2023-09-17,114814.0,Active
504588,105441,40,Salary,2021-04-01,182565.96,Active
504589,103263,29,Savings,2021-07-09,46207.5,Dormant
504590,106145,22,Premium,2020-06-14,41734.75,Active
504591,101971,10,Savings,2023-09-21,12911.34,Active
504592,109662,23,Salary,2024-09-19,33233.19,Active
504593,104309,18,Current,2017-03-19,72152.05,Active
504594,101813,23,Salary,2023-05-17,46903.95,Active
504595,104735,21,Premium,2017-04-10,189757.45,Active
504596,107289,27,Savings,2017-08-03,58139.08,Active
504597,107070,15,Savings,2017-12-01,111296.47,Active
504598,100606,17,Savings,2019-01-13,155877.92,Active
504599,101854,8,Premium,2019-03-06,45774.5,Active
504600,100453,18,Current,2018-06-03,87923.42,Active
504601,101864,11,Savings,2017-04-13,130482.32,Active
504602,109671,20,Savings,2021-12-16,36394.98,Active
504603,105690,12,Current,2018-10-27,35165.66,Active
504604,102881,6,Savings,2024-08-23,97113.33,Active
504605,103140,17,Savings,2025-05-16,26373.06,Active
504606,106154,38,Savings,2020-02-18,162511.17,Active
504607,109472,27,Savings,2018-09-06,968814.87,Active
504608,107725,36,Savings,2019-02-12,46061.27,Active
504609,104951,9,Savings,2018-04-22,65855.16,Active
504610,108476,1,Savings,2021-11-14,106916.83,Active
504611,105288,28,Savings,2024-12-18,135872.8,Active
504612,103837,29,Salary,2025-04-18,19138.88,Active
504613,108006,39,Premium,2026-01-05,64673.1,Active
504614,100365,27,Salary,2017-11-15,71952.12,Active
504615,105422,3,Savings,2023-07-17,228147.0,Dormant
504616,109500,10,Current,2025-08-02,61939.27,Active
504617,108341,14,Savings,2026-01-12,227850.83,Active
504618,107551,3,Savings,2018-02-26,35914.99,Active
504619,100834,21,Current,2019-08-24,10862.25,Active
504620,107873,15,Premium,2019-05-30,60252.81,Active
504621,102115,35,Current,2018-04-16,7824.31,Active
504622,100754,38,Current,2020-08-02,54338.84,Active
504623,102935,14,Savings,2023-02-05,38266.35,Active
504624,105027,23,Savings,2025-05-24,127429.47,Active
504625,102542,31,Savings,2024-06-14,51560.46,Active
504626,100525,22,Savings,2019-06-12,38847.69,Active
504627,109247,19,Savings,2025-03-05,76082.57,Active
504628,108485,40,Savings,2020-02-16,200980.13,Active
504629,106660,18,Savings,2021-01-10,55658.31,Dormant
504630,107041,39,Savings,2021-08-28,25446.15,Active
504631,100189,19,Current,2022-09-06,232187.39,Active
504632,103013,1,Savings,2022-11-21,31348.27,Active
504633,109222,40,Savings,2017-03-20,17070.9,Active
504634,102064,28,Savings,2023-07-14,99017.38,Active
504635,107120,3,Savings,2018-05-26,28514.77,Active
504636,102736,32,Current,2021-01-27,49204.59,Active
504637,109033,40,Savings,2020-06-07,43232.13,Active
504638,104665,8,Savings,2017-08-29,99238.58,Active
504639,101418,25,Savings,2021-08-26,278202.08,Active
504640,103200,11,Savings,2019-09-29,21470.51,Active
504641,102354,25,Premium,2019-12-04,131619.26,Active
504642,104847,34,Savings,2021-05-23,59849.15,Active
504643,107459,11,Salary,2022-09-20,78913.55,Active
504644,107518,31,Savings,2017-12-20,108420.43,Active
504645,101869,18,Savings,2021-09-26,11472.45,Active
504646,105233,9,Current,2020-10-19,25636.49,Active
504647,102938,8,Savings,2023-08-14,6580.89,Active
504648,108411,22,Current,2020-06-02,98719.73,Active
504649,104510,39,Savings,2019-09-18,89848.59,Dormant
504650,109119,8,Current,2024-10-19,25392.48,Active
504651,104030,4,Savings,2021-09-13,34429.19,Active
504652,108942,17,Savings,2021-06-29,14037.98,Active
504653,109925,36,Premium,2025-12-10,26032.74,Active
504654,108513,30,Premium,2021-06-27,219444.56,Active
504655,105423,16,Savings,2021-07-29,112414.94,Active
504656,104336,12,Savings,2019-01-24,238452.49,Dormant
504657,105888,33,Premium,2025-11-19,83309.01,Active
504658,101376,5,Salary,2018-06-20,63228.06,Active
504659,108694,13,Savings,2019-09-29,84309.43,Active
504660,106925,28,Current,2020-11-06,1742673.65,Active
504661,103539,26,Savings,2022-10-09,74611.43,Dormant
504662,108365,5,Salary,2020-02-23,35129.47,Active
504663,105628,13,Savings,2023-04-29,247958.35,Active
504664,105092,28,Salary,2020-03-14,217064.11,Active
504665,102281,20,Salary,2018-06-15,586963.1,Active
504666,104206,20,Premium,2024-03-13,150150.71,Dormant
504667,103657,38,Current,2019-11-24,127084.33,Active
504668,107095,40,Current,2017-09-27,262644.61,Active
504669,107148,23,Salary,2022-05-14,61280.55,Active
504670,106665,22,Current,2022-03-10,57676.11,Active
504671,103715,22,Current,2026-01-09,75244.3,Active
504672,106401,6,Salary,2017-04-03,167795.49,Active
504673,101452,11,Savings,2024-04-29,17564.0,Active
504674,102129,4,Savings,2022-04-14,197228.34,Active
504675,106852,35,Savings,2024-10-04,281016.45,Active
504676,107019,19,Savings,2025-02-18,72397.57,Active
504677,106341,11,Savings,2022-07-17,554478.87,Active
504678,105856,16,Savings,2025-10-31,114681.91,Active
504679,104677,10,Savings,2020-03-09,84031.68,Active
504680,101177,21,Salary,2024-11-22,123743.54,Active
504681,103427,3,Salary,2025-09-09,357383.54,Active
504682,100172,32,Savings,2025-10-30,205811.2,Active
504683,100681,34,Salary,2017-12-17,132694.51,Active
504684,103604,21,Salary,2019-12-21,107834.24,Active
504685,109949,32,Savings,2024-06-08,825573.89,Active
504686,107596,9,Savings,2025-08-02,44926.76,Active
504687,101325,17,Premium,2017-09-04,42441.67,Active
504688,107919,39,Salary,2022-08-05,1227051.79,Active
504689,100967,19,Salary,2021-05-07,7883.52,Active
504690,108839,10,Savings,2019-12-30,609292.07,Active
504691,103405,32,Current,2023-10-03,252810.66,Active
504692,104207,32,Savings,2020-04-01,51897.5,Active
504693,106829,33,Premium,2023-11-22,56108.09,Active
504694,107525,37,Savings,2024-12-20,36938.04,Active
504695,106065,24,Savings,2019-05-25,627802.08,Active
504696,103793,38,Savings,2022-08-10,132911.28,Active
504697,104334,18,Salary,2024-09-27,255685.04,Active
504698,101874,24,Savings,2025-04-01,14624.28,Active
504699,103918,7,Current,2024-03-05,81726.06,Dormant
504700,101411,22,Current,2020-12-06,61485.34,Active
504701,106201,14,Savings,2023-03-08,159483.32,Closed
504702,104864,38,Salary,2019-03-13,15173.03,Active
504703,105348,12,Salary,2024-10-12,30330.62,Active
504704,101522,29,Premium,2025-09-09,469687.36,Active
504705,107585,16,Salary,2023-07-20,206820.36,Active
504706,109794,21,Salary,2020-09-16,85396.97,Active
504707,108864,8,Salary,2017-08-28,92173.54,Closed
504708,105908,9,Salary,2023-05-03,45778.95,Active
504709,104181,39,Current,2018-10-02,19252.47,Closed
504710,102254,23,Premium,2018-05-03,38266.96,Active
504711,108720,39,Current,2024-10-07,59602.7,Active
504712,105728,10,Savings,2019-03-17,308348.54,Active
504713,103514,18,Savings,2021-01-15,604256.77,Active
504714,108809,29,Salary,2024-08-23,47868.06,Active
504715,107685,9,Savings,2017-10-01,259142.44,Active
504716,107226,36,Premium,2020-10-31,45138.55,Active
504717,103385,2,Current,2018-08-31,82755.58,Active
504718,108157,37,Current,2018-12-28,39294.55,Active
504719,108718,31,Premium,2021-12-15,271276.7,Active
504720,100227,37,Salary,2018-07-31,49178.83,Active
504721,106024,39,Salary,2022-04-06,51600.22,Active
504722,106738,30,Savings,2023-10-09,240015.58,Active
504723,106483,8,Savings,2023-04-20,55177.65,Active
504724,102066,20,Salary,2020-01-05,77287.22,Active
504725,106645,19,Savings,2019-03-22,67898.28,Active
504726,100459,4,Savings,2017-04-13,134286.97,Active
504727,100369,16,Savings,2022-03-24,67929.77,Active
504728,102485,16,Savings,2021-01-23,7023.87,Active
504729,102675,23,Savings,2018-04-20,315160.84,Active
504730,109813,26,Savings,2020-05-17,440492.98,Active
504731,101674,39,Salary,2019-03-13,24020.91,Active
504732,100004,6,Savings,2021-12-17,215932.98,Closed
504733,106783,19,Savings,2021-02-02,21882.41,Active
504734,102342,20,Salary,2018-05-16,86841.78,Active
504735,102651,19,Salary,2025-07-15,106711.89,Active
504736,103475,21,Savings,2024-07-09,185227.12,Active
504737,109180,4,Savings,2022-12-13,193106.83,Active
504738,100677,10,Savings,2022-01-21,150228.25,Active
504739,102570,29,Savings,2019-04-26,67781.85,Dormant
504740,109962,7,Current,2024-10-16,111744.01,Active
504741,104397,14,Savings,2023-10-25,76464.09,Active
504742,104740,18,Savings,2023-01-09,133612.04,Active
504743,106662,31,Savings,2020-01-21,155994.86,Active
504744,106488,22,Salary,2017-02-14,179626.42,Active
504745,100224,9,Salary,2021-03-06,471507.7,Active
504746,102697,13,Savings,2017-07-11,24779.4,Active
504747,100235,28,Savings,2022-07-27,107220.6,Active
504748,102065,34,Salary,2024-02-01,97070.92,Active
504749,102042,31,Salary,2021-11-11,61648.54,Active
504750,100095,31,Salary,2023-08-30,117479.27,Dormant
504751,103274,2,Savings,2017-09-26,114610.05,Active
504752,103855,21,Savings,2017-09-10,62424.39,Active
504753,103882,17,Salary,2017-10-28,143018.06,Active
504754,100812,32,Savings,2023-08-15,316780.28,Active
504755,102437,2,Salary,2023-05-20,99177.83,Active
504756,106741,23,Savings,2022-06-19,31976.02,Active
504757,107776,2,Savings,2025-03-22,12789.62,Active
504758,102637,40,Current,2019-07-25,70272.06,Active
504759,106164,33,Savings,2022-04-30,86035.73,Active
504760,101139,17,Savings,2022-12-20,205953.31,Active
504761,101148,13,Savings,2017-02-07,10024.64,Active
504762,104292,26,Current,2018-05-11,105562.81,Active
504763,103408,28,Savings,2017-10-29,49106.35,Active
504764,102043,37,Savings,2019-02-04,62193.34,Dormant
504765,105403,36,Savings,2021-04-23,171030.23,Active
504766,102294,7,Savings,2024-07-03,59211.02,Active
504767,101505,25,Current,2020-10-27,47658.09,Active
504768,108698,18,Current,2022-09-14,652297.77,Active
504769,106994,20,Salary,2017-09-07,115266.99,Active
504770,107342,7,Current,2026-01-01,36171.29,Active
504771,109327,14,Savings,2024-09-15,60794.34,Closed
504772,108440,13,Savings,2017-02-03,793556.34,Active
504773,108999,6,Savings,2024-03-19,28779.27,Active
504774,103526,23,Savings,2020-08-26,100585.68,Active
504775,107203,38,Salary,2023-05-31,26922.96,Active
504776,105838,31,Savings,2019-07-01,396883.25,Active
504777,109619,29,Current,2024-03-27,143287.71,Active
504778,108012,25,Current,2017-01-08,60380.83,Active
504779,108357,6,Savings,2020-11-23,569808.84,Dormant
504780,104067,1,Salary,2024-06-11,290017.21,Active
504781,104234,24,Premium,2020-05-02,114402.59,Active
504782,102051,39,Savings,2017-05-18,45810.85,Active
504783,109702,3,Savings,2020-05-10,50326.23,Active
504784,109590,22,Current,2018-05-22,42514.92,Active
504785,108877,37,Salary,2024-05-23,45095.83,Active
504786,102467,16,Savings,2018-05-27,24775.84,Active
504787,106439,16,Savings,2025-07-19,99577.49,Active
504788,105171,38,Savings,2024-08-26,474184.76,Active
504789,102445,13,Savings,2019-11-03,89231.77,Dormant
504790,106905,8,Savings,2017-01-31,79160.51,Dormant
504791,104242,4,Current,2022-12-02,248299.5,Active
504792,107749,8,Savings,2017-10-22,204274.07,Active
504793,104293,4,Premium,2020-12-31,16890.19,Active
504794,101165,11,Current,2018-02-24,606398.9,Active
504795,108122,16,Premium,2017-03-31,157029.53,Active
504796,104270,38,Savings,2024-06-23,162694.77,Active
504797,101719,13,Premium,2021-01-14,55473.33,Active
504798,101836,5,Salary,2022-09-30,17927.88,Active
504799,109586,36,Savings,2017-05-24,252592.4,Dormant
504800,102605,6,Savings,2024-06-07,604028.95,Active
504801,109795,6,Savings,2021-10-07,179927.13,Active
504802,106125,23,Savings,2018-06-17,27165.17,Closed
504803,108110,36,Savings,2024-09-24,493481.13,Active
504804,101901,1,Savings,2018-12-07,44891.37,Active
504805,108596,30,Premium,2024-04-05,114649.74,Dormant
504806,105051,4,Savings,2025-04-19,564797.63,Dormant
504807,102439,24,Current,2025-09-24,135672.16,Active
504808,103872,18,Current,2022-05-10,70371.12,Active
504809,108752,22,Salary,2024-07-13,94847.7,Active
504810,104860,17,Savings,2017-12-11,195409.31,Active
504811,103224,3,Current,2023-10-14,127253.82,Active
504812,101602,15,Savings,2020-08-10,133243.95,Active
504813,108501,27,Savings,2025-01-01,366028.67,Active
504814,100455,39,Premium,2021-06-28,36462.01,Active
504815,105256,4,Salary,2019-11-01,73335.08,Closed
504816,104758,21,Current,2023-09-10,70436.55,Active
504817,103163,24,Salary,2017-05-12,549135.44,Active
504818,108691,13,Premium,2021-12-16,213450.7,Active
504819,102985,34,Savings,2022-01-03,251078.74,Active
504820,105300,3,Salary,2022-11-11,16608.93,Active
504821,108496,27,Salary,2019-09-24,154489.9,Active
504822,107224,17,Savings,2024-08-15,54525.18,Dormant
504823,104329,23,Savings,2025-04-09,37078.02,Active
504824,108674,14,Savings,2019-01-08,232206.76,Active
504825,109091,1,Savings,2022-09-23,17453.67,Active
504826,106306,13,Savings,2017-02-20,60657.99,Active
504827,102038,16,Savings,2025-04-14,73387.06,Active
504828,104408,19,Savings,2024-05-05,15064.99,Active
504829,104171,1,Savings,2018-04-02,50606.37,Active
504830,106285,19,Premium,2025-10-04,110444.66,Active
504831,102283,10,Current,2024-01-03,75846.25,Active
504832,109662,9,Savings,2024-07-24,59020.38,Active
504833,102205,35,Current,2024-09-16,63516.87,Active
504834,100406,13,Current,2018-07-03,124970.39,Active
504835,106433,2,Savings,2017-07-23,33503.54,Active
504836,106457,8,Current,2022-03-05,74077.59,Active
504837,101745,39,Salary,2018-08-08,53907.17,Active
504838,105720,13,Savings,2021-12-10,107996.67,Closed
504839,101991,28,Savings,2023-11-20,64729.73,Active
504840,107759,28,Savings,2024-09-26,389647.34,Active
504841,108756,30,Savings,2020-06-23,181239.81,Dormant
504842,107690,26,Savings,2022-12-28,159780.0,Dormant
504843,104079,6,Current,2020-07-30,967530.87,Active
504844,100078,28,Salary,2025-04-29,49027.08,Active
504845,104561,24,Salary,2018-03-13,99881.7,Active
504846,101816,17,Salary,2021-04-01,26535.52,Active
504847,105781,3,Salary,2024-06-20,67336.21,Active
504848,107734,37,Salary,2019-02-15,69210.25,Active
504849,107076,14,Salary,2023-10-31,33427.07,Dormant
504850,107187,4,Savings,2020-07-09,87093.26,Active
504851,109890,34,Savings,2025-05-27,42899.54,Active
504852,109998,37,Premium,2023-03-02,89810.14,Active
504853,101109,24,Premium,2025-06-24,35002.87,Active
504854,103274,11,Current,2025-09-09,161825.19,Active
504855,104480,37,Current,2018-04-28,132515.38,Active
504856,107443,24,Current,2023-05-16,56287.97,Active
504857,102306,3,Savings,2022-03-22,200405.91,Active
504858,103021,17,Salary,2023-12-26,88009.05,Active
504859,108801,31,Salary,2017-02-06,166553.09,Dormant
504860,101189,4,Savings,2022-05-26,75416.81,Active
504861,103686,35,Salary,2018-07-03,50576.25,Active
504862,100090,29,Savings,2023-02-01,288695.88,Active
504863,105708,13,Savings,2017-07-12,130406.98,Active
504864,108294,39,Savings,2025-04-16,210720.08,Active
504865,103871,29,Salary,2021-07-28,33281.29,Active
504866,104091,30,Salary,2023-03-14,53742.1,Active
504867,103481,14,Savings,2022-10-10,131667.29,Active
504868,104442,29,Savings,2022-01-17,19989.18,Active
504869,105268,37,Savings,2020-07-23,23711.89,Dormant
504870,102244,32,Salary,2023-01-19,61913.4,Active
504871,104926,17,Savings,2021-05-07,150135.54,Active
504872,102043,1,Savings,2021-08-26,138237.3,Active
504873,109681,7,Savings,2018-10-29,49670.01,Closed
504874,104558,11,Salary,2024-11-12,89118.72,Active
504875,100387,20,Salary,2019-10-05,148210.77,Active
504876,104968,24,Savings,2022-04-02,113999.28,Active
504877,102174,29,Salary,2017-11-01,44517.43,Active
504878,109061,38,Savings,2020-02-29,27783.84,Closed
504879,102825,32,Savings,2018-04-29,112862.48,Active
504880,103720,16,Savings,2023-04-23,97344.99,Active
504881,108148,8,Premium,2022-03-12,564363.99,Active
504882,100441,36,Current,2019-12-05,29083.04,Active
504883,109608,8,Savings,2024-04-04,85493.48,Active
504884,103574,34,Savings,2021-08-13,74733.77,Dormant
504885,101339,34,Savings,2022-03-24,53437.5,Active
504886,105416,2,Savings,2025-02-19,69350.91,Active
504887,106301,23,Salary,2022-04-14,17557.74,Active
504888,100469,24,Current,2024-11-16,12883.7,Active
504889,106405,19,Savings,2018-01-29,137292.65,Active
504890,100266,17,Current,2022-09-05,185974.7,Active
504891,106477,33,Salary,2017-02-26,24035.29,Active
504892,102121,40,Savings,2022-06-04,145949.19,Active
504893,106386,40,Savings,2017-05-27,264699.88,Active
504894,102048,20,Premium,2024-12-02,156173.74,Active
504895,107997,8,Current,2025-03-12,201621.97,Active
504896,104188,37,Current,2022-03-04,64701.63,Active
504897,104780,29,Savings,2023-04-23,266285.66,Active
504898,105584,26,Savings,2020-02-09,18015.58,Active
504899,109056,1,Savings,2021-01-10,58024.98,Active
504900,107884,26,Savings,2024-08-21,95424.41,Active
504901,106038,36,Savings,2020-12-03,208908.93,Active
504902,100291,7,Current,2018-04-26,126513.0,Active
504903,107601,35,Current,2020-07-25,139346.57,Active
504904,104939,20,Savings,2020-03-25,415732.97,Active
504905,106323,35,Savings,2018-09-04,56388.8,Active
504906,108281,8,Current,2022-06-26,46714.58,Active
504907,107840,19,Current,2018-12-31,67088.04,Active
504908,101419,35,Savings,2025-04-20,25990.44,Active
504909,108333,11,Savings,2019-03-13,130875.35,Active
504910,108113,31,Salary,2017-11-01,191492.97,Active
504911,105233,13,Salary,2025-05-21,40111.57,Active
504912,101937,3,Salary,2017-10-29,68267.59,Active
504913,109898,30,Salary,2022-10-11,156897.26,Active
504914,106282,40,Savings,2025-04-23,157257.49,Active
504915,107406,2,Savings,2025-01-24,195416.93,Active
504916,102530,12,Savings,2022-01-22,23455.54,Active
504917,100076,37,Salary,2021-04-01,32595.94,Active
504918,105583,14,Savings,2023-01-12,102418.48,Active
504919,105857,13,Savings,2024-03-22,116962.07,Active
504920,100191,37,Savings,2021-11-30,84274.76,Active
504921,101075,34,Current,2022-08-26,44316.35,Active
504922,101435,39,Savings,2025-09-28,34889.01,Active
504923,105749,26,Savings,2021-06-13,358193.87,Active
504924,104160,37,Savings,2020-07-24,135753.1,Active
504925,106908,15,Savings,2018-08-14,5412.26,Active
504926,105352,11,Savings,2025-01-22,41523.29,Active
504927,106424,5,Savings,2019-03-18,157447.42,Active
504928,104884,15,Savings,2022-01-24,146820.44,Active
504929,105294,19,Current,2020-07-18,58309.69,Active
504930,101928,20,Salary,2019-05-08,122380.66,Active
504931,109896,23,Premium,2020-09-23,29434.76,Active
504932,104851,29,Savings,2022-06-29,71223.43,Active
504933,107604,7,Savings,2021-03-14,101133.97,Active
504934,108779,25,Savings,2019-08-12,9711.64,Active
504935,108670,3,Salary,2018-01-29,297058.97,Active
504936,106019,33,Premium,2023-05-25,52794.56,Dormant
504937,108197,32,Salary,2017-02-12,208789.6,Active
504938,109179,35,Salary,2018-01-18,112402.92,Active
504939,107963,40,Current,2020-03-30,4010.87,Active
504940,104985,36,Savings,2023-01-23,55209.68,Active
504941,105523,29,Savings,2021-05-16,80862.93,Active
504942,109067,17,Current,2025-12-29,9415.78,Active
504943,104201,33,Savings,2023-05-14,112016.63,Active
504944,106700,4,Salary,2017-03-03,26266.58,Active
504945,100719,5,Salary,2024-09-15,199246.65,Active
504946,108221,34,Savings,2017-04-27,80244.87,Active
504947,105179,5,Savings,2021-09-24,115140.44,Active
504948,109290,35,Salary,2021-12-27,31966.14,Active
504949,107860,22,Current,2023-08-28,74726.95,Active
504950,102016,9,Salary,2020-02-19,209700.79,Closed
504951,106003,14,Savings,2021-06-24,344117.01,Active
504952,104412,9,Savings,2021-12-18,495280.11,Active
504953,103129,36,Savings,2022-04-01,46683.11,Active
504954,100808,1,Current,2022-04-04,51077.86,Active
504955,103850,9,Salary,2019-03-02,114198.04,Active
504956,104047,34,Salary,2018-11-27,73032.91,Active
504957,108102,31,Current,2018-08-26,42912.97,Dormant
504958,106736,16,Salary,2017-04-09,132201.46,Active
504959,102240,18,Savings,2023-05-24,45607.82,Active
504960,103421,18,Current,2023-10-31,32243.51,Active
504961,101134,18,Salary,2019-10-29,202416.23,Active
504962,109408,17,Savings,2021-04-06,53043.8,Active
504963,109655,35,Savings,2024-06-01,26045.94,Active
504964,106076,12,Salary,2017-01-17,53766.18,Active
504965,109692,16,Savings,2025-04-11,79076.39,Active
504966,105993,28,Premium,2024-11-06,119944.16,Active
504967,105369,15,Savings,2023-03-20,323556.12,Active
504968,101349,30,Savings,2020-02-13,75968.61,Active
504969,105783,15,Savings,2019-09-13,30198.08,Active
504970,106098,40,Savings,2020-09-19,56460.59,Active
504971,104364,30,Current,2025-03-07,30024.58,Active
504972,101221,20,Savings,2021-03-05,186068.88,Active
504973,102952,31,Savings,2017-06-26,91659.17,Active
504974,104442,9,Savings,2025-05-18,208391.47,Active
504975,104099,22,Salary,2017-12-25,46066.75,Active
504976,104147,12,Savings,2017-10-08,431013.3,Active
504977,106090,15,Salary,2021-12-02,57859.82,Active
504978,101923,40,Current,2021-08-01,15971.39,Active
504979,102726,16,Savings,2018-03-14,59338.17,Active
504980,103490,33,Savings,2022-04-27,1145994.0,Active
504981,107149,17,Premium,2024-05-10,80249.32,Active
504982,107346,39,Salary,2017-02-07,24336.09,Dormant
504983,108106,9,Savings,2020-11-30,403716.67,Active
504984,103002,37,Savings,2019-05-30,22394.96,Active
504985,107271,3,Salary,2025-02-27,126557.13,Active
504986,101109,5,Premium,2022-02-28,99337.09,Active
504987,109772,4,Savings,2022-01-18,127496.43,Active
504988,109646,40,Savings,2025-12-05,187804.79,Dormant
504989,100071,36,Savings,2024-11-02,35536.43,Active
504990,105882,24,Current,2018-11-29,46477.89,Active
504991,101126,39,Savings,2025-12-31,18398.07,Active
504992,105841,39,Savings,2020-02-22,237809.4,Active
504993,109276,15,Savings,2020-02-17,33360.07,Active
504994,103082,1,Salary,2024-12-11,68092.81,Active
504995,104232,23,Current,2023-01-29,41320.37,Active
504996,104695,38,Savings,2023-05-06,86821.24,Active
504997,100537,31,Savings,2017-10-25,49659.0,Active
504998,107077,39,Salary,2019-05-23,38111.87,Active
504999,106261,40,Savings,2019-03-06,354230.73,Active
505000,108823,39,Savings,2023-07-14,344183.06,Active
505001,100284,39,Salary,2022-01-03,85700.76,Active
505002,101392,39,Salary,2025-06-29,436091.77,Active
505003,102466,29,Savings,2024-07-29,325034.23,Active
505004,100455,5,Savings,2021-02-09,95110.22,Active
505005,105406,18,Current,2018-04-18,23266.2,Active
505006,103025,15,Savings,2019-08-13,14965.01,Active
505007,107184,6,Savings,2020-11-29,24349.65,Active
505008,107069,6,Savings,2024-11-16,15409.54,Active
505009,105356,35,Premium,2024-01-23,167697.98,Active
505010,101278,21,Salary,2021-09-13,82269.41,Active
505011,105042,15,Salary,2023-12-18,267639.04,Active
505012,106498,8,Savings,2018-11-02,254651.9,Active
505013,108390,13,Savings,2023-12-16,369374.45,Active
505014,109685,30,Savings,2018-12-07,56989.52,Active
505015,102135,5,Savings,2019-07-15,115877.84,Active
505016,109184,20,Salary,2019-09-18,128304.6,Active
505017,102319,7,Savings,2024-05-24,201099.34,Active
505018,103633,2,Savings,2025-06-11,165818.0,Closed
505019,101149,4,Salary,2025-02-28,85018.55,Active
505020,108889,16,Savings,2021-11-29,18601.41,Active
505021,100147,2,Salary,2020-08-03,27245.03,Active
505022,107317,1,Current,2020-08-25,48995.07,Active
505023,102942,25,Salary,2017-12-28,163267.76,Active
505024,105394,1,Savings,2017-07-21,51668.35,Active
505025,107943,14,Savings,2020-05-14,11209.55,Active
505026,109724,6,Salary,2021-12-09,46531.0,Active
505027,102266,8,Premium,2024-03-07,131669.73,Active
505028,104340,37,Premium,2022-02-18,424429.32,Active
505029,101386,27,Salary,2020-09-11,51295.51,Active
505030,108418,10,Savings,2025-03-26,145533.67,Active
505031,106305,15,Current,2025-09-16,26248.29,Active
505032,106941,6,Current,2024-05-17,26338.76,Active
505033,100624,40,Savings,2021-03-10,115505.39,Active
505034,106500,34,Savings,2021-09-26,106528.61,Active
505035,104162,32,Savings,2025-09-28,81053.09,Active
505036,101339,39,Premium,2022-03-07,17547.84,Active
505037,105754,38,Savings,2025-03-04,261707.77,Active
505038,102774,19,Current,2018-09-25,11201.75,Active
505039,104748,12,Current,2018-02-22,86414.22,Active
505040,109209,27,Savings,2019-05-19,20253.05,Dormant
505041,108327,12,Current,2022-06-22,102481.44,Active
505042,102971,4,Savings,2023-08-07,149535.99,Active
505043,102369,26,Savings,2020-09-13,93384.85,Closed
505044,109117,3,Salary,2017-09-20,71602.8,Active
505045,101063,37,Savings,2022-08-03,36597.79,Active
505046,104010,7,Savings,2018-12-10,20918.1,Active
505047,106492,7,Savings,2024-05-22,34542.86,Active
505048,101244,3,Savings,2020-06-06,29352.47,Active
505049,109666,33,Premium,2025-12-13,104888.74,Active
505050,108233,10,Savings,2024-04-29,7283.72,Active
505051,101194,22,Salary,2024-08-18,201356.92,Active
505052,103826,22,Savings,2021-12-04,131938.28,Active
505053,108573,34,Salary,2018-07-04,63200.9,Active
505054,109283,32,Salary,2017-01-28,128646.09,Active
505055,104995,38,Current,2020-11-09,126774.25,Active
505056,106608,19,Salary,2023-07-14,57213.5,Active
505057,103695,15,Salary,2021-07-14,153678.65,Active
505058,103945,23,Savings,2017-07-31,171101.52,Active
505059,108456,4,Salary,2019-11-07,53298.53,Active
505060,104707,4,Salary,2017-11-19,124591.94,Closed
505061,103194,25,Current,2019-05-19,122059.16,Active
505062,100345,14,Savings,2021-01-27,416933.17,Active
505063,102420,32,Salary,2017-04-02,64454.7,Active
505064,103249,15,Salary,2019-10-21,20424.07,Active
505065,100990,32,Salary,2024-10-08,110151.32,Dormant
505066,105875,32,Savings,2022-12-12,190043.49,Active
505067,106184,33,Salary,2018-09-24,82355.7,Active
505068,107643,4,Salary,2023-06-29,44740.55,Active
505069,103385,35,Savings,2023-10-26,32559.61,Dormant
505070,102960,9,Salary,2019-07-11,118005.95,Active
505071,104074,23,Savings,2020-12-05,136725.42,Active
505072,100509,24,Savings,2019-04-03,70906.15,Active
505073,109419,13,Salary,2021-10-06,226145.83,Active
505074,101786,7,Salary,2022-09-13,36469.19,Active
505075,106910,9,Current,2023-08-04,156420.03,Active
505076,106306,26,Savings,2019-12-26,61018.55,Active
505077,102891,29,Savings,2020-10-29,13127.25,Active
505078,108882,16,Current,2021-10-01,30836.56,Active
505079,106188,7,Savings,2025-06-09,66463.67,Active
505080,103114,16,Salary,2018-03-03,35859.97,Active
505081,104115,12,Current,2020-02-06,169390.88,Active
505082,107580,21,Savings,2021-04-27,144807.75,Active
505083,109948,4,Savings,2024-09-25,155525.33,Active
505084,105703,34,Current,2017-07-25,90525.19,Active
505085,108534,21,Savings,2025-06-02,648294.22,Active
505086,103520,27,Premium,2023-03-15,8398.58,Active
505087,106479,4,Savings,2023-02-19,137218.39,Dormant
505088,104953,29,Savings,2023-02-06,48032.06,Active
505089,108997,7,Savings,2020-04-25,61106.76,Active
505090,107458,13,Savings,2025-02-26,170820.16,Active
505091,105659,10,Salary,2025-11-11,114159.33,Active
505092,104687,8,Salary,2021-12-16,29159.99,Active
505093,101654,32,Current,2023-07-18,314226.21,Active
505094,108761,32,Savings,2025-12-25,17179.11,Active
505095,105421,13,Salary,2017-07-07,52911.05,Active
505096,104942,9,Savings,2017-03-14,139899.49,Active
505097,102230,28,Savings,2018-05-01,71360.48,Active
505098,105474,6,Savings,2024-07-17,71335.48,Active
505099,105101,17,Current,2024-09-22,120995.01,Active
505100,101066,32,Savings,2022-04-09,88354.3,Active
505101,108460,34,Savings,2018-12-28,35567.51,Active
505102,109016,11,Salary,2020-12-06,28751.28,Active
505103,101427,37,Savings,2023-10-20,41387.42,Dormant
505104,103988,17,Savings,2021-04-30,56733.49,Active
505105,103343,6,Salary,2021-08-10,152653.78,Active
505106,101141,30,Savings,2019-10-31,92499.87,Active
505107,109116,33,Salary,2017-06-14,19408.75,Active
505108,100387,13,Savings,2017-06-26,41981.34,Active
505109,108345,19,Current,2024-02-02,124619.84,Active
505110,104728,13,Savings,2021-06-03,36542.38,Active
505111,108998,33,Savings,2024-07-19,93716.32,Active
505112,102914,7,Savings,2024-03-02,22938.26,Active
505113,103249,30,Salary,2017-07-08,36410.16,Active
505114,103780,1,Premium,2017-04-07,147174.52,Active
505115,106518,5,Savings,2020-04-13,50204.71,Active
505116,109616,4,Savings,2025-08-11,290884.49,Dormant
505117,107811,38,Savings,2021-12-29,46869.3,Active
505118,104792,8,Savings,2017-12-12,113371.77,Active
505119,108090,11,Savings,2017-04-23,275473.49,Active
505120,100180,30,Savings,2022-11-29,158117.53,Closed
505121,102829,30,Savings,2023-04-08,600083.96,Active
505122,104896,30,Premium,2024-11-15,50338.96,Active
505123,102660,22,Savings,2023-02-11,46316.54,Active
505124,103941,21,Current,2021-02-15,92199.22,Active
505125,107727,22,Savings,2024-09-01,43713.69,Active
505126,107397,36,Current,2017-12-26,63931.06,Active
505127,107481,10,Salary,2018-01-09,85570.93,Active
505128,101519,36,Savings,2017-10-28,134145.44,Active
505129,104165,20,Premium,2022-12-18,21586.82,Dormant
505130,102357,5,Salary,2022-10-06,71146.93,Active
505131,108886,40,Premium,2018-12-11,127214.54,Active
505132,108197,17,Current,2022-07-28,245233.99,Active
505133,106750,33,Salary,2019-02-02,156371.55,Dormant
505134,100984,34,Salary,2020-05-17,190496.93,Dormant
505135,103372,24,Savings,2018-05-06,344591.44,Active
505136,103207,37,Salary,2018-06-21,90888.86,Active
505137,108383,21,Salary,2025-04-09,68434.02,Active
505138,103366,15,Savings,2018-06-18,361377.14,Active
505139,100793,24,Savings,2022-02-01,55726.35,Active
505140,105766,26,Salary,2022-03-13,13213.0,Active
505141,104081,12,Savings,2022-05-22,71601.13,Active
505142,109148,8,Salary,2024-10-21,43692.74,Active
505143,102071,34,Savings,2023-10-30,24040.29,Active
505144,100606,35,Savings,2025-05-08,483015.35,Active
505145,105664,17,Savings,2017-05-03,17887.44,Active
505146,106398,9,Savings,2023-08-05,563169.72,Active
505147,103333,3,Savings,2022-03-16,141975.01,Active
505148,105479,19,Premium,2025-12-22,80600.23,Active
505149,108936,10,Salary,2022-03-18,308751.46,Active
505150,106933,29,Salary,2022-07-04,78473.99,Active
505151,102521,33,Savings,2020-03-06,28875.93,Active
505152,109081,6,Savings,2025-12-11,157901.6,Active
505153,103228,4,Salary,2019-10-18,13321.16,Active
505154,102701,7,Savings,2025-09-25,77823.56,Active
505155,105831,1,Savings,2018-12-01,400099.95,Active
505156,108615,3,Savings,2024-01-18,10765.49,Active
505157,109628,6,Savings,2021-07-15,575897.07,Active
505158,102937,21,Current,2023-01-15,129186.74,Active
505159,106475,21,Salary,2019-05-07,78527.69,Active
505160,102940,5,Salary,2018-03-10,49073.42,Active
505161,105903,5,Savings,2021-03-06,187889.32,Active
505162,102601,20,Savings,2017-05-18,90387.17,Active
505163,102304,15,Salary,2018-11-03,111132.16,Active
505164,107651,23,Current,2021-03-07,44647.83,Active
505165,100890,21,Savings,2024-03-19,12172.9,Active
505166,106862,34,Savings,2019-12-25,45624.15,Active
505167,102990,19,Current,2023-02-25,27735.18,Active
505168,107163,25,Savings,2023-01-06,67105.48,Dormant
505169,105672,28,Premium,2024-11-19,34440.29,Active
505170,108927,3,Savings,2021-10-23,38484.71,Active
505171,100360,26,Current,2017-07-21,70568.37,Closed
505172,109373,27,Salary,2018-06-22,47616.73,Active
505173,107757,25,Salary,2020-01-09,102396.29,Active
505174,105624,1,Salary,2023-02-14,55247.35,Closed
505175,102362,20,Savings,2023-09-30,196837.34,Active
505176,108790,34,Savings,2025-03-09,362774.57,Active
505177,102353,16,Salary,2022-06-14,24057.01,Dormant
505178,106502,1,Savings,2024-03-15,255871.62,Dormant
505179,100587,6,Savings,2019-09-23,105640.15,Active
505180,108667,24,Savings,2023-06-16,58487.75,Closed
505181,103673,3,Savings,2021-01-25,90842.27,Active
505182,108185,27,Savings,2024-10-30,112877.7,Active
505183,104407,24,Salary,2020-06-05,46787.3,Active
505184,106112,18,Savings,2025-06-30,58475.7,Active
505185,100759,33,Savings,2022-12-17,45172.99,Active
505186,107169,2,Salary,2017-03-04,60465.76,Active
505187,106611,13,Savings,2021-08-26,34393.21,Active
505188,107908,32,Current,2022-12-20,348473.02,Active
505189,108207,8,Premium,2021-05-12,90125.83,Active
505190,108301,23,Savings,2017-04-27,432757.46,Active
505191,108406,25,Current,2025-07-01,23554.14,Active
505192,103076,23,Savings,2019-11-01,46271.37,Dormant
505193,100348,24,Current,2017-10-23,89624.88,Active
505194,106290,12,Savings,2024-01-31,173867.34,Active
505195,109867,36,Savings,2022-03-22,107964.92,Dormant
505196,101912,23,Savings,2024-12-20,27801.51,Active
505197,102129,34,Savings,2022-10-14,109871.85,Active
505198,109278,31,Current,2017-09-08,84359.63,Active
505199,108947,40,Salary,2017-04-25,177849.96,Active
505200,109649,22,Savings,2025-01-18,5812.83,Active
505201,107272,5,Savings,2025-07-31,123456.93,Active
505202,104826,11,Savings,2025-03-03,87974.99,Active
505203,101272,34,Savings,2022-04-30,89634.21,Active
505204,107116,23,Salary,2025-12-09,16595.84,Active
505205,102890,32,Savings,2023-03-31,47609.6,Active
505206,101210,10,Savings,2017-07-28,87674.05,Active
505207,107009,33,Savings,2024-03-17,40993.66,Active
505208,104016,32,Savings,2020-12-13,77253.79,Active
505209,105718,23,Premium,2019-09-26,147624.83,Active
505210,109204,35,Salary,2019-01-29,223338.77,Active
505211,103410,26,Salary,2024-04-19,18402.64,Active
505212,106884,23,Savings,2017-08-05,19940.78,Active
505213,104388,11,Savings,2021-06-15,275523.6,Active
505214,101482,19,Current,2021-09-03,167378.08,Active
505215,106732,33,Salary,2021-02-11,60027.22,Active
505216,101714,32,Salary,2024-03-05,59244.47,Active
505217,109436,12,Salary,2020-06-04,97149.71,Active
505218,100288,23,Savings,2021-03-03,47053.67,Active
505219,102588,4,Savings,2024-06-07,148806.17,Active
505220,102569,5,Salary,2022-02-24,131046.07,Active
505221,109231,26,Savings,2019-08-25,136517.21,Active
505222,109625,4,Savings,2023-05-29,47934.52,Active
505223,103573,6,Savings,2020-05-02,182901.81,Active
505224,108822,25,Current,2017-11-30,12641.3,Active
505225,107893,32,Savings,2018-05-06,145320.43,Active
505226,105889,16,Current,2018-04-18,36881.14,Active
505227,108589,21,Savings,2017-01-05,58019.54,Active
505228,105449,4,Savings,2018-03-24,130974.47,Active
505229,104000,6,Current,2024-08-21,20859.47,Active
505230,106210,31,Savings,2022-01-11,48747.39,Active
505231,102202,10,Savings,2023-12-22,146082.27,Active
505232,109333,5,Savings,2021-08-14,54998.6,Active
505233,105193,24,Savings,2018-09-27,76917.03,Active
505234,102932,13,Salary,2024-12-26,262958.42,Dormant
505235,106633,4,Savings,2019-07-01,7703245.94,Active
505236,104426,21,Savings,2025-09-24,359976.65,Active
505237,103051,12,Savings,2017-06-29,80349.9,Active
505238,104316,26,Salary,2022-12-06,47445.09,Active
505239,107811,8,Salary,2017-06-29,267208.86,Dormant
505240,105945,39,Salary,2018-01-03,179370.8,Active
505241,103550,24,Savings,2025-02-12,81568.04,Active
505242,102892,1,Savings,2024-02-09,118393.23,Active
505243,109212,39,Savings,2020-03-30,169711.46,Active
505244,101948,27,Premium,2022-01-23,90240.61,Active
505245,103106,5,Salary,2019-03-30,223479.78,Active
505246,106868,16,Current,2021-02-28,130131.23,Active
505247,107456,22,Salary,2025-11-01,17693.67,Closed
505248,107572,29,Salary,2017-10-08,100308.11,Closed
505249,104974,3,Salary,2024-06-07,13475.51,Active
505250,106303,31,Salary,2019-07-16,206925.2,Active
505251,106244,2,Current,2022-02-27,523085.48,Active
505252,104095,17,Savings,2023-09-30,120327.97,Active
505253,104645,40,Salary,2018-09-29,75160.87,Active
505254,106606,20,Savings,2018-09-30,70831.18,Dormant
505255,102582,17,Premium,2025-05-12,68851.95,Active
505256,105688,29,Savings,2020-11-01,10835.91,Active
505257,104252,28,Savings,2018-11-19,312462.96,Active
505258,101941,36,Savings,2018-03-16,52456.88,Active
505259,100454,17,Salary,2017-04-24,314647.67,Active
505260,103740,27,Savings,2018-12-28,6894.73,Active
505261,104403,12,Salary,2019-12-20,62362.62,Active
505262,101580,21,Savings,2025-12-01,36955.75,Active
505263,105646,33,Salary,2017-02-21,86246.79,Dormant
505264,106609,33,Salary,2023-04-18,90296.73,Closed
505265,109152,12,Premium,2019-04-18,61211.74,Active
505266,104052,10,Savings,2025-03-22,102267.18,Dormant
505267,101549,9,Premium,2021-02-23,18322.78,Active
505268,103683,14,Savings,2021-05-18,60298.99,Active
505269,104259,37,Premium,2020-09-04,40477.95,Active
505270,103559,21,Savings,2018-10-14,30441.98,Active
505271,104956,2,Salary,2024-04-20,58045.74,Active
505272,103715,40,Salary,2023-07-31,103862.25,Active
505273,103619,33,Current,2020-05-25,105589.3,Active
505274,100164,29,Savings,2017-03-10,35480.14,Active
505275,103005,39,Savings,2019-01-23,26784.7,Active
505276,107986,33,Current,2018-12-20,296288.47,Active
505277,101290,28,Savings,2021-10-08,160957.49,Active
505278,103637,37,Salary,2020-12-22,63270.66,Dormant
505279,104063,33,Savings,2025-08-17,78798.41,Active
505280,101852,12,Salary,2024-02-17,35429.38,Dormant
505281,100292,33,Premium,2021-09-10,106081.78,Active
505282,108140,37,Salary,2021-06-22,25034.4,Active
505283,109182,37,Premium,2019-06-01,131367.0,Active
505284,109130,32,Savings,2022-01-24,52155.17,Active
505285,100996,1,Savings,2020-08-25,138127.6,Active
505286,108086,37,Savings,2017-03-27,30671.68,Active
505287,105989,23,Savings,2018-05-30,87962.63,Active
505288,106226,37,Savings,2022-07-07,59208.22,Active
505289,100482,36,Savings,2021-02-18,487100.4,Active
505290,108201,13,Current,2017-05-25,55474.88,Active
505291,108984,34,Salary,2018-06-13,372191.28,Active
505292,109999,4,Savings,2017-04-28,37387.51,Active
505293,105145,7,Savings,2020-08-08,17211.72,Active
505294,100233,16,Savings,2021-12-07,58829.36,Active
505295,105566,38,Current,2018-07-03,40176.71,Dormant
505296,107574,8,Current,2019-06-19,208496.2,Active
505297,101523,31,Savings,2024-07-31,58024.73,Active
505298,102065,15,Savings,2023-08-17,21698.3,Active
505299,107286,34,Savings,2021-04-04,443177.36,Active
505300,102313,33,Current,2022-12-08,259452.98,Dormant
505301,109678,13,Salary,2017-10-17,32302.97,Active
505302,104407,33,Premium,2021-07-31,28786.84,Active
505303,105912,2,Savings,2024-10-22,243871.16,Active
505304,107048,32,Current,2019-05-29,20292.38,Active
505305,100168,29,Salary,2019-01-08,14505.01,Active
505306,108947,25,Premium,2025-04-01,34661.31,Active
505307,105322,6,Savings,2023-08-04,125982.81,Active
505308,104760,38,Current,2024-04-13,417538.63,Active
505309,109232,35,Savings,2024-09-28,146601.7,Active
505310,104668,30,Current,2018-05-30,19668.79,Active
505311,101884,35,Savings,2020-10-04,80198.26,Active
505312,109155,25,Savings,2019-03-01,80529.1,Active
505313,108793,37,Savings,2017-09-27,656463.03,Active
505314,109277,35,Savings,2025-12-06,198155.56,Active
505315,100757,35,Salary,2025-05-08,79061.56,Active
505316,109105,22,Salary,2024-02-12,258606.14,Active
505317,106755,15,Current,2019-02-15,70567.16,Active
505318,106574,12,Savings,2023-06-14,267122.36,Active
505319,108595,24,Current,2023-04-22,23578.26,Active
505320,107699,11,Savings,2017-12-04,26779.56,Active
505321,103821,12,Savings,2018-01-26,93834.09,Active
505322,103475,35,Current,2021-08-30,70748.74,Active
505323,103585,35,Savings,2023-08-13,23828.51,Active
505324,105537,21,Salary,2023-12-28,129667.54,Dormant
505325,105795,38,Current,2020-12-01,147938.7,Active
505326,103563,12,Salary,2025-03-29,43409.67,Active
505327,105936,20,Savings,2019-01-04,190211.75,Active
505328,105272,17,Savings,2018-01-08,134500.49,Active
505329,107752,7,Savings,2019-10-16,18737.48,Active
505330,100834,13,Current,2023-06-03,106577.15,Active
505331,101290,26,Current,2021-05-22,28044.62,Active
505332,108517,3,Salary,2021-09-15,227386.42,Active
505333,103800,10,Salary,2019-04-16,26500.08,Closed
505334,103589,19,Savings,2024-12-31,38524.89,Active
505335,105559,11,Salary,2017-05-14,165460.16,Active
505336,109294,34,Current,2019-11-21,12101.17,Active
505337,103012,30,Current,2019-05-25,98865.27,Active
505338,105267,35,Savings,2022-07-25,206285.76,Active
505339,105832,33,Current,2025-01-10,21808.25,Active
505340,101518,28,Premium,2025-03-21,53198.55,Active
505341,109339,18,Premium,2020-09-12,86666.18,Active
505342,109509,34,Savings,2021-09-07,56338.64,Active
505343,101970,3,Salary,2020-12-09,41214.29,Active
505344,102310,15,Salary,2018-01-16,41329.83,Active
505345,105477,17,Savings,2017-02-14,104276.38,Active
505346,102721,22,Current,2017-07-25,96356.74,Active
505347,104127,19,Current,2023-07-10,12604.74,Active
505348,109401,11,Current,2025-11-15,147318.32,Active
505349,102884,40,Savings,2022-07-26,194064.01,Active
505350,108278,31,Current,2020-02-16,128577.31,Active
505351,104746,7,Current,2022-10-19,194466.42,Active
505352,106923,29,Premium,2021-10-16,8464.2,Active
505353,109395,2,Savings,2022-04-07,92099.82,Active
505354,103047,17,Salary,2022-08-26,33856.36,Active
505355,102898,19,Premium,2022-09-20,104952.51,Active
505356,102478,10,Savings,2020-04-11,75770.24,Dormant
505357,107677,33,Premium,2020-07-31,72086.6,Active
505358,107142,26,Salary,2018-07-13,28277.4,Active
505359,100561,38,Savings,2022-08-23,114541.31,Active
505360,100262,8,Salary,2023-01-28,18441.17,Active
505361,101705,31,Savings,2021-01-19,58661.93,Active
505362,101201,12,Savings,2023-11-07,67821.58,Active
505363,100314,13,Savings,2023-01-02,29519.85,Active
505364,100181,35,Premium,2023-12-06,217950.63,Active
505365,103002,2,Premium,2023-08-30,62817.06,Active
505366,103737,32,Savings,2023-07-10,73517.45,Active
505367,105552,34,Savings,2020-08-21,190630.99,Active
505368,109343,35,Savings,2017-10-30,31045.8,Closed
505369,105845,24,Savings,2022-12-01,87382.76,Active
505370,107204,36,Salary,2021-12-23,68492.67,Closed
505371,108829,16,Premium,2023-03-04,174949.06,Active
505372,109620,3,Savings,2024-01-30,281545.14,Active
505373,102096,17,Premium,2019-02-17,48427.2,Active
505374,106251,37,Savings,2023-07-14,67420.99,Active
505375,101452,29,Savings,2025-10-10,19637.01,Active
505376,103251,29,Salary,2021-09-18,53340.42,Active
505377,109576,8,Savings,2025-09-12,146159.76,Active
505378,101867,31,Savings,2022-11-20,51941.28,Active
505379,108585,20,Savings,2023-06-23,99219.45,Active
505380,104880,2,Savings,2021-03-01,66459.6,Active
505381,107362,9,Savings,2020-09-15,93908.71,Active
505382,105787,34,Salary,2023-09-13,51438.81,Active
505383,108258,37,Current,2022-06-21,258190.22,Active
505384,105444,9,Savings,2024-12-16,56002.0,Active
505385,105732,10,Current,2023-07-02,43157.47,Dormant
505386,105327,26,Current,2024-12-02,242544.44,Active
505387,101797,6,Salary,2025-07-10,386650.37,Active
505388,105215,14,Current,2019-01-01,125701.66,Active
505389,109689,29,Salary,2019-10-28,305310.88,Dormant
505390,101225,29,Current,2022-06-28,103190.15,Active
505391,101764,40,Savings,2022-02-18,54567.26,Active
505392,108310,18,Current,2025-02-09,227796.18,Active
505393,109537,35,Savings,2018-04-10,249507.97,Active
505394,106400,24,Savings,2017-03-28,165369.15,Active
505395,109407,16,Savings,2019-09-24,47784.53,Active
505396,109757,11,Savings,2022-02-16,60672.49,Active
505397,100218,29,Savings,2020-02-15,593046.06,Active
505398,106857,16,Savings,2024-06-18,41444.2,Active
505399,109893,3,Savings,2022-02-18,13827.84,Active
505400,102652,12,Salary,2017-06-02,356288.54,Active
505401,102071,3,Current,2025-11-02,91141.75,Active
505402,106436,4,Savings,2025-08-11,337307.96,Active
505403,105704,3,Current,2021-12-22,130885.87,Active
505404,106448,14,Salary,2025-09-29,80499.37,Active
505405,104961,26,Salary,2021-02-14,82348.21,Active
505406,101247,28,Current,2024-08-31,78418.35,Active
505407,109726,23,Savings,2021-11-20,376052.66,Active
505408,102701,24,Current,2023-05-31,166077.4,Dormant
505409,101094,40,Salary,2020-08-04,112212.74,Active
505410,102600,36,Savings,2022-08-24,95254.58,Active
505411,107714,25,Savings,2021-02-20,233024.94,Active
505412,104164,12,Premium,2021-06-03,73988.4,Active
505413,108346,16,Current,2018-08-03,24497.47,Dormant
505414,102341,16,Savings,2023-03-08,286679.1,Active
505415,107055,6,Current,2020-08-17,1089364.57,Active
505416,107800,37,Salary,2017-04-02,374812.91,Active
505417,108523,12,Current,2019-01-12,104835.11,Active
505418,102529,15,Savings,2023-05-04,345507.92,Active
505419,106207,6,Salary,2018-05-17,89905.32,Active
505420,105437,36,Savings,2024-08-20,26463.96,Active
505421,102576,34,Savings,2017-12-01,65399.31,Active
505422,105700,26,Premium,2018-11-16,58514.95,Active
505423,109364,20,Salary,2020-08-09,89551.97,Active
505424,101178,22,Premium,2020-01-19,97652.87,Active
505425,102717,15,Savings,2023-07-25,42461.94,Active
505426,104281,1,Current,2024-01-17,155692.15,Active
505427,100673,16,Current,2019-08-21,38141.99,Active
505428,105536,37,Premium,2025-05-25,407858.46,Active
505429,104586,3,Salary,2019-10-08,670051.26,Active
505430,104798,28,Savings,2025-05-25,289312.06,Active
505431,108877,6,Current,2025-10-14,253393.8,Active
505432,104426,37,Savings,2017-12-01,95610.79,Active
505433,103512,10,Savings,2022-06-30,25877.38,Dormant
505434,104276,20,Savings,2022-05-14,854880.05,Active
505435,101176,4,Premium,2022-11-17,98551.22,Active
505436,103636,37,Salary,2021-06-19,68724.59,Active
505437,106441,36,Savings,2017-11-21,68444.31,Active
505438,107425,36,Savings,2019-08-05,26793.04,Active
505439,106336,33,Savings,2024-08-27,105513.74,Active
505440,102051,1,Savings,2024-05-04,116411.99,Active
505441,107718,35,Salary,2024-05-01,24952.98,Active
505442,109922,7,Savings,2020-01-13,40668.13,Active
505443,108853,22,Salary,2017-07-09,141659.3,Active
505444,108863,31,Savings,2025-11-09,89808.76,Active
505445,101179,4,Savings,2025-08-20,190838.52,Dormant
505446,109941,30,Savings,2017-05-26,87756.68,Active
505447,100066,14,Current,2024-10-22,61628.18,Active
505448,104393,30,Savings,2018-12-19,69098.11,Active
505449,107134,25,Salary,2022-12-05,125004.13,Active
505450,105230,33,Salary,2022-05-27,169659.03,Active
505451,103726,6,Current,2024-10-31,22231.06,Active
505452,103819,15,Savings,2017-02-09,24545.88,Active
505453,103168,32,Current,2023-02-20,97020.38,Dormant
505454,108287,38,Savings,2019-03-15,44875.44,Dormant
505455,102682,17,Premium,2024-03-08,74326.06,Active
505456,105963,2,Savings,2025-03-16,87762.99,Active
505457,108195,5,Savings,2017-04-01,33250.72,Active
505458,104973,6,Savings,2019-11-27,88331.95,Active
505459,106712,25,Salary,2020-03-09,59352.84,Active
505460,101689,13,Savings,2024-03-07,199761.43,Active
505461,102806,40,Current,2019-09-04,144298.28,Active
505462,108336,12,Savings,2021-01-07,250952.93,Active
505463,100272,9,Savings,2022-10-22,90575.11,Active
505464,106212,6,Savings,2020-08-05,63202.18,Active
505465,106274,1,Current,2018-09-05,166182.05,Active
505466,106224,24,Savings,2024-11-18,127585.25,Active
505467,106979,35,Premium,2017-08-10,101694.55,Active
505468,101560,22,Salary,2023-10-14,72002.56,Active
505469,108006,34,Savings,2019-01-10,306998.07,Active
505470,107755,5,Current,2021-08-31,18657.11,Active
505471,107141,35,Savings,2024-05-14,54771.53,Active
505472,106101,36,Current,2022-08-10,18270.96,Active
505473,104403,30,Savings,2019-10-14,507894.29,Active
505474,104581,9,Current,2025-07-19,42497.23,Active
505475,104254,25,Savings,2025-10-30,91579.46,Active
505476,108988,2,Savings,2025-09-26,69726.18,Active
505477,101439,12,Savings,2025-01-16,2990.67,Active
505478,101221,20,Savings,2018-12-26,85920.59,Active
505479,109112,38,Salary,2024-07-15,27968.22,Active
505480,101451,34,Savings,2024-08-04,29533.76,Dormant
505481,104797,30,Current,2025-04-10,95712.19,Active
505482,108543,7,Current,2023-06-05,35700.73,Active
505483,107289,19,Savings,2017-09-06,28838.79,Active
505484,102045,33,Premium,2022-06-04,190189.66,Active
505485,105167,32,Savings,2019-12-11,48708.03,Active
505486,104005,39,Salary,2017-11-19,121663.56,Active
505487,109357,4,Current,2017-08-24,43573.61,Closed
505488,108009,9,Savings,2017-07-15,68147.58,Active
505489,104451,3,Current,2022-03-27,24674.72,Active
505490,105827,20,Savings,2024-10-03,40180.48,Active
505491,108382,10,Savings,2019-12-22,15575.85,Active
505492,107115,26,Savings,2019-05-01,39649.35,Active
505493,109251,40,Premium,2024-01-15,199970.64,Active
505494,101505,36,Savings,2023-11-23,84895.43,Active
505495,108138,33,Savings,2022-12-17,57095.79,Active
505496,104033,38,Savings,2018-06-10,62246.35,Active
505497,101946,30,Savings,2021-05-30,37516.28,Active
505498,104518,7,Savings,2020-01-18,308949.42,Active
505499,102951,35,Savings,2018-11-19,17880.34,Active
505500,105662,9,Salary,2022-05-08,110942.56,Active
505501,104350,40,Salary,2023-09-26,134563.48,Dormant
505502,101606,37,Savings,2025-10-21,72357.71,Active
505503,101200,40,Savings,2022-11-29,35329.72,Active
505504,108793,9,Savings,2019-02-09,15985.04,Active
505505,100452,32,Savings,2019-06-26,260139.89,Active
505506,106308,30,Current,2021-10-15,73027.72,Active
505507,102622,26,Savings,2023-02-21,180157.58,Active
505508,106588,15,Savings,2024-11-19,48355.89,Active
505509,105242,26,Savings,2020-05-26,150618.85,Active
505510,106759,15,Savings,2022-07-02,144493.85,Closed
505511,101705,10,Savings,2024-11-03,74065.73,Active
505512,102773,28,Premium,2021-06-24,38792.38,Active
505513,100907,12,Savings,2020-05-12,23739.02,Active
505514,108637,23,Savings,2022-04-19,184192.96,Active
505515,107198,28,Savings,2022-01-20,40415.16,Active
505516,108048,37,Savings,2019-11-09,83449.63,Active
505517,102034,37,Current,2021-02-01,130634.5,Active
505518,102873,26,Current,2023-04-10,746919.42,Active
505519,105182,22,Savings,2017-12-02,521582.83,Active
505520,103917,33,Current,2019-06-09,150663.08,Dormant
505521,104438,6,Savings,2023-09-23,74200.18,Active
505522,104486,37,Savings,2019-08-06,548319.41,Active
505523,108539,6,Savings,2025-03-12,162628.65,Active
505524,107380,37,Savings,2023-06-17,119420.07,Dormant
505525,102429,38,Premium,2024-09-14,114847.01,Active
505526,109309,3,Current,2025-12-12,22400.91,Active
505527,108947,32,Savings,2024-03-01,56822.78,Active
505528,102386,26,Current,2022-01-06,356334.38,Active
505529,104387,10,Savings,2025-07-25,122440.89,Active
505530,102676,1,Savings,2024-03-03,1254425.26,Active
505531,101434,32,Savings,2021-06-25,57243.34,Active
505532,109858,13,Current,2024-06-13,302576.98,Dormant
505533,103065,15,Savings,2021-09-08,31706.54,Active
505534,102221,9,Savings,2021-02-04,99052.61,Active
505535,109628,20,Current,2025-05-06,14796.25,Active
505536,104429,28,Salary,2024-05-20,111914.49,Active
505537,101354,12,Salary,2020-10-15,62773.59,Active
505538,105300,19,Current,2021-10-08,17430.52,Active
505539,102223,7,Savings,2024-04-26,39627.4,Active
505540,103936,24,Savings,2017-02-25,76164.43,Closed
505541,106655,27,Premium,2023-09-26,53818.53,Active
505542,107731,16,Savings,2021-03-23,21905.13,Active
505543,103459,29,Current,2025-04-28,38117.59,Active
505544,107262,28,Savings,2019-06-29,263861.87,Active
505545,108953,3,Salary,2024-05-12,236149.42,Active
505546,105298,36,Savings,2023-01-17,221372.94,Active
505547,105501,13,Current,2018-06-07,40204.83,Active
505548,107057,17,Savings,2017-06-10,735989.52,Closed
505549,109512,26,Salary,2017-07-22,213634.65,Active
505550,108431,26,Salary,2019-11-13,373646.74,Active
505551,105687,13,Savings,2024-11-18,68948.94,Active
505552,104980,29,Savings,2020-01-17,72193.79,Active
505553,107751,21,Savings,2021-08-11,85007.53,Active
505554,103816,11,Current,2018-07-22,78055.11,Active
505555,108752,40,Salary,2023-06-26,76972.01,Active
505556,102419,29,Salary,2021-05-15,53625.94,Active
505557,108973,19,Salary,2020-08-25,29072.1,Active
505558,103003,20,Current,2019-01-17,170371.45,Active
505559,108009,28,Current,2019-03-04,23363.32,Active
505560,108993,4,Premium,2024-10-29,42212.88,Active
505561,105835,16,Savings,2023-03-02,62494.97,Active
505562,106700,3,Savings,2024-08-11,155906.49,Active
505563,105126,25,Premium,2018-12-20,239450.8,Active
505564,101817,14,Savings,2021-02-01,247041.98,Active
505565,108234,14,Salary,2019-09-19,27747.65,Active
505566,100867,3,Savings,2025-11-01,96281.84,Active
505567,101239,38,Salary,2018-08-07,46657.77,Active
505568,109189,33,Current,2018-05-16,72033.2,Active
505569,104318,6,Savings,2024-01-28,14568.47,Active
505570,108979,29,Premium,2018-07-22,36656.91,Active
505571,103923,17,Current,2025-01-06,47452.47,Dormant
505572,107561,2,Savings,2020-08-21,39384.02,Active
505573,103278,39,Salary,2025-04-03,407932.66,Active
505574,105078,2,Savings,2025-01-08,560961.56,Active
505575,106581,37,Current,2025-08-15,27457.05,Active
505576,102039,23,Current,2019-12-14,80906.45,Active
505577,103073,4,Current,2022-05-30,38096.85,Active
505578,102365,8,Current,2022-05-20,36596.69,Active
505579,100629,11,Savings,2017-08-01,167753.82,Active
505580,102196,7,Salary,2021-03-19,28493.98,Active
505581,101234,39,Salary,2021-11-28,169123.19,Active
505582,104681,14,Salary,2023-02-17,91401.87,Active
505583,100871,31,Salary,2017-02-26,81117.07,Active
505584,101805,7,Savings,2025-08-26,35058.78,Active
505585,109997,14,Current,2017-05-12,493477.73,Active
505586,108718,28,Salary,2025-08-05,72025.99,Active
505587,103270,40,Savings,2018-12-08,21075.23,Active
505588,103499,35,Savings,2023-04-05,82014.24,Active
505589,108719,7,Savings,2026-01-11,52244.73,Active
505590,100027,32,Savings,2019-04-13,219464.84,Active
505591,108270,2,Savings,2024-04-17,21442.21,Active
505592,102516,40,Salary,2023-03-21,71389.37,Active
505593,109908,22,Savings,2023-01-18,333404.59,Active
505594,108941,19,Current,2021-01-15,37744.87,Active
505595,100418,5,Current,2018-02-08,14805.77,Active
505596,102652,30,Salary,2018-01-10,155148.19,Active
505597,105327,26,Salary,2025-08-09,345359.33,Active
505598,102329,25,Salary,2021-05-05,51643.3,Active
505599,109374,39,Savings,2023-12-26,55971.17,Active
505600,106714,21,Premium,2022-12-12,126300.14,Dormant
505601,106022,34,Premium,2019-07-20,25540.78,Active
505602,107682,6,Salary,2018-09-16,18231.24,Active
505603,106638,22,Premium,2025-12-19,63475.31,Active
505604,109973,38,Premium,2017-01-02,83319.36,Dormant
505605,109431,26,Premium,2018-12-12,67213.46,Active
505606,104036,19,Savings,2021-01-25,83467.05,Active
505607,106922,26,Salary,2023-07-16,16181.43,Active
505608,100316,30,Savings,2023-01-14,82221.57,Dormant
505609,106220,14,Savings,2018-12-10,60187.57,Active
505610,104306,9,Salary,2024-03-27,179841.56,Active
505611,101158,26,Savings,2017-04-01,58756.18,Active
505612,104227,33,Salary,2022-12-29,129357.28,Active
505613,103539,19,Premium,2023-12-27,34059.94,Active
505614,101572,36,Savings,2018-06-13,101962.68,Active
505615,106430,19,Current,2020-11-19,34716.95,Active
505616,103795,40,Premium,2020-02-15,212154.77,Active
505617,102082,40,Savings,2020-09-25,30870.89,Active
505618,105228,1,Current,2017-03-10,63960.03,Active
505619,108653,34,Savings,2022-07-13,62155.46,Active
505620,104966,18,Savings,2017-12-25,58442.28,Active
505621,103540,37,Premium,2019-08-05,44792.32,Active
505622,103391,35,Savings,2023-03-26,118999.19,Active
505623,109201,3,Savings,2019-10-12,253881.13,Active
505624,105340,19,Savings,2017-01-21,73732.49,Active
505625,109346,17,Savings,2018-10-28,30007.75,Active
505626,106101,34,Savings,2021-10-20,95468.26,Active
505627,102551,1,Salary,2022-02-02,237012.31,Active
505628,103690,22,Salary,2018-04-07,10294.36,Active
505629,103417,39,Savings,2022-01-12,64697.76,Active
505630,105164,13,Savings,2018-10-16,128656.71,Active
505631,105751,32,Savings,2017-12-14,86937.02,Active
505632,106989,8,Savings,2024-07-31,29218.75,Active
505633,103705,28,Salary,2021-10-06,173437.6,Active
505634,104769,3,Savings,2019-03-17,123523.58,Active
505635,104255,5,Savings,2021-06-20,311077.2,Active
505636,102540,5,Savings,2020-10-19,41059.22,Active
505637,103707,27,Current,2018-01-31,46562.85,Active
505638,104100,3,Salary,2021-07-05,148875.45,Active
505639,100380,13,Premium,2018-12-18,68944.46,Dormant
505640,101345,23,Premium,2024-10-17,221664.98,Active
505641,109514,39,Savings,2025-03-19,37820.07,Active
505642,109446,34,Savings,2020-06-20,687422.65,Active
505643,105876,22,Savings,2022-11-26,9096.94,Active
505644,100855,32,Savings,2024-06-20,193523.7,Active
505645,106267,14,Savings,2021-11-20,355237.88,Active
505646,104366,27,Savings,2020-06-03,55507.86,Dormant
505647,106502,10,Savings,2021-09-01,240233.43,Active
505648,100001,15,Current,2025-06-23,29934.41,Dormant
505649,104999,25,Savings,2021-10-26,37472.6,Active
505650,106397,6,Savings,2017-01-02,78275.59,Active
505651,103241,33,Savings,2022-10-05,308188.58,Dormant
505652,102031,37,Premium,2023-07-04,15762.82,Active
505653,106470,16,Savings,2017-08-14,10332.41,Active
505654,107432,18,Savings,2018-01-29,86227.87,Dormant
505655,106103,10,Salary,2022-10-28,68088.93,Active
505656,105542,38,Premium,2021-09-21,56077.39,Active
505657,108096,38,Salary,2018-01-27,31541.16,Active
505658,103543,35,Savings,2019-03-06,69888.06,Active
505659,100246,36,Savings,2020-02-24,503311.99,Active
505660,108454,36,Savings,2022-10-07,79149.86,Active
505661,105538,6,Savings,2025-07-12,20343.81,Active
505662,104053,3,Savings,2025-08-15,108563.43,Active
505663,100232,32,Savings,2017-02-02,39660.02,Closed
505664,100602,34,Savings,2018-06-08,67065.43,Active
505665,103136,3,Salary,2017-05-19,50885.76,Active
505666,107058,29,Savings,2023-09-06,33194.16,Active
505667,109976,32,Premium,2024-10-08,64306.75,Dormant
505668,100456,30,Savings,2025-08-27,266860.62,Active
505669,102418,29,Savings,2022-09-27,74970.43,Active
505670,102935,19,Current,2019-04-11,69044.86,Active
505671,102493,16,Savings,2017-06-03,76352.49,Active
505672,105152,13,Savings,2018-05-30,20396.45,Active
505673,100940,7,Savings,2020-12-10,174939.07,Active
505674,104047,2,Premium,2022-07-16,128407.35,Active
505675,106951,26,Current,2022-12-15,131979.97,Active
505676,103601,9,Savings,2023-05-02,23984.52,Active
505677,102268,20,Salary,2025-08-25,553375.28,Dormant
505678,103832,31,Savings,2021-02-03,120823.47,Active
505679,109026,10,Salary,2017-07-04,455300.39,Active
505680,108962,39,Salary,2017-11-23,81559.98,Active
505681,105560,25,Savings,2022-06-06,46619.97,Active
505682,101880,9,Savings,2017-06-05,110600.55,Dormant
505683,106082,39,Salary,2022-08-23,49549.17,Active
505684,100157,34,Savings,2024-12-24,170391.76,Active
505685,107230,30,Savings,2020-02-28,99435.15,Active
505686,106447,5,Current,2019-10-13,122382.91,Active
505687,100542,22,Savings,2023-03-23,31026.33,Dormant
505688,100601,30,Savings,2019-08-19,45705.79,Active
505689,105439,15,Savings,2017-07-02,211173.28,Active
505690,105959,8,Salary,2018-05-06,131719.19,Active
505691,108977,30,Savings,2017-05-04,27566.35,Closed
505692,103080,12,Savings,2023-06-16,80697.03,Active
505693,109775,27,Savings,2019-12-17,151128.36,Active
505694,100354,30,Current,2025-12-23,129469.45,Active
505695,101293,39,Current,2020-10-16,513836.22,Active
505696,101757,2,Savings,2019-11-27,73097.45,Active
505697,108471,29,Savings,2024-06-25,13838.48,Active
505698,102976,34,Savings,2021-09-18,108135.91,Active
505699,105780,23,Savings,2020-04-05,175164.28,Active
505700,108044,1,Current,2021-06-05,53862.59,Active
505701,107384,3,Savings,2021-02-27,76248.41,Active
505702,106725,29,Savings,2023-07-12,45034.42,Active
505703,107286,5,Savings,2018-10-16,31547.59,Active
505704,109099,31,Current,2021-11-02,195174.09,Active
505705,107309,23,Savings,2018-07-18,52617.75,Active
505706,103892,29,Salary,2020-05-20,36388.46,Active
505707,107196,36,Salary,2017-10-06,41553.18,Active
505708,104582,33,Savings,2022-11-22,107258.22,Active
505709,104164,3,Savings,2025-07-21,146640.86,Dormant
505710,106349,19,Salary,2024-04-23,140223.05,Active
505711,106718,13,Savings,2025-07-21,31441.3,Active
505712,103436,3,Salary,2021-01-22,77102.79,Active
505713,100914,35,Savings,2023-03-22,187853.36,Active
505714,100713,16,Salary,2023-02-20,24928.13,Active
505715,109452,4,Premium,2018-08-04,23899.26,Active
505716,100345,24,Current,2023-04-28,209168.2,Active
505717,104309,31,Savings,2018-07-12,108539.95,Active
505718,100210,7,Current,2018-01-21,39140.24,Active
505719,102629,16,Savings,2018-10-19,78734.43,Active
505720,105084,30,Premium,2018-06-06,57696.67,Dormant
505721,102568,29,Savings,2020-09-04,35479.36,Active
505722,109995,17,Current,2024-11-26,146906.87,Dormant
505723,103877,8,Current,2024-05-27,44185.88,Active
505724,101837,15,Salary,2018-10-02,64308.45,Active
505725,101884,16,Salary,2023-04-25,35456.94,Active
505726,107084,3,Current,2023-07-30,91599.34,Active
505727,107850,1,Salary,2019-09-14,57881.08,Active
505728,102119,35,Premium,2021-06-28,10076.78,Active
505729,107206,7,Savings,2021-10-08,21038.77,Active
505730,106314,28,Current,2024-01-07,179329.12,Active
505731,105479,28,Savings,2020-11-09,68955.63,Active
505732,106599,15,Savings,2023-05-02,28333.95,Active
505733,106386,3,Savings,2024-11-15,112171.78,Active
505734,109503,25,Savings,2024-02-06,131239.96,Active
505735,103641,17,Savings,2020-05-02,438583.35,Active
505736,107527,38,Current,2017-11-29,522471.7,Active
505737,104774,36,Savings,2018-10-05,84249.65,Dormant
505738,103995,23,Current,2021-08-29,106076.77,Active
505739,101635,20,Salary,2021-01-23,466201.31,Active
505740,101066,17,Premium,2018-04-27,189646.47,Active
505741,101274,17,Premium,2021-09-18,95822.42,Active
505742,109286,33,Savings,2023-02-01,247734.12,Active
505743,106010,5,Current,2020-07-03,4067374.56,Active
505744,100738,14,Salary,2017-10-22,68896.9,Active
505745,108157,16,Savings,2017-01-09,82782.85,Active
505746,103568,25,Savings,2021-10-01,67595.16,Active
505747,100260,21,Savings,2017-12-15,13242.24,Active
505748,101002,1,Current,2017-06-03,46265.54,Active
505749,100076,23,Salary,2023-03-29,56969.7,Active
505750,109332,17,Premium,2020-03-30,51638.68,Active
505751,100232,22,Savings,2024-11-14,25722.48,Active
505752,100940,39,Salary,2022-03-24,133800.13,Active
505753,104844,14,Salary,2019-03-29,57361.32,Active
505754,104789,1,Savings,2024-11-06,67223.94,Active
505755,102731,29,Current,2024-11-10,208679.46,Active
505756,103815,24,Current,2019-12-26,51849.69,Active
505757,107137,34,Savings,2024-01-25,54489.72,Active
505758,102189,8,Salary,2020-05-19,57040.1,Active
505759,109974,7,Premium,2023-05-05,69080.71,Active
505760,100496,12,Savings,2019-09-28,37863.97,Active
505761,108980,21,Savings,2018-03-27,106747.36,Active
505762,105352,25,Savings,2020-12-11,13877.96,Active
505763,105127,4,Savings,2017-07-24,37674.72,Active
505764,102931,36,Salary,2019-12-18,91460.17,Active
505765,100455,11,Savings,2024-09-11,47654.4,Closed
505766,100632,14,Savings,2025-01-22,124883.15,Active
505767,109748,40,Salary,2018-12-13,190955.36,Active
505768,102473,14,Savings,2023-10-07,196699.45,Active
505769,102316,1,Savings,2021-08-06,34266.75,Active
505770,100533,8,Savings,2024-05-11,179652.55,Active
505771,100655,22,Current,2021-07-28,86304.16,Active
505772,103832,39,Savings,2023-08-12,44230.51,Active
505773,109886,27,Current,2021-09-19,59894.73,Dormant
505774,100707,1,Savings,2021-06-01,45597.27,Active
505775,102938,17,Premium,2024-09-10,36990.8,Active
505776,107235,31,Salary,2018-07-27,74780.35,Active
505777,101200,14,Current,2017-08-23,112299.18,Active
505778,104192,3,Premium,2020-11-20,411089.8,Active
505779,106034,11,Savings,2020-08-22,31954.35,Active
505780,103820,3,Salary,2020-08-30,51230.67,Active
505781,106119,4,Savings,2019-07-15,65914.62,Active
505782,106777,20,Savings,2023-08-02,105509.29,Active
505783,108613,26,Salary,2021-08-22,19284.44,Active
505784,105972,10,Savings,2023-10-28,186889.7,Active
505785,105553,37,Savings,2025-05-15,42791.47,Active
505786,109064,13,Savings,2019-08-31,50803.02,Active
505787,108116,16,Current,2018-05-20,90921.38,Active
505788,102563,6,Current,2020-05-09,84391.95,Closed
505789,100617,26,Current,2023-04-25,16955.76,Active
505790,108601,11,Savings,2017-08-12,51083.36,Active
505791,100753,40,Current,2025-05-04,145937.76,Active
505792,103248,7,Savings,2019-10-14,18823.01,Dormant
505793,106101,20,Salary,2023-01-18,106494.83,Active
505794,104058,28,Salary,2022-11-09,69725.17,Active
505795,102383,1,Current,2023-03-13,14994.77,Active
505796,109336,10,Salary,2020-08-26,38890.59,Active
505797,103409,18,Savings,2025-06-05,120229.31,Active
505798,103761,18,Salary,2022-11-21,76729.55,Active
505799,103184,27,Salary,2021-12-17,162234.13,Active
505800,107985,35,Salary,2024-11-21,32335.1,Active
505801,104088,9,Savings,2020-09-17,51999.29,Active
505802,100052,1,Salary,2025-06-08,35810.15,Active
505803,107558,15,Savings,2024-03-14,150453.31,Active
505804,109221,12,Savings,2022-03-14,152836.07,Active
505805,105711,32,Premium,2021-01-09,192479.41,Active
505806,109562,30,Current,2025-11-03,75090.39,Active
505807,106240,13,Current,2024-06-06,213681.07,Active
505808,105998,18,Savings,2020-01-19,119842.4,Active
505809,101032,40,Savings,2024-04-18,56533.99,Active
505810,101162,40,Salary,2017-09-12,86894.69,Active
505811,104191,40,Savings,2023-08-15,49413.2,Active
505812,105878,8,Savings,2025-11-19,151469.26,Active
505813,104259,6,Salary,2017-11-02,109268.47,Active
505814,101662,27,Savings,2024-02-03,33571.87,Active
505815,107412,34,Savings,2019-04-22,341464.35,Active
505816,104500,14,Premium,2019-08-10,83084.65,Active
505817,107378,31,Premium,2019-05-20,55776.34,Active
505818,102030,6,Salary,2024-08-06,132192.7,Active
505819,104922,40,Savings,2017-06-29,589553.13,Active
505820,102161,38,Savings,2020-07-19,93353.98,Active
505821,107872,11,Salary,2019-07-11,65651.98,Active
505822,108990,34,Savings,2021-12-19,48634.7,Dormant
505823,106717,31,Savings,2020-11-10,55338.56,Active
505824,109371,33,Savings,2021-08-17,172455.75,Active
505825,109822,20,Savings,2017-08-15,42639.64,Active
505826,101840,35,Current,2021-04-02,35943.68,Active
505827,109719,23,Salary,2018-06-30,30775.38,Active
505828,108055,14,Current,2019-06-10,16134.38,Dormant
505829,106898,35,Savings,2019-10-16,42786.29,Closed
505830,107062,14,Savings,2021-05-27,56496.17,Active
505831,101875,10,Salary,2025-08-22,210282.77,Dormant
505832,109659,26,Savings,2018-02-23,93607.14,Active
505833,102610,26,Current,2021-06-01,102148.51,Active
505834,105811,9,Savings,2018-02-17,91099.25,Active
505835,101278,21,Savings,2018-12-29,860871.45,Active
505836,104906,29,Savings,2023-12-26,100667.92,Active
505837,100357,34,Savings,2019-04-25,25330.51,Active
505838,106854,28,Savings,2022-01-05,67604.12,Active
505839,101759,4,Premium,2021-04-04,61988.79,Active
505840,100297,1,Savings,2022-04-17,57564.41,Closed
505841,102808,6,Savings,2022-05-29,14325.34,Active
505842,108256,31,Savings,2023-04-25,57478.95,Active
505843,109253,39,Savings,2017-01-21,51533.93,Active
505844,102810,17,Current,2022-04-08,91026.53,Active
505845,102815,22,Premium,2026-01-12,72222.5,Active
505846,101355,1,Savings,2020-01-13,76274.07,Active
505847,107276,6,Savings,2025-02-21,392973.23,Active
505848,108612,10,Salary,2017-06-07,681464.43,Active
505849,108587,18,Savings,2025-09-05,139944.67,Active
505850,107080,5,Premium,2018-07-06,23845.76,Active
505851,101520,40,Savings,2022-01-11,129268.88,Active
505852,101925,30,Premium,2021-02-09,1727754.23,Active
505853,106262,31,Savings,2022-08-18,20986.78,Active
505854,109986,17,Savings,2024-03-30,60799.24,Active
505855,106718,39,Savings,2017-10-10,59998.19,Dormant
505856,107664,39,Salary,2022-06-18,53135.63,Active
505857,107030,17,Savings,2024-05-07,16967.99,Active
505858,106515,24,Savings,2022-12-12,153968.76,Active
505859,105639,18,Savings,2024-04-14,56732.66,Active
505860,103794,38,Savings,2017-12-21,6333.08,Active
505861,104394,35,Savings,2023-12-02,76600.43,Active
505862,107345,11,Savings,2023-12-03,75185.56,Active
505863,103679,3,Savings,2025-02-17,355653.68,Active
505864,103397,4,Savings,2025-08-25,32818.84,Active
505865,109146,40,Salary,2023-02-28,74989.13,Active
505866,105016,3,Savings,2019-06-22,50949.84,Active
505867,102319,38,Current,2021-03-21,388853.74,Active
505868,105112,28,Savings,2018-12-02,76510.34,Active
505869,109227,3,Salary,2018-08-19,274631.56,Active
505870,103834,25,Savings,2020-11-25,55829.77,Active
505871,107774,13,Salary,2020-03-12,119389.31,Active
505872,100711,35,Premium,2019-07-04,80198.06,Active
505873,103693,32,Savings,2023-08-15,59318.73,Active
505874,109130,17,Savings,2025-12-26,81975.98,Active
505875,100456,21,Savings,2017-04-19,990868.74,Active
505876,100740,31,Savings,2022-07-10,40651.38,Closed
505877,104603,32,Savings,2017-03-13,40601.58,Dormant
505878,105702,13,Current,2023-07-25,79664.26,Active
505879,102556,17,Savings,2019-08-03,277299.67,Active
505880,107076,5,Premium,2025-07-01,510117.61,Active
505881,105121,3,Savings,2020-02-07,176917.47,Active
505882,106658,38,Savings,2023-04-08,78846.99,Active
505883,103083,6,Savings,2018-03-03,43223.32,Active
505884,108916,32,Premium,2023-08-31,30295.5,Active
505885,101335,40,Premium,2025-10-29,170805.85,Active
505886,101699,21,Savings,2018-04-13,309391.69,Dormant
505887,100582,39,Current,2022-09-17,330355.35,Active
505888,100043,12,Savings,2017-11-25,38716.79,Active
505889,105014,35,Savings,2025-08-20,16306.07,Active
505890,104782,23,Savings,2021-03-19,40871.75,Active
505891,106216,38,Salary,2022-07-26,164720.25,Active
505892,102286,21,Salary,2023-07-21,267163.92,Active
505893,100557,37,Savings,2017-10-11,46830.75,Closed
505894,106537,8,Premium,2019-12-20,477883.79,Active
505895,108394,3,Savings,2019-05-26,219109.52,Active
505896,104999,6,Salary,2020-01-10,474729.23,Active
505897,104778,25,Savings,2024-04-16,74971.88,Closed
505898,104537,35,Current,2025-10-27,112128.15,Active
505899,105903,27,Savings,2022-08-16,36317.43,Active
505900,106157,37,Savings,2025-09-25,85845.61,Closed
505901,100415,14,Salary,2022-06-25,66057.62,Active
505902,100833,27,Current,2023-07-27,13345.19,Active
505903,109100,30,Savings,2020-07-17,68978.23,Active
505904,102645,17,Savings,2025-04-01,243992.62,Active
505905,109099,24,Savings,2020-11-07,318598.71,Active
505906,104645,6,Salary,2022-01-29,103121.43,Active
505907,106246,33,Savings,2025-10-26,24216.08,Active
505908,105132,36,Salary,2019-12-28,212886.07,Active
505909,106680,29,Current,2017-07-15,78941.97,Active
505910,103812,27,Current,2022-10-15,25570.88,Active
505911,107681,13,Savings,2025-11-17,80346.75,Active
505912,108827,11,Savings,2018-11-18,218199.64,Active
505913,103720,31,Savings,2024-06-20,84893.11,Active
505914,108387,15,Salary,2018-03-11,59762.69,Active
505915,109916,36,Salary,2019-02-14,316286.53,Active
505916,107110,36,Salary,2025-05-01,49045.89,Active
505917,103149,7,Savings,2017-09-02,122745.43,Active
505918,104618,5,Savings,2023-09-22,13026.36,Active
505919,108493,8,Savings,2017-11-26,12317.48,Active
505920,101219,10,Savings,2018-11-26,64387.69,Active
505921,103314,33,Savings,2024-06-16,56252.26,Dormant
505922,109353,16,Current,2023-08-12,43591.2,Active
505923,108592,34,Savings,2022-01-08,136681.69,Active
505924,107196,1,Savings,2018-03-14,2268419.8,Active
505925,101013,35,Salary,2024-07-05,82799.32,Active
505926,104341,31,Current,2023-11-24,33882.84,Active
505927,106418,11,Current,2025-12-22,159926.66,Active
505928,104435,3,Current,2020-08-11,60360.42,Active
505929,104763,6,Salary,2024-09-14,15248.04,Active
505930,106583,30,Savings,2020-08-18,81672.57,Dormant
505931,101549,14,Premium,2023-02-07,160709.38,Active
505932,109566,36,Current,2018-01-08,177957.98,Active
505933,102376,34,Premium,2017-01-16,97183.17,Active
505934,108286,29,Premium,2017-05-20,19769.58,Active
505935,101668,17,Savings,2021-06-14,70821.66,Active
505936,108221,40,Current,2022-10-28,76822.67,Dormant
505937,109009,2,Salary,2020-08-12,339767.86,Active
505938,105936,33,Premium,2021-12-04,74044.15,Active
505939,107347,36,Premium,2017-12-23,84870.6,Active
505940,102166,26,Premium,2025-10-01,83117.01,Active
505941,103278,3,Premium,2021-08-09,512708.86,Active
505942,106479,21,Savings,2019-03-30,132133.97,Active
505943,108553,30,Premium,2023-04-21,154960.45,Active
505944,106983,28,Current,2025-10-10,57017.79,Active
505945,103675,30,Savings,2018-07-08,80767.09,Active
505946,107344,21,Savings,2025-04-16,639875.2,Active
505947,109349,2,Current,2017-09-17,49785.71,Active
505948,101734,35,Savings,2020-02-17,82400.99,Active
505949,103978,38,Premium,2020-08-10,44720.82,Active
505950,100065,34,Savings,2017-06-08,36934.14,Active
505951,103418,5,Current,2019-06-21,226683.81,Active
505952,109623,3,Savings,2021-09-01,125266.74,Active
505953,100375,8,Savings,2022-03-06,24169.64,Active
505954,105687,36,Current,2019-04-12,237656.69,Active
505955,104196,6,Savings,2023-06-08,66443.78,Active
505956,107991,6,Current,2020-08-06,15798.01,Active
505957,109230,34,Savings,2023-12-26,53459.22,Active
505958,105784,32,Current,2020-10-28,93393.53,Active
505959,106131,19,Premium,2021-09-12,110882.18,Active
505960,102393,4,Current,2020-04-19,12460.91,Active
505961,103282,8,Premium,2021-03-18,252387.42,Active
505962,106363,27,Savings,2019-02-23,103262.17,Active
505963,104020,15,Salary,2017-10-31,22564.54,Dormant
505964,101915,32,Salary,2017-07-29,312647.54,Active
505965,107190,6,Salary,2020-10-22,34406.97,Active
505966,108516,26,Salary,2025-11-27,6218.98,Active
505967,105565,16,Savings,2023-04-26,18309.58,Active
505968,103990,6,Salary,2024-08-13,69345.5,Active
505969,100448,25,Salary,2017-09-09,215906.19,Active
505970,100044,10,Savings,2022-10-03,160819.51,Active
505971,103863,19,Current,2024-05-17,61293.68,Active
505972,101891,8,Savings,2024-05-13,67102.4,Active
505973,102967,15,Savings,2024-03-04,81583.35,Dormant
505974,101419,12,Current,2025-08-18,109274.85,Dormant
505975,105109,22,Savings,2025-11-24,25535.12,Active
505976,102828,21,Current,2022-12-17,276614.16,Active
505977,100104,15,Current,2021-08-08,39729.84,Active
505978,106356,26,Savings,2023-09-03,37489.44,Active
505979,108420,29,Savings,2019-06-20,77152.15,Active
505980,107214,27,Savings,2017-02-15,151787.8,Active
505981,103098,3,Salary,2025-02-24,112287.08,Active
505982,104747,1,Savings,2018-06-09,113001.66,Active
505983,102662,35,Salary,2019-09-05,49876.28,Active
505984,108781,40,Salary,2022-04-15,53641.12,Active
505985,106541,32,Savings,2020-09-30,86521.82,Active
505986,105193,24,Savings,2025-02-17,87585.27,Active
505987,109825,40,Savings,2018-05-17,34455.39,Active
505988,102310,6,Salary,2017-11-10,46131.46,Closed
505989,104054,31,Current,2024-12-25,300477.43,Active
505990,104022,1,Savings,2024-05-28,188203.41,Active
505991,100421,28,Current,2025-04-21,628701.33,Active
505992,104747,4,Savings,2019-03-05,172089.99,Active
505993,101721,8,Savings,2020-03-26,123794.46,Active
505994,104293,1,Salary,2017-04-02,54761.5,Active
505995,103523,26,Current,2023-02-19,168252.33,Active
505996,105568,26,Savings,2019-11-22,29209.77,Active
505997,106052,10,Current,2024-07-10,59291.62,Active
505998,105411,25,Savings,2024-02-25,116766.43,Active
505999,103219,9,Salary,2018-12-05,134433.26,Active
506000,109786,25,Savings,2022-09-07,13676.57,Active
506001,103979,22,Salary,2024-10-11,394126.29,Active
506002,108063,14,Premium,2022-01-01,69041.76,Active
506003,107623,23,Salary,2023-03-08,29414.71,Active
506004,108355,23,Savings,2020-05-05,48730.02,Active
506005,105499,16,Current,2018-07-23,46327.74,Active
506006,109113,39,Savings,2024-07-29,13680.4,Active
506007,102222,3,Premium,2025-07-27,29811.82,Active
506008,103750,15,Savings,2025-04-20,78980.66,Active
506009,103573,2,Savings,2021-09-08,108007.0,Closed
506010,109061,22,Savings,2023-10-10,291351.13,Active
506011,107534,4,Savings,2019-07-22,57315.78,Active
506012,105971,22,Salary,2024-09-03,79887.75,Active
506013,107373,19,Salary,2017-10-17,140782.28,Active
506014,101451,20,Premium,2022-06-01,30463.77,Active
506015,108024,19,Savings,2021-05-04,94311.91,Active
506016,109120,5,Savings,2018-01-03,41592.27,Active
506017,106136,29,Savings,2018-02-08,40360.43,Active
506018,100170,5,Premium,2022-04-08,24583.94,Active
506019,101232,27,Savings,2019-05-10,10683.89,Active
506020,106351,31,Current,2025-12-25,145670.01,Active
506021,107214,2,Savings,2019-07-24,200631.88,Active
506022,107564,21,Current,2021-12-10,45033.16,Active
506023,101503,35,Current,2021-01-24,39241.62,Active
506024,105909,5,Savings,2018-07-20,23265.38,Active
506025,105320,9,Savings,2020-11-28,87553.98,Active
506026,100153,12,Savings,2021-11-13,148838.41,Active
506027,109370,10,Current,2017-10-26,113522.08,Active
506028,102414,35,Current,2019-03-19,88384.61,Active
506029,108390,26,Salary,2018-11-09,26121.06,Active
506030,103189,12,Savings,2025-09-06,132838.22,Active
506031,105269,24,Salary,2023-06-16,43791.65,Active
506032,100635,37,Salary,2021-08-01,73763.95,Active
506033,102143,17,Savings,2023-01-16,44140.1,Active
506034,102666,40,Savings,2020-02-14,65946.85,Active
506035,109604,35,Current,2020-11-14,51448.98,Active
506036,107523,14,Savings,2020-10-02,170677.66,Active
506037,106948,15,Savings,2025-02-23,174871.53,Active
506038,102331,23,Savings,2024-05-17,30515.03,Active
506039,102493,2,Salary,2020-07-07,103628.21,Active
506040,105474,8,Savings,2025-03-05,142100.79,Active
506041,102369,1,Savings,2022-04-15,61034.29,Active
506042,100273,31,Salary,2021-06-07,36734.66,Active
506043,109839,38,Current,2017-10-20,59137.38,Active
506044,105899,10,Savings,2024-06-15,197285.97,Active
506045,104595,14,Salary,2021-07-10,91811.48,Active
506046,105625,10,Current,2024-02-09,143393.84,Active
506047,103937,38,Current,2022-04-12,98778.25,Active
506048,109050,15,Salary,2022-10-25,17906.75,Active
506049,100672,26,Salary,2022-07-23,104308.4,Active
506050,105837,19,Savings,2020-01-18,99859.38,Active
506051,103547,35,Savings,2018-03-13,118911.56,Active
506052,108632,31,Current,2017-10-07,246253.37,Active
506053,108021,1,Savings,2025-09-05,12837.34,Active
506054,102087,7,Salary,2024-06-29,22776.34,Active
506055,109807,19,Current,2018-08-12,220828.46,Active
506056,109862,27,Savings,2020-10-07,334821.23,Active
506057,104766,34,Savings,2022-04-27,31042.89,Active
506058,101942,2,Current,2020-11-03,271767.52,Active
506059,106214,2,Current,2021-01-03,216730.95,Dormant
506060,103887,2,Salary,2020-12-31,28635.22,Active
506061,108964,13,Savings,2021-02-13,35774.04,Active
506062,104896,24,Salary,2023-04-19,40985.24,Active
506063,107800,29,Premium,2017-01-26,73967.83,Active
506064,109274,14,Premium,2017-05-23,53346.82,Active
506065,106604,38,Savings,2024-07-08,112365.95,Active
506066,103247,14,Current,2019-03-24,78697.08,Dormant
506067,108014,35,Current,2019-02-04,120963.44,Active
506068,104717,5,Salary,2017-11-02,146029.63,Active
506069,104111,8,Salary,2024-01-03,168440.96,Active
506070,102352,2,Savings,2017-06-15,555271.94,Active
506071,103982,27,Current,2018-01-18,51010.39,Active
506072,102222,9,Savings,2017-12-08,76530.11,Active
506073,103884,26,Current,2023-09-20,50213.82,Closed
506074,104895,11,Savings,2019-09-11,43072.7,Closed
506075,105989,24,Savings,2020-06-29,54096.96,Dormant
506076,108462,24,Savings,2019-12-07,70014.68,Active
506077,105076,11,Current,2018-08-25,7280.24,Active
506078,106325,11,Savings,2025-11-07,79367.71,Active
506079,106321,21,Premium,2021-02-06,176518.95,Active
506080,109116,36,Current,2022-04-14,48088.67,Active
506081,100002,17,Current,2020-07-26,64177.27,Active
506082,101452,40,Savings,2023-01-10,297712.99,Dormant
506083,104148,16,Savings,2020-03-23,203274.64,Active
506084,100554,5,Savings,2021-10-12,356624.77,Active
506085,109573,36,Current,2017-10-16,84516.75,Active
506086,100659,31,Savings,2020-08-01,154877.24,Active
506087,108150,33,Savings,2025-10-13,80980.19,Active
506088,108658,24,Current,2025-01-31,45885.29,Active
506089,109904,17,Salary,2020-02-26,91101.78,Active
506090,107410,23,Premium,2019-07-20,131152.78,Active
506091,105217,25,Premium,2019-05-29,74371.14,Active
506092,105947,32,Salary,2025-01-07,39779.52,Active
506093,105650,35,Savings,2018-12-14,132816.66,Active
506094,104521,25,Salary,2017-03-17,414859.69,Active
506095,105018,23,Salary,2020-07-14,66605.64,Active
506096,102799,37,Current,2019-10-08,174158.43,Active
506097,105923,27,Salary,2025-10-25,55847.54,Active
506098,107073,5,Savings,2022-04-07,76842.96,Active
506099,103779,30,Savings,2025-10-29,366955.62,Active
506100,104514,2,Savings,2022-01-07,42526.05,Active
506101,102292,24,Savings,2023-08-04,25657.39,Dormant
506102,103452,27,Premium,2018-10-07,82376.36,Active
506103,107814,38,Savings,2019-09-25,225625.23,Active
506104,104928,23,Premium,2025-06-06,29036.84,Active
506105,102616,11,Savings,2021-04-06,13329.57,Active
506106,106118,36,Current,2022-01-01,36877.47,Active
506107,103412,15,Salary,2018-10-05,222200.65,Dormant
506108,106899,5,Savings,2018-06-20,340623.52,Active
506109,100035,28,Savings,2023-07-16,16800.59,Active
506110,100342,5,Savings,2018-10-03,58961.2,Active
506111,100658,16,Current,2021-07-01,113902.67,Active
506112,105785,40,Current,2023-05-25,79453.16,Active
506113,108158,28,Savings,2018-12-10,149791.75,Dormant
506114,107310,35,Savings,2017-06-15,184837.8,Active
506115,104687,11,Savings,2020-05-28,34374.5,Active
506116,108982,3,Savings,2024-10-03,210775.38,Active
506117,105869,12,Savings,2022-08-29,37857.77,Active
506118,103597,34,Premium,2021-03-18,295539.95,Active
506119,104365,9,Savings,2018-12-01,126928.66,Active
506120,107087,28,Savings,2022-03-23,29929.87,Active
506121,100085,40,Savings,2018-01-14,16614.73,Active
506122,107619,31,Salary,2020-09-19,256987.99,Active
506123,108385,38,Savings,2020-04-06,36727.97,Active
506124,103904,12,Salary,2019-05-30,24455.47,Active
506125,109881,2,Savings,2019-06-18,119002.58,Active
506126,109541,19,Current,2017-10-22,630469.59,Active
506127,108865,17,Savings,2022-07-23,229369.65,Active
506128,103151,34,Savings,2022-04-21,76389.41,Active
506129,105871,20,Savings,2022-03-17,181272.39,Active
506130,108514,19,Savings,2017-06-30,224991.62,Active
506131,107585,17,Current,2018-01-19,246875.86,Active
506132,105795,37,Savings,2022-12-05,14371.05,Active
506133,105090,6,Current,2024-09-16,107271.62,Active
506134,108729,39,Savings,2020-03-30,190473.02,Active
506135,106057,5,Salary,2024-10-21,706182.85,Dormant
506136,103586,32,Current,2018-05-21,125184.15,Active
506137,102303,17,Savings,2023-01-29,380762.61,Active
506138,106064,14,Salary,2019-07-09,61107.53,Active
506139,108265,1,Savings,2022-04-11,31653.07,Closed
506140,102214,30,Current,2022-10-21,45379.42,Active
506141,107779,8,Salary,2021-08-03,247818.1,Active
506142,100187,18,Salary,2024-09-08,118963.13,Active
506143,101069,37,Savings,2022-12-27,20638.56,Active
506144,104016,1,Premium,2017-08-10,178064.82,Active
506145,106136,8,Salary,2024-05-08,150356.76,Active
506146,100339,34,Current,2018-11-08,35079.55,Dormant
506147,100022,14,Savings,2021-10-11,5483.6,Active
506148,105391,14,Salary,2020-11-24,189180.64,Active
506149,106809,15,Savings,2025-01-21,59484.26,Active
506150,100624,39,Salary,2021-09-16,20624.95,Active
506151,106972,30,Salary,2017-12-13,140480.65,Active
506152,109617,12,Savings,2023-06-15,18032.06,Active
506153,108118,34,Premium,2023-02-24,17281.48,Active
506154,103499,21,Salary,2021-12-29,48637.86,Active
506155,100298,2,Savings,2025-12-22,18080.7,Active
506156,106223,19,Savings,2019-11-07,879643.46,Active
506157,102323,2,Premium,2024-08-23,39411.16,Active
506158,101981,7,Premium,2017-12-09,43340.78,Active
506159,106974,28,Savings,2021-09-29,195464.69,Active
506160,107071,12,Savings,2018-11-22,175189.1,Active
506161,108072,21,Current,2022-11-10,448300.61,Active
506162,105226,10,Current,2024-04-09,96218.05,Active
506163,102487,35,Salary,2019-04-17,29212.08,Closed
506164,102871,25,Savings,2021-03-24,416734.17,Active
506165,107489,39,Salary,2017-08-14,13278.64,Active
506166,108751,21,Salary,2024-07-03,28455.19,Active
506167,101613,38,Current,2021-09-11,186248.31,Active
506168,108466,30,Savings,2019-11-14,18846.38,Closed
506169,104722,14,Savings,2020-06-02,351110.58,Active
506170,100247,3,Premium,2021-06-20,100039.03,Active
506171,103522,39,Savings,2023-08-25,49220.25,Active
506172,100091,25,Salary,2018-11-14,30401.71,Active
506173,101082,25,Premium,2023-08-14,113042.04,Active
506174,101118,10,Savings,2017-12-27,99520.77,Active
506175,105389,17,Salary,2020-06-20,7327.12,Active
506176,105633,32,Salary,2020-04-13,307685.71,Active
506177,108231,14,Savings,2019-10-16,141531.28,Active
506178,107479,29,Salary,2017-01-06,54712.51,Active
506179,106460,12,Current,2020-05-23,12276.1,Active
506180,102156,26,Current,2022-11-03,18136.46,Active
506181,103040,4,Salary,2022-05-13,48164.23,Active
506182,108637,19,Savings,2020-08-12,43514.44,Dormant
506183,104211,16,Current,2018-08-17,75467.33,Dormant
506184,108660,19,Savings,2020-08-24,84812.7,Dormant
506185,100451,15,Premium,2017-07-19,64369.58,Active
506186,106375,23,Savings,2020-05-25,413641.71,Active
506187,106241,22,Savings,2021-10-24,54934.16,Dormant
506188,104617,33,Salary,2018-11-28,224966.85,Active
506189,109033,26,Savings,2020-05-28,25935.76,Active
506190,104861,29,Savings,2021-08-15,40108.04,Active
506191,100766,17,Savings,2020-03-11,51516.8,Active
506192,103439,30,Savings,2018-11-10,79050.36,Active
506193,105696,35,Premium,2017-01-24,111332.9,Active
506194,107880,34,Savings,2025-11-29,41671.83,Dormant
506195,107052,34,Savings,2022-03-02,703351.42,Active
506196,100235,36,Savings,2025-08-01,228539.6,Active
506197,105835,25,Savings,2018-02-13,147201.96,Active
506198,101772,30,Current,2021-06-06,80150.0,Active
506199,102602,19,Current,2020-07-08,272872.9,Active
506200,106180,13,Savings,2018-09-11,70395.99,Active
506201,108722,15,Premium,2021-08-13,166295.88,Active
506202,107218,33,Savings,2019-12-19,13548.2,Active
506203,103740,20,Premium,2020-04-05,50794.4,Active
506204,100065,32,Savings,2023-08-08,52079.96,Active
506205,105829,12,Savings,2026-01-05,76741.39,Active
506206,106425,27,Savings,2022-03-29,90494.89,Active
506207,106757,4,Savings,2020-05-24,128400.67,Active
506208,107666,1,Salary,2017-05-12,176518.69,Active
506209,108362,29,Savings,2021-09-02,19414.24,Active
506210,106793,28,Savings,2023-03-28,28458.35,Active
506211,100746,15,Salary,2022-09-09,268340.03,Active
506212,104634,15,Savings,2020-11-11,243868.76,Active
506213,108990,24,Savings,2018-04-06,226072.21,Active
506214,102703,3,Savings,2025-05-18,77461.06,Active
506215,100196,26,Savings,2023-09-28,67186.57,Dormant
506216,109065,33,Savings,2021-07-18,63035.07,Active
506217,107288,35,Savings,2018-12-06,28692.16,Active
506218,102492,23,Salary,2022-07-17,9389.94,Active
506219,102272,19,Premium,2018-05-13,75312.36,Active
506220,102997,18,Savings,2021-11-05,421256.4,Active
506221,105212,13,Salary,2022-07-04,261734.15,Active
506222,105540,12,Current,2025-06-17,70606.75,Active
506223,107347,25,Savings,2018-11-27,150122.86,Active
506224,109682,26,Salary,2018-03-08,141274.55,Active
506225,101999,9,Savings,2021-12-13,129985.0,Active
506226,107902,2,Savings,2019-03-01,100110.11,Dormant
506227,100068,10,Savings,2022-02-27,123228.1,Active
506228,104898,35,Current,2025-03-19,275662.85,Closed
506229,101174,7,Salary,2024-06-17,18504.81,Active
506230,102113,18,Savings,2025-02-13,49672.75,Active
506231,103356,32,Savings,2019-04-07,67545.01,Active
506232,102331,19,Premium,2017-11-20,153457.71,Active
506233,108608,12,Savings,2023-04-30,40153.05,Active
506234,101559,20,Salary,2022-09-09,77094.64,Active
506235,104775,40,Salary,2020-07-27,238444.15,Active
506236,108608,19,Savings,2017-04-18,29763.24,Active
506237,104229,40,Savings,2020-08-09,18618.92,Active
506238,101152,17,Salary,2020-01-28,128092.75,Active
506239,103598,13,Savings,2025-06-19,169848.82,Active
506240,100906,34,Salary,2020-08-24,74596.05,Active
506241,104089,1,Salary,2025-03-29,177922.39,Active
506242,101881,2,Savings,2021-03-24,134909.99,Active
506243,106485,36,Savings,2017-04-20,117619.71,Active
506244,100033,4,Savings,2023-02-26,111725.68,Active
506245,103233,36,Current,2018-09-09,55282.25,Active
506246,107025,38,Salary,2020-03-18,88666.31,Active
506247,106240,19,Salary,2017-08-25,52460.03,Active
506248,106677,4,Current,2019-09-02,295262.18,Active
506249,105579,40,Savings,2019-03-18,312001.57,Active
506250,108537,21,Premium,2023-04-17,80421.23,Active
506251,100288,15,Savings,2021-12-21,88312.74,Active
506252,102483,9,Savings,2022-07-24,146248.37,Active
506253,101851,12,Salary,2025-03-17,30046.33,Active
506254,102297,17,Savings,2020-03-10,65365.27,Active
506255,103329,6,Salary,2020-05-26,7373.26,Active
506256,108764,14,Savings,2024-12-10,51701.09,Active
506257,105469,5,Salary,2022-10-12,280437.36,Dormant
506258,105794,30,Savings,2022-12-01,53001.36,Active
506259,106897,7,Premium,2025-06-17,321044.16,Active
506260,100607,40,Savings,2019-04-21,35768.35,Active
506261,109116,14,Current,2024-05-23,118676.85,Active
506262,105981,5,Current,2018-12-06,62751.03,Active
506263,100088,11,Savings,2022-07-13,101389.75,Active
506264,105992,12,Current,2022-10-19,76574.17,Active
506265,103973,19,Salary,2019-08-14,55674.39,Closed
506266,105171,16,Current,2021-06-29,45732.71,Closed
506267,104000,5,Salary,2018-01-05,97207.85,Active
506268,102570,20,Current,2018-07-24,313256.09,Active
506269,106852,34,Savings,2025-04-09,43451.31,Active
506270,102965,7,Savings,2017-08-05,12874.36,Dormant
506271,108613,21,Savings,2018-12-01,84144.94,Active
506272,106415,1,Current,2021-11-19,274145.4,Active
506273,102649,4,Savings,2025-06-07,132179.03,Active
506274,106663,10,Current,2021-11-20,34601.31,Active
506275,104395,4,Salary,2023-02-10,60649.77,Active
506276,105808,4,Savings,2018-01-27,94165.83,Closed
506277,101713,9,Premium,2019-09-22,127095.96,Active
506278,105163,31,Salary,2017-01-31,103646.68,Active
506279,107035,38,Salary,2024-06-17,12761.97,Active
506280,100706,24,Current,2018-12-10,60325.07,Active
506281,109619,21,Savings,2018-01-06,138635.86,Active
506282,103965,23,Savings,2021-07-04,61109.94,Active
506283,104808,36,Savings,2017-09-02,165490.71,Active
506284,108167,27,Savings,2019-04-21,125984.83,Active
506285,103139,15,Savings,2018-04-13,44851.02,Active
506286,105491,35,Salary,2025-03-17,83578.98,Active
506287,108398,27,Savings,2021-12-02,211385.76,Active
506288,100596,14,Premium,2022-11-26,154153.97,Active
506289,103091,5,Savings,2021-02-03,106926.02,Closed
506290,108776,15,Current,2023-03-18,25315.97,Active
506291,100863,3,Savings,2020-03-03,118105.24,Active
506292,102120,9,Premium,2024-04-29,42498.8,Active
506293,103447,11,Savings,2024-11-30,225757.68,Active
506294,105310,6,Salary,2019-04-23,953116.56,Active
506295,107254,31,Salary,2024-03-04,39978.09,Active
506296,108169,22,Premium,2017-05-31,45360.51,Active
506297,104931,37,Salary,2022-07-03,7003.66,Active
506298,100215,25,Current,2019-09-25,76373.95,Active
506299,107604,18,Salary,2020-03-23,15978.07,Active
506300,109776,30,Savings,2022-10-21,240987.64,Active
506301,109629,29,Savings,2019-05-05,222338.11,Active
506302,102226,38,Savings,2019-04-11,49627.47,Active
506303,101488,18,Savings,2023-10-16,70437.6,Active
506304,103750,35,Salary,2018-04-28,32860.26,Active
506305,100810,8,Savings,2019-07-10,44441.28,Active
506306,103217,9,Salary,2017-12-25,48925.99,Dormant
506307,100147,11,Current,2025-07-03,79175.6,Active
506308,102588,22,Salary,2019-08-29,315088.7,Active
506309,102380,12,Savings,2021-06-29,136264.27,Active
506310,102193,27,Salary,2017-01-09,47915.51,Active
506311,108241,26,Savings,2022-09-05,31712.54,Active
506312,108658,3,Savings,2025-07-22,24559.28,Active
506313,106363,39,Current,2025-02-04,166148.19,Active
506314,105605,23,Savings,2020-02-10,23657.11,Active
506315,106075,38,Salary,2023-10-26,54671.43,Active
506316,108341,24,Savings,2018-11-15,74466.55,Active
506317,103671,34,Current,2024-01-13,37855.02,Active
506318,109509,20,Salary,2024-07-03,36346.32,Active
506319,107938,36,Salary,2023-04-27,873350.94,Active
506320,107536,4,Savings,2019-08-22,13735.22,Active
506321,107231,4,Salary,2022-10-13,280490.46,Active
506322,109385,4,Savings,2025-05-18,146405.2,Active
506323,108765,28,Savings,2025-03-10,74139.63,Active
506324,105081,27,Current,2023-02-18,15784.42,Active
506325,101237,18,Savings,2019-03-05,91248.71,Active
506326,105189,28,Current,2021-09-01,26671.68,Active
506327,105346,6,Savings,2025-07-29,40614.91,Active
506328,106009,21,Premium,2020-03-26,191046.04,Active
506329,109691,19,Current,2024-09-20,62873.93,Active
506330,108410,4,Current,2018-12-01,221416.95,Active
506331,104638,36,Savings,2024-07-21,62377.98,Active
506332,101805,22,Savings,2020-04-21,138209.32,Active
506333,100224,33,Premium,2018-01-17,75086.64,Active
506334,102331,28,Salary,2022-11-19,77373.68,Active
506335,105068,36,Savings,2023-06-02,213846.82,Active
506336,107521,34,Salary,2019-05-06,75397.76,Active
506337,105751,20,Current,2022-04-17,16570.22,Active
506338,105675,23,Savings,2025-08-05,63725.12,Active
506339,104993,15,Savings,2024-09-28,23413.28,Active
506340,104168,5,Savings,2023-02-26,124250.05,Active
506341,108667,17,Savings,2017-09-06,117945.12,Active
506342,107908,40,Premium,2019-04-23,24326.03,Active
506343,103135,21,Salary,2021-08-30,20838.56,Active
506344,103474,17,Salary,2018-11-22,232343.56,Active
506345,103462,24,Savings,2020-11-22,35017.74,Dormant
506346,106115,33,Savings,2021-04-07,32638.23,Active
506347,107841,13,Premium,2020-02-26,234553.45,Active
506348,107585,6,Savings,2020-11-20,80531.93,Active
506349,104143,28,Salary,2018-12-17,83473.21,Active
506350,101910,29,Salary,2023-10-12,16044.24,Active
506351,100399,26,Current,2022-07-29,284534.86,Active
506352,108654,8,Salary,2022-07-14,119865.12,Active
506353,102008,12,Current,2019-03-25,100131.66,Active
506354,100901,37,Savings,2024-11-04,246777.91,Active
506355,102492,23,Savings,2019-06-03,95123.91,Active
506356,107240,13,Savings,2024-02-06,68627.05,Active
506357,103963,28,Savings,2021-10-10,26597.86,Active
506358,108913,9,Savings,2022-02-15,40450.96,Active
506359,109983,31,Savings,2018-01-04,113400.56,Active
506360,104174,31,Premium,2022-11-15,51926.73,Active
506361,109920,9,Salary,2024-07-13,62735.8,Active
506362,101296,13,Current,2023-07-13,139721.52,Active
506363,107605,37,Savings,2020-08-07,179686.9,Closed
506364,103331,2,Savings,2022-09-05,36797.29,Active
506365,104985,20,Savings,2023-12-24,172254.77,Active
506366,102850,33,Current,2021-04-22,232952.04,Active
506367,102237,15,Salary,2021-05-14,89953.3,Active
506368,107971,19,Savings,2024-02-18,65176.01,Active
506369,107928,12,Premium,2021-01-28,103502.24,Active
506370,101396,32,Premium,2021-09-02,94616.31,Dormant
506371,109676,29,Salary,2022-06-19,36653.23,Active
506372,101308,8,Current,2020-03-26,24858.31,Active
506373,108656,24,Savings,2020-11-15,189099.78,Active
506374,107759,23,Savings,2024-03-30,14508.44,Active
506375,105768,15,Salary,2017-07-13,45616.92,Closed
506376,109152,13,Premium,2025-12-08,161635.41,Active
506377,104039,9,Current,2018-11-01,393813.71,Dormant
506378,100950,31,Salary,2020-02-16,92752.12,Active
506379,109979,4,Savings,2019-12-18,125171.03,Active
506380,105356,37,Premium,2017-09-01,153183.89,Active
506381,101229,36,Salary,2017-08-12,49969.18,Active
506382,109661,11,Salary,2020-11-13,22774.67,Active
506383,109390,4,Salary,2023-08-01,47704.9,Active
506384,108737,16,Savings,2023-04-04,88579.3,Active
506385,100072,33,Premium,2019-08-16,62810.28,Active
506386,106856,37,Savings,2018-01-02,103103.82,Active
506387,101162,38,Current,2017-04-10,41598.49,Active
506388,103644,39,Savings,2020-07-07,35212.08,Active
506389,106116,2,Savings,2022-08-05,37123.6,Active
506390,106120,39,Savings,2022-07-14,210242.83,Active
506391,102994,29,Savings,2022-02-04,118967.38,Active
506392,101489,38,Savings,2021-01-08,33062.34,Active
506393,106617,6,Current,2018-03-09,51675.34,Active
506394,108868,40,Current,2020-06-04,23245.85,Active
506395,106434,1,Premium,2023-10-31,15287.44,Active
506396,108257,31,Savings,2018-07-02,263070.16,Dormant
506397,106547,38,Current,2024-06-01,10065.31,Active
506398,107509,2,Savings,2023-05-13,69184.03,Active
506399,106953,40,Premium,2021-01-18,84902.0,Active
506400,104438,7,Savings,2019-03-16,45526.2,Active
506401,108072,30,Savings,2025-03-09,50144.12,Active
506402,108655,29,Savings,2021-09-11,368754.52,Active
506403,101723,38,Current,2023-07-17,12015.76,Active
506404,107963,10,Salary,2019-10-12,22190.34,Active
506405,102332,14,Savings,2023-07-08,79212.42,Active
506406,103772,17,Savings,2022-03-25,15342.84,Active
506407,107044,27,Salary,2021-06-26,30281.88,Active
506408,104552,18,Savings,2022-06-12,134633.73,Active
506409,101166,19,Salary,2025-11-11,27596.55,Active
506410,105244,24,Savings,2024-12-16,37088.95,Active
506411,104317,7,Salary,2024-10-03,64008.97,Active
506412,109210,11,Premium,2021-06-17,51573.8,Active
506413,103923,36,Salary,2024-10-04,101225.75,Active
506414,102964,32,Savings,2017-07-22,98556.09,Active
506415,103851,18,Savings,2024-06-27,227734.77,Active
506416,100827,6,Savings,2019-10-29,7530.04,Active
506417,104234,14,Savings,2022-08-05,133284.19,Active
506418,103348,21,Savings,2019-02-28,415007.06,Active
506419,101952,11,Premium,2023-09-10,434310.52,Active
506420,108457,24,Savings,2019-01-19,139692.83,Active
506421,103928,19,Salary,2017-09-26,107320.0,Active
506422,109741,1,Salary,2021-07-01,104993.54,Active
506423,107030,22,Salary,2020-12-19,92952.15,Active
506424,106283,31,Premium,2018-02-23,16283.44,Active
506425,105699,22,Current,2024-10-08,288961.46,Active
506426,105682,29,Savings,2022-09-07,173700.77,Active
506427,106472,17,Premium,2018-12-23,436641.59,Active
506428,103811,15,Salary,2017-05-09,52192.56,Active
506429,105913,21,Current,2017-03-23,682963.4,Active
506430,106660,38,Savings,2020-08-17,128303.37,Active
506431,102249,10,Salary,2022-01-10,273109.04,Active
506432,103233,2,Current,2023-06-23,92034.5,Active
506433,107155,17,Current,2024-12-23,187782.98,Active
506434,108652,12,Salary,2024-09-16,139748.99,Active
506435,105701,18,Savings,2023-08-05,43590.0,Active
506436,107948,6,Savings,2025-04-30,56779.38,Dormant
506437,104237,34,Salary,2018-12-12,44958.7,Dormant
506438,108009,3,Salary,2021-06-11,36736.66,Active
506439,109688,39,Savings,2022-12-20,262407.96,Active
506440,103753,5,Salary,2025-01-21,89110.72,Active
506441,104763,29,Premium,2019-10-30,32886.66,Active
506442,109740,31,Savings,2019-02-13,106029.13,Active
506443,107685,9,Savings,2025-12-24,120195.92,Active
506444,108447,7,Current,2017-03-15,24420.57,Active
506445,101940,7,Current,2021-05-18,213699.7,Active
506446,106284,18,Savings,2018-04-13,515393.2,Active
506447,108275,7,Current,2021-09-06,130590.58,Active
506448,108022,35,Savings,2020-07-13,27143.55,Active
506449,106478,22,Salary,2020-08-12,155804.06,Active
506450,100534,1,Premium,2017-11-02,74372.76,Active
506451,108270,18,Current,2019-05-31,43368.65,Active
506452,107378,13,Salary,2020-12-16,46304.72,Active
506453,103877,30,Savings,2022-04-09,40702.63,Active
506454,105542,10,Salary,2023-06-20,152141.16,Active
506455,109049,18,Savings,2025-03-22,41285.92,Active
506456,104079,7,Salary,2017-08-17,152529.09,Dormant
506457,103251,5,Savings,2020-12-30,167859.47,Active
506458,104182,23,Savings,2017-11-17,161969.68,Active
506459,100187,31,Current,2017-05-10,117937.25,Dormant
506460,104978,28,Premium,2025-02-03,28000.32,Active
506461,108172,31,Savings,2020-11-14,134414.25,Dormant
506462,101116,1,Premium,2025-09-03,15178.39,Closed
506463,102538,19,Premium,2017-12-26,188746.76,Active
506464,109489,26,Savings,2019-10-25,9550.16,Active
506465,107598,24,Savings,2017-10-22,70146.25,Active
506466,103068,34,Salary,2021-08-25,32150.85,Active
506467,104654,40,Current,2018-05-05,437271.6,Active
506468,103786,4,Current,2024-01-09,66631.35,Active
506469,109802,10,Savings,2021-03-12,447781.42,Active
506470,101090,30,Savings,2023-08-18,20872.87,Active
506471,107839,8,Savings,2023-11-06,275416.57,Active
506472,102326,11,Savings,2019-10-02,88575.89,Active
506473,105689,13,Premium,2024-09-09,127433.01,Active
506474,104445,29,Savings,2020-06-20,131609.76,Active
506475,102751,19,Savings,2019-07-12,68905.5,Active
506476,108453,34,Premium,2019-04-20,130529.3,Active
506477,102620,2,Current,2017-09-04,570942.38,Active
506478,108116,31,Salary,2023-11-18,16983.59,Active
506479,100174,6,Savings,2022-07-04,93398.32,Active
506480,103248,31,Savings,2019-11-29,31154.94,Active
506481,108607,5,Salary,2018-05-10,78487.17,Active
506482,107101,32,Salary,2019-01-05,488377.99,Active
506483,100811,6,Savings,2018-11-06,281070.98,Active
506484,100836,4,Savings,2017-08-26,233131.04,Active
506485,101959,13,Savings,2019-08-17,118031.58,Active
506486,101272,2,Current,2024-07-24,103533.7,Active
506487,101478,4,Savings,2024-08-05,41492.35,Active
506488,109508,23,Current,2018-10-01,126618.4,Active
506489,106240,6,Savings,2021-08-08,27618.33,Active
506490,105971,23,Salary,2023-09-04,233306.45,Active
506491,109016,21,Savings,2021-01-27,80058.05,Active
506492,109546,30,Savings,2019-09-09,141547.63,Active
506493,104074,16,Savings,2022-02-02,101489.15,Active
506494,103329,3,Current,2020-08-20,509711.85,Active
506495,108739,25,Salary,2018-11-01,334190.02,Active
506496,106758,15,Current,2017-01-14,147693.92,Active
506497,109080,27,Savings,2024-01-01,22300.82,Active
506498,102211,20,Current,2018-12-18,107593.93,Active
506499,107889,29,Savings,2026-01-09,262016.97,Active
506500,108727,16,Savings,2020-07-27,4543.7,Active
506501,109911,5,Salary,2018-05-26,12816.69,Active
506502,101055,3,Premium,2017-10-13,463185.24,Active
506503,100140,34,Savings,2023-04-08,53258.55,Active
506504,102517,34,Savings,2025-03-18,84757.34,Active
506505,107795,7,Current,2025-09-10,56487.82,Active
506506,107192,12,Salary,2017-07-17,340610.23,Active
506507,108161,9,Current,2017-05-15,78053.36,Active
506508,103560,26,Savings,2020-01-04,144841.36,Active
506509,106971,34,Current,2022-11-20,80110.78,Active
506510,108068,39,Savings,2017-06-17,221177.26,Dormant
506511,106619,31,Savings,2023-06-11,22483.15,Active
506512,106595,31,Savings,2023-03-02,125001.6,Active
506513,104551,30,Savings,2024-01-10,162473.89,Active
506514,103135,20,Current,2025-11-17,142396.75,Active
506515,107864,4,Salary,2020-08-05,102833.19,Active
506516,102955,8,Premium,2017-04-10,27001.69,Closed
506517,102593,4,Savings,2020-10-28,44861.31,Dormant
506518,107754,12,Salary,2017-11-03,103315.88,Active
506519,103963,2,Savings,2022-01-24,130174.32,Active
506520,100402,12,Savings,2022-03-01,137054.47,Active
506521,104060,19,Current,2020-04-26,52183.54,Active
506522,106069,20,Savings,2023-11-20,29111.52,Active
506523,108621,29,Savings,2020-12-05,233967.15,Active
506524,108757,6,Current,2025-03-09,74332.79,Active
506525,100472,24,Salary,2023-03-02,72937.53,Active
506526,102944,37,Savings,2021-05-24,40479.06,Active
506527,103178,13,Current,2025-11-27,100412.06,Active
506528,107805,26,Savings,2024-03-04,21345.85,Active
506529,107166,3,Salary,2023-02-27,404039.52,Active
506530,108595,34,Current,2021-06-23,22773.98,Active
506531,101683,34,Salary,2019-02-14,25169.86,Active
506532,109008,8,Savings,2022-12-03,99705.17,Active
506533,105652,19,Current,2022-06-07,1135492.61,Active
506534,109404,39,Salary,2024-09-04,23982.58,Dormant
506535,105433,25,Salary,2019-11-06,184777.24,Active
506536,102160,14,Savings,2025-07-03,39811.04,Active
506537,109063,32,Savings,2024-08-05,444554.94,Active
506538,101120,5,Savings,2025-08-06,128247.33,Closed
506539,106957,20,Salary,2024-06-20,439223.74,Active
506540,108325,29,Current,2017-10-26,24641.68,Active
506541,102233,4,Savings,2024-11-18,61556.48,Dormant
506542,101074,12,Savings,2024-07-02,31133.94,Closed
506543,104041,26,Savings,2020-03-27,47241.52,Active
506544,101739,26,Savings,2018-12-09,134530.37,Active
506545,109708,18,Current,2023-10-10,71686.57,Active
506546,104278,31,Savings,2020-09-25,59678.13,Active
506547,104136,39,Salary,2024-05-03,113243.66,Active
506548,102499,27,Premium,2022-01-06,39100.1,Active
506549,103582,39,Savings,2020-08-17,40861.99,Active
506550,105752,13,Salary,2022-11-16,33896.49,Active
506551,105404,29,Savings,2019-07-11,18682.84,Active
506552,102601,19,Savings,2017-07-18,137687.5,Active
506553,102564,23,Savings,2022-09-27,11804.91,Active
506554,104909,32,Current,2025-04-12,93314.38,Active
506555,105415,27,Savings,2020-04-27,77695.58,Active
506556,107536,17,Savings,2020-06-25,16997.24,Active
506557,102572,5,Premium,2021-04-02,166808.25,Active
506558,105720,17,Savings,2019-06-07,97714.7,Active
506559,100243,29,Current,2022-05-16,98941.82,Active
506560,107278,14,Premium,2022-08-20,55052.15,Closed
506561,100285,35,Salary,2025-09-21,40829.04,Active
506562,101565,10,Savings,2023-02-15,129392.69,Active
506563,109943,2,Salary,2023-12-20,567077.49,Active
506564,105370,22,Current,2025-09-03,148859.97,Active
506565,108774,6,Current,2024-10-18,46030.69,Active
506566,109195,4,Savings,2025-07-03,121151.84,Active
506567,107865,22,Savings,2025-04-19,42986.63,Active
506568,109371,17,Salary,2017-02-17,289093.42,Active
506569,101792,18,Savings,2025-08-18,145523.04,Active
506570,107807,16,Savings,2021-03-26,148756.72,Active
506571,103012,34,Current,2019-03-06,33552.52,Active
506572,103797,29,Current,2019-11-10,526326.64,Closed
506573,103103,26,Salary,2021-08-25,216643.77,Active
506574,101252,4,Salary,2019-05-23,39017.83,Active
506575,101678,10,Savings,2020-01-08,73039.25,Dormant
506576,103446,13,Savings,2022-05-26,482214.4,Dormant
506577,101366,34,Current,2023-09-15,110562.86,Active
506578,105072,36,Savings,2021-09-20,312874.2,Active
506579,106350,22,Salary,2018-05-16,130874.58,Active
506580,103661,24,Current,2017-08-19,140893.66,Active
506581,105629,17,Salary,2019-03-11,259261.32,Active
506582,106480,34,Savings,2021-05-23,82015.29,Active
506583,105593,20,Current,2025-11-18,40493.45,Active
506584,100159,10,Salary,2017-10-19,18002.7,Active
506585,102460,32,Savings,2020-08-26,128305.43,Active
506586,109195,24,Savings,2023-03-13,42042.94,Active
506587,103579,20,Current,2021-09-05,227469.19,Closed
506588,100831,30,Salary,2020-01-27,167514.29,Active
506589,100276,4,Salary,2022-12-03,239764.14,Active
506590,102445,9,Current,2025-09-28,239681.45,Active
506591,100521,39,Savings,2022-04-02,227126.59,Active
506592,106805,16,Savings,2025-05-03,203810.75,Dormant
506593,100320,29,Savings,2021-11-02,219542.94,Active
506594,101409,25,Current,2024-10-09,55831.08,Closed
506595,108361,35,Premium,2022-09-20,218275.94,Active
506596,104366,22,Savings,2017-05-15,136037.68,Active
506597,109120,28,Savings,2024-11-04,221294.43,Active
506598,106185,15,Savings,2019-02-15,8837.57,Active
506599,108685,7,Savings,2017-11-10,25447.78,Active
506600,103484,40,Savings,2018-11-21,445867.5,Active
506601,101457,34,Savings,2019-10-26,44488.04,Active
506602,108719,5,Salary,2025-12-24,74245.05,Active
506603,107594,35,Savings,2018-09-27,196016.82,Active
506604,109781,7,Savings,2022-05-07,62629.53,Active
506605,108485,4,Current,2022-09-28,89171.69,Active
506606,105598,18,Current,2020-07-23,93976.74,Active
506607,104971,18,Current,2023-08-04,188380.83,Active
506608,105408,27,Current,2020-10-31,22488.01,Active
506609,109731,16,Savings,2018-10-16,47653.69,Active
506610,107296,5,Salary,2025-03-19,96114.15,Active
506611,108510,28,Current,2025-06-02,148438.75,Active
506612,102188,22,Savings,2017-12-03,23527.6,Active
506613,103070,33,Savings,2019-03-10,64066.22,Active
506614,104118,22,Premium,2026-01-04,237642.07,Active
506615,105377,38,Savings,2025-10-31,297753.69,Active
506616,102830,34,Premium,2024-06-25,37455.91,Active
506617,108699,8,Current,2019-02-02,36341.49,Active
506618,108893,35,Savings,2023-08-06,115199.98,Active
506619,103131,40,Salary,2017-12-02,33305.52,Active
506620,103476,7,Savings,2024-02-26,377506.0,Active
506621,107910,16,Savings,2025-01-20,66554.95,Active
506622,106391,2,Current,2023-08-15,23955.65,Active
506623,105451,38,Savings,2018-07-25,98504.85,Active
506624,101005,40,Premium,2024-08-01,27542.28,Active
506625,107685,32,Savings,2023-07-06,173497.96,Active
506626,108932,35,Salary,2022-12-07,9352.04,Active
506627,104454,19,Savings,2022-04-24,55781.75,Active
506628,104249,11,Savings,2025-12-26,315484.61,Active
506629,104473,14,Salary,2022-12-24,32690.94,Active
506630,104416,29,Savings,2017-08-28,114175.33,Active
506631,107281,6,Savings,2025-10-24,37963.72,Active
506632,102625,13,Salary,2025-12-30,244806.71,Dormant
506633,102820,27,Savings,2020-05-15,136324.85,Active
506634,107956,31,Savings,2023-10-30,11842.6,Active
506635,100133,17,Premium,2017-04-26,124698.13,Active
506636,100182,22,Savings,2022-11-15,161685.52,Dormant
506637,106491,3,Savings,2017-02-21,211180.34,Active
506638,104440,18,Savings,2021-05-13,45478.21,Active
506639,105481,18,Savings,2024-07-12,130491.96,Active
506640,103493,10,Savings,2017-05-17,87946.4,Active
506641,106043,12,Savings,2023-10-23,166247.74,Active
506642,106211,11,Savings,2022-06-26,125478.16,Active
506643,108946,20,Salary,2019-01-25,265256.24,Active
506644,108749,20,Current,2020-06-16,44615.8,Active
506645,106418,17,Salary,2019-10-04,296241.36,Closed
506646,104213,23,Salary,2020-02-13,125466.74,Active
506647,101016,6,Salary,2019-03-22,69246.12,Active
506648,105704,4,Savings,2022-09-10,300185.3,Active
506649,106589,6,Premium,2017-04-26,62320.09,Active
506650,109332,22,Savings,2017-03-14,215296.72,Active
506651,106235,9,Premium,2019-09-17,32379.89,Active
506652,101036,7,Current,2017-03-19,24996.5,Active
506653,103625,36,Savings,2019-06-15,73473.98,Active
506654,108902,34,Current,2024-11-18,51404.02,Active
506655,108413,31,Salary,2025-09-12,33044.55,Active
506656,108373,5,Savings,2022-09-28,105760.17,Dormant
506657,104219,18,Current,2024-12-27,141696.33,Active
506658,108952,11,Current,2025-05-25,19228.89,Active
506659,105456,29,Salary,2017-05-26,34102.03,Active
506660,100962,34,Premium,2017-06-26,299348.2,Active
506661,100990,6,Current,2025-10-08,29496.8,Active
506662,103799,2,Savings,2022-04-28,18954.85,Dormant
506663,107839,19,Premium,2019-07-18,156337.21,Active
506664,102247,6,Salary,2017-04-10,16625.6,Active
506665,102538,35,Savings,2018-02-10,113087.35,Active
506666,105555,14,Savings,2021-12-04,67321.09,Active
506667,102167,3,Salary,2018-10-24,15649.1,Active
506668,106939,20,Salary,2023-11-18,16489.31,Active
506669,108318,12,Savings,2020-06-25,191351.21,Active
506670,104795,37,Savings,2024-03-03,20746.69,Active
506671,107615,32,Current,2023-11-23,260167.24,Active
506672,102840,36,Current,2018-02-05,333671.22,Active
506673,101892,19,Savings,2025-05-15,20194.88,Active
506674,107846,4,Savings,2022-01-16,47131.85,Active
506675,101595,5,Salary,2019-06-14,98651.47,Active
506676,100876,28,Savings,2017-11-07,288598.23,Active
506677,108451,39,Current,2025-08-08,21162.27,Active
506678,105930,28,Savings,2022-02-28,61383.45,Active
506679,106481,33,Savings,2022-05-28,432228.08,Active
506680,100475,14,Savings,2024-11-29,66657.8,Dormant
506681,103825,10,Savings,2023-11-20,49762.42,Active
506682,105310,33,Premium,2020-05-12,159356.07,Active
506683,106386,21,Current,2022-02-07,25106.5,Active
506684,105981,10,Current,2025-01-04,72610.58,Active
506685,106047,21,Savings,2021-11-20,102403.82,Active
506686,100951,28,Salary,2023-08-02,68266.94,Active
506687,104915,3,Savings,2025-06-07,95517.29,Active
506688,102381,9,Salary,2018-10-06,51065.57,Active
506689,105587,29,Salary,2024-11-25,58322.71,Active
506690,107301,27,Savings,2018-01-12,67251.66,Active
506691,104704,34,Current,2025-06-28,123105.25,Active
506692,106050,27,Savings,2024-05-09,57854.63,Active
506693,104364,14,Salary,2020-07-14,88185.3,Active
506694,106825,24,Salary,2025-06-24,275795.81,Active
506695,107118,21,Premium,2017-08-07,353755.49,Active
506696,100802,26,Savings,2022-11-18,44817.25,Active
506697,104834,30,Current,2017-03-24,53003.22,Active
506698,103260,34,Current,2017-07-07,61369.11,Dormant
506699,103980,15,Salary,2018-10-24,136484.4,Active
506700,101572,36,Savings,2019-01-04,16698.25,Active
506701,100977,37,Savings,2022-01-14,30449.99,Active
506702,107167,37,Savings,2025-11-09,14845.59,Active
506703,100599,4,Current,2021-11-22,191412.42,Active
506704,108599,5,Salary,2024-11-10,104020.98,Active
506705,105813,21,Salary,2025-11-12,170671.32,Active
506706,109752,38,Savings,2024-02-23,70887.15,Active
506707,109017,39,Savings,2022-03-29,115273.61,Active
506708,104914,2,Salary,2019-07-07,71728.69,Active
506709,107377,9,Savings,2023-02-01,121899.97,Active
506710,103143,29,Premium,2020-09-22,83146.12,Closed
506711,109561,10,Premium,2019-12-20,196191.74,Active
506712,103874,26,Salary,2022-01-03,61921.15,Active
506713,106426,11,Current,2018-07-12,307182.38,Active
506714,107870,10,Premium,2018-09-11,72743.81,Active
506715,108212,27,Savings,2020-01-27,16179.86,Active
506716,109560,24,Salary,2024-08-07,24999.44,Active
506717,106209,24,Premium,2025-08-24,86394.56,Dormant
506718,104044,38,Current,2019-02-01,22674.99,Active
506719,109082,16,Premium,2025-03-20,16955.14,Active
506720,105652,40,Salary,2022-12-30,702297.29,Active
506721,109636,29,Savings,2024-06-01,44194.0,Active
506722,109280,8,Savings,2017-12-31,301950.9,Active
506723,100125,35,Salary,2020-02-27,152643.09,Active
506724,109848,13,Current,2021-11-08,57379.87,Active
506725,109525,23,Current,2022-05-05,71424.62,Active
506726,105163,22,Salary,2017-09-21,399915.8,Active
506727,100887,11,Savings,2022-03-24,99679.38,Active
506728,101900,33,Salary,2018-06-13,214471.04,Active
506729,104880,9,Salary,2023-06-29,20791.48,Active
506730,105617,16,Salary,2019-07-10,196236.41,Active
506731,109736,36,Salary,2023-10-11,122755.75,Active
506732,103806,25,Savings,2025-10-11,11720.14,Active
506733,109329,3,Savings,2020-05-17,8819.63,Active
506734,108540,38,Salary,2024-01-04,40014.27,Dormant
506735,106418,4,Current,2021-07-28,40762.12,Active
506736,103097,20,Salary,2023-06-11,30727.33,Active
506737,107431,40,Salary,2018-07-16,26549.83,Active
506738,102708,14,Savings,2021-07-15,74774.24,Active
506739,109531,15,Savings,2018-02-07,5766.82,Active
506740,100525,32,Salary,2018-10-13,28752.63,Active
506741,107910,24,Current,2018-05-02,40604.4,Active
506742,105645,37,Savings,2023-11-09,59481.1,Active
506743,103111,1,Salary,2021-10-22,83268.76,Active
506744,100314,27,Savings,2023-06-06,236076.65,Active
506745,102022,30,Savings,2024-03-13,102678.18,Active
506746,109680,40,Current,2020-06-24,205340.3,Active
506747,107887,9,Savings,2017-08-26,74479.56,Active
506748,109762,22,Salary,2020-11-29,223617.73,Active
506749,108912,1,Savings,2019-09-24,188336.57,Active
506750,108223,2,Savings,2025-07-07,104199.55,Dormant
506751,107527,37,Salary,2025-05-10,240916.12,Active
506752,103708,33,Current,2019-04-03,137245.22,Active
506753,108628,18,Salary,2017-07-07,209898.59,Dormant
506754,107449,40,Savings,2025-06-27,90848.85,Active
506755,109244,16,Salary,2024-11-03,45811.79,Active
506756,104809,12,Savings,2020-02-14,24697.1,Active
506757,103377,24,Savings,2018-04-08,102735.3,Active
506758,105570,4,Salary,2018-03-14,11444.64,Active
506759,101361,40,Savings,2020-03-25,61999.33,Dormant
506760,104894,20,Savings,2021-06-17,63173.17,Closed
506761,103514,31,Savings,2021-01-26,76585.17,Active
506762,104917,37,Salary,2021-10-19,45174.99,Active
506763,108301,29,Savings,2017-07-02,136921.41,Active
506764,104060,20,Savings,2022-01-07,21237.1,Active
506765,104015,38,Premium,2023-03-10,156891.72,Active
506766,109642,21,Current,2025-04-26,138700.71,Active
506767,105598,26,Salary,2025-10-22,22927.52,Active
506768,105817,8,Savings,2020-08-22,90854.24,Active
506769,102026,6,Current,2025-02-24,256465.74,Active
506770,108396,22,Premium,2023-04-10,72979.46,Active
506771,102025,29,Savings,2020-06-04,152647.77,Active
506772,104423,19,Savings,2019-06-23,136286.37,Active
506773,100018,37,Premium,2024-01-09,322733.54,Closed
506774,106063,2,Savings,2020-01-11,160767.31,Active
506775,103795,27,Current,2024-12-17,84577.75,Active
506776,105418,2,Savings,2018-01-11,128170.91,Active
506777,102518,25,Salary,2017-06-19,189175.28,Active
506778,100222,14,Salary,2024-02-02,78914.02,Active
506779,103507,10,Savings,2024-09-04,107396.81,Active
506780,105601,13,Savings,2025-02-19,460353.5,Active
506781,107497,38,Current,2018-12-21,52536.36,Active
506782,103681,39,Savings,2024-01-11,30130.82,Active
506783,106457,35,Savings,2025-04-03,48598.95,Active
506784,106781,36,Savings,2022-02-07,83284.15,Active
506785,100791,1,Current,2022-08-26,39068.38,Active
506786,104126,13,Salary,2019-03-09,240077.97,Active
506787,100141,10,Savings,2026-01-09,30643.7,Active
506788,107595,35,Current,2019-09-17,91433.83,Active
506789,108266,24,Savings,2019-09-03,86775.46,Active
506790,109511,5,Salary,2024-02-08,148636.06,Active
506791,104664,4,Savings,2020-05-02,114692.53,Active
506792,100227,7,Current,2024-02-24,88777.49,Active
506793,103897,19,Savings,2021-08-23,65916.28,Active
506794,102923,13,Savings,2023-12-27,117386.07,Active
506795,109287,37,Savings,2025-01-09,24804.76,Active
506796,103417,8,Salary,2022-01-21,119148.17,Active
506797,105110,32,Savings,2022-03-12,61136.55,Active
506798,103692,39,Savings,2024-10-26,105116.86,Active
506799,104636,29,Savings,2023-01-19,493773.56,Dormant
506800,104240,10,Salary,2025-10-28,91906.54,Active
506801,108493,25,Savings,2024-10-19,34631.28,Active
506802,105349,24,Current,2020-02-07,184800.87,Dormant
506803,101211,39,Current,2025-07-25,85808.16,Active
506804,104300,27,Salary,2018-10-08,152226.77,Active
506805,108521,38,Premium,2020-12-19,57915.59,Active
506806,108348,20,Savings,2017-09-24,141749.06,Active
506807,100107,21,Savings,2018-01-22,58657.87,Active
506808,103084,28,Savings,2020-05-27,27969.12,Dormant
506809,100067,25,Savings,2025-09-10,73264.45,Active
506810,109532,38,Savings,2020-05-08,349704.21,Active
506811,109099,11,Premium,2020-03-25,84032.6,Active
506812,102067,14,Savings,2021-03-29,110872.79,Active
506813,101379,33,Savings,2023-04-28,16231.79,Active
506814,109347,24,Current,2020-09-01,192097.45,Active
506815,107711,3,Premium,2021-08-26,136860.35,Active
506816,105613,6,Premium,2019-08-17,178523.34,Active
506817,109401,6,Salary,2023-02-20,35707.57,Active
506818,105522,36,Savings,2025-08-13,92066.78,Active
506819,105633,26,Salary,2025-08-25,376025.97,Active
506820,100713,23,Savings,2024-12-07,323994.87,Active
506821,104561,37,Current,2020-12-21,60800.09,Active
506822,108145,17,Savings,2023-05-09,142299.61,Active
506823,107326,1,Salary,2018-06-07,31436.27,Active
506824,106368,38,Salary,2019-03-13,76793.77,Active
506825,108988,33,Premium,2023-11-08,108131.33,Active
506826,106065,39,Premium,2022-03-28,55511.37,Active
506827,108725,33,Savings,2021-01-20,340857.2,Active
506828,105105,9,Current,2025-03-09,51614.12,Active
506829,109015,27,Savings,2021-03-07,58180.08,Active
506830,109922,13,Savings,2020-07-01,210181.65,Active
506831,101524,7,Savings,2024-07-11,50809.41,Active
506832,101296,7,Current,2025-06-23,93408.29,Active
506833,101465,7,Premium,2023-02-14,29203.29,Active
506834,106044,34,Savings,2025-11-02,46553.65,Active
506835,106787,33,Salary,2022-07-20,36317.82,Closed
506836,107218,34,Savings,2021-07-07,344699.15,Active
506837,108506,6,Salary,2019-09-27,39450.37,Active
506838,103464,38,Salary,2020-01-24,92590.66,Active
506839,104641,1,Savings,2018-08-31,52526.62,Active
506840,105643,33,Savings,2022-10-19,57351.83,Closed
506841,108868,4,Savings,2020-12-15,542971.81,Active
506842,103475,7,Salary,2023-02-04,364246.3,Active
506843,101430,25,Salary,2022-06-14,36663.59,Active
506844,104213,24,Savings,2022-09-21,64246.93,Active
506845,108231,3,Premium,2024-02-09,49160.72,Active
506846,102105,35,Premium,2022-09-23,266009.26,Active
506847,102539,24,Current,2023-04-29,490588.11,Dormant
506848,108864,37,Savings,2019-11-25,91826.24,Active
506849,104544,13,Current,2024-10-19,16396.25,Dormant
506850,100599,35,Salary,2022-08-24,273528.12,Active
506851,107398,10,Premium,2022-01-08,42537.44,Active
506852,107399,31,Savings,2025-12-16,150059.07,Active
506853,103801,3,Savings,2018-07-16,241966.83,Dormant
506854,108330,26,Current,2024-07-23,286804.09,Active
506855,107172,8,Salary,2023-03-13,71177.31,Active
506856,105622,9,Salary,2017-04-13,275386.38,Active
506857,103941,16,Salary,2024-10-16,51721.88,Active
506858,109623,24,Savings,2018-04-24,665249.56,Dormant
506859,105711,34,Current,2021-01-10,46808.26,Dormant
506860,102089,33,Salary,2025-07-23,51022.54,Active
506861,103207,6,Salary,2020-05-09,10547.18,Active
506862,105388,10,Premium,2022-02-20,472812.49,Dormant
506863,109615,24,Savings,2024-07-15,524692.17,Active
506864,100300,9,Premium,2020-08-11,99492.64,Dormant
506865,101024,39,Salary,2025-12-15,115560.97,Active
506866,102819,39,Savings,2018-10-27,49015.84,Active
506867,102553,12,Savings,2017-04-24,58094.91,Active
506868,100316,1,Savings,2020-01-04,598203.35,Active
506869,100536,12,Salary,2020-04-08,91182.34,Active
506870,101853,13,Savings,2018-01-08,48618.51,Active
506871,102020,6,Current,2025-03-30,21436.11,Closed
506872,105989,3,Premium,2023-05-30,168022.98,Active
506873,104191,1,Savings,2019-10-10,109953.61,Active
506874,109605,11,Salary,2021-08-13,75063.84,Active
506875,105529,17,Savings,2017-11-01,44934.24,Closed
506876,104467,32,Savings,2025-04-14,8406.43,Active
506877,108758,39,Current,2020-01-08,24225.45,Dormant
506878,103776,16,Savings,2023-08-29,59931.65,Closed
506879,101732,4,Savings,2025-11-03,53829.69,Active
506880,105834,39,Savings,2025-10-12,200513.16,Active
506881,107780,25,Savings,2022-09-19,61576.26,Active
506882,105020,39,Savings,2019-07-18,174480.62,Active
506883,104459,20,Current,2025-04-19,356334.95,Active
506884,102892,19,Savings,2020-02-28,350438.28,Active
506885,105574,21,Current,2021-02-06,136412.51,Active
506886,100228,36,Savings,2018-03-14,88047.27,Dormant
506887,104935,8,Savings,2024-02-23,134758.25,Active
506888,100571,21,Savings,2019-10-17,12019.47,Active
506889,109186,34,Salary,2020-03-27,91772.66,Active
506890,101391,16,Salary,2019-07-19,158521.88,Active
506891,106207,4,Savings,2026-01-13,130006.03,Active
506892,105285,20,Salary,2017-08-29,273398.86,Active
506893,104789,23,Premium,2021-08-15,140150.49,Dormant
506894,107481,22,Premium,2017-06-13,217723.55,Active
506895,101428,29,Salary,2017-01-16,101458.06,Active
506896,109611,18,Salary,2023-12-30,378908.92,Active
506897,100514,7,Current,2022-06-11,55688.35,Active
506898,106279,24,Savings,2021-06-22,183690.89,Active
506899,102577,28,Current,2019-12-10,162385.88,Dormant
506900,105602,6,Salary,2022-04-25,63977.78,Active
506901,104558,27,Salary,2021-11-22,106597.08,Closed
506902,108288,33,Premium,2022-01-07,395268.75,Closed
506903,109684,11,Current,2022-03-03,61845.03,Active
506904,103729,7,Savings,2017-11-13,142821.74,Active
506905,103642,18,Salary,2017-04-17,29996.57,Active
506906,102632,20,Savings,2019-11-13,41205.03,Active
506907,104425,33,Current,2024-03-19,162943.88,Active
506908,106881,39,Savings,2022-05-06,362892.32,Active
506909,104911,18,Current,2024-04-11,74391.71,Active
506910,102288,40,Savings,2025-05-30,249496.31,Active
506911,105210,30,Savings,2018-01-19,100608.47,Active
506912,107293,32,Salary,2023-07-06,120184.72,Active
506913,102221,11,Salary,2025-11-07,7739.16,Active
506914,102762,12,Current,2018-09-28,301907.16,Dormant
506915,104320,38,Premium,2020-01-15,14948.48,Active
506916,108137,39,Savings,2019-06-11,229860.87,Active
506917,105386,1,Salary,2017-02-03,31029.12,Active
506918,100438,32,Savings,2024-09-21,81720.31,Active
506919,109349,22,Salary,2021-02-20,23468.29,Active
506920,105768,35,Savings,2021-09-12,40954.39,Dormant
506921,106526,17,Savings,2025-08-07,100336.83,Active
506922,103383,31,Current,2017-05-06,53522.03,Active
506923,102730,6,Current,2019-10-21,53321.37,Active
506924,101250,31,Salary,2023-11-03,62244.71,Dormant
506925,100790,27,Savings,2019-07-21,103489.27,Active
506926,102969,40,Salary,2018-07-08,93589.82,Active
506927,106471,8,Savings,2020-12-02,80208.64,Active
506928,102267,38,Savings,2023-11-18,87020.21,Active
506929,102529,33,Savings,2018-01-18,142656.07,Active
506930,109081,23,Savings,2024-02-02,144458.27,Active
506931,103419,22,Salary,2023-02-13,538616.69,Active
506932,102092,12,Salary,2020-03-05,50061.96,Active
506933,107831,36,Current,2024-08-24,123699.61,Closed
506934,106396,20,Current,2025-04-24,33561.9,Active
506935,107228,21,Savings,2019-07-11,190876.42,Active
506936,106274,15,Current,2021-02-12,15281.47,Active
506937,100806,4,Current,2023-05-09,266378.41,Active
506938,103856,34,Premium,2023-07-14,370331.15,Active
506939,100094,35,Savings,2021-12-30,41120.96,Active
506940,102932,31,Savings,2024-03-18,149732.63,Active
506941,105622,35,Savings,2023-01-16,37930.8,Active
506942,107479,35,Current,2024-03-08,246721.76,Active
506943,108477,16,Savings,2019-07-30,239311.95,Active
506944,106583,13,Savings,2020-06-27,189874.69,Active
506945,107715,28,Salary,2025-06-04,347685.39,Active
506946,103530,23,Salary,2024-08-20,135200.12,Active
506947,106921,35,Premium,2024-03-09,62257.09,Active
506948,107765,36,Salary,2020-09-04,50290.25,Active
506949,109690,17,Savings,2022-04-05,85947.62,Active
506950,102683,10,Savings,2019-08-10,100065.8,Active
506951,100018,23,Savings,2025-11-20,198232.3,Active
506952,109743,19,Salary,2022-09-15,163154.3,Active
506953,108940,11,Savings,2024-03-18,576934.81,Active
506954,102846,16,Savings,2020-06-11,40065.63,Active
506955,107329,17,Savings,2018-01-23,365945.67,Active
506956,102972,10,Savings,2024-02-23,27364.12,Active
506957,108156,27,Savings,2020-07-04,7953.06,Dormant
506958,104830,30,Current,2019-06-13,211273.8,Active
506959,109575,40,Savings,2018-07-30,54125.62,Active
506960,106655,27,Savings,2019-10-07,282403.38,Active
506961,109142,10,Salary,2018-05-08,15001.58,Active
506962,107115,12,Savings,2017-02-19,15347.93,Active
506963,102397,36,Premium,2024-04-02,275871.3,Active
506964,100334,34,Salary,2019-01-20,150834.47,Active
506965,106188,39,Savings,2025-07-09,70949.3,Active
506966,106007,28,Current,2020-05-01,632078.62,Active
506967,107386,23,Current,2024-11-17,85510.56,Active
506968,101152,7,Premium,2019-03-24,15027.24,Dormant
506969,104379,36,Savings,2020-04-01,71925.67,Active
506970,106608,30,Savings,2024-12-07,202961.1,Dormant
506971,100066,3,Salary,2024-11-21,243162.53,Active
506972,102326,13,Current,2021-02-28,30349.77,Active
506973,107382,27,Savings,2022-04-28,186835.56,Active
506974,101169,40,Savings,2018-02-05,187977.83,Active
506975,105716,35,Savings,2022-06-10,295305.52,Active
506976,106806,15,Savings,2022-07-17,22997.93,Active
506977,109249,3,Salary,2024-01-26,19810.18,Active
506978,109557,31,Savings,2020-05-27,29168.42,Active
506979,100061,35,Savings,2019-08-19,117396.77,Active
506980,109884,29,Salary,2022-07-11,359720.23,Active
506981,108669,15,Savings,2021-04-17,219962.47,Active
506982,101994,30,Savings,2017-07-31,72488.21,Active
506983,109245,6,Savings,2020-12-17,132084.48,Active
506984,100134,30,Current,2025-09-25,11486.54,Active
506985,107164,3,Current,2023-04-11,96109.96,Active
506986,108197,2,Premium,2021-10-22,679279.07,Active
506987,108987,28,Current,2017-05-10,64885.71,Active
506988,105684,13,Salary,2017-02-22,28475.54,Active
506989,105284,29,Salary,2020-01-12,113756.87,Dormant
506990,103236,30,Savings,2021-11-16,128617.04,Active
506991,102669,18,Current,2022-01-15,135425.67,Active
506992,106158,25,Current,2020-08-27,317362.84,Active
506993,100303,14,Savings,2023-09-30,49071.8,Active
506994,105678,11,Savings,2020-10-26,158654.56,Active
506995,105520,29,Savings,2019-11-02,195119.08,Active
506996,104117,39,Current,2018-10-21,121561.35,Closed
506997,103015,30,Current,2019-06-09,87709.02,Dormant
506998,103300,36,Savings,2023-01-07,118323.7,Active
506999,100316,2,Savings,2021-12-24,82426.75,Active
507000,103065,32,Salary,2019-10-04,66538.17,Active
507001,102578,25,Savings,2023-02-14,78572.69,Active
507002,109100,33,Premium,2022-11-28,41394.78,Active
507003,101157,38,Savings,2023-10-23,63762.69,Active
507004,107357,30,Salary,2022-09-17,294333.41,Active
507005,101622,15,Savings,2024-01-03,51537.0,Active
507006,106485,16,Savings,2024-02-21,113158.62,Active
507007,100918,19,Salary,2021-08-07,1336085.55,Active
507008,107530,17,Salary,2021-04-05,101971.66,Active
507009,101048,2,Savings,2017-09-19,37608.14,Active
507010,102671,40,Current,2025-10-18,93190.88,Active
507011,102462,18,Savings,2024-02-09,213788.11,Active
507012,108351,1,Savings,2019-09-17,212544.25,Active
507013,105207,13,Salary,2025-02-08,202386.88,Active
507014,109634,29,Current,2020-05-15,300960.8,Active
507015,103467,6,Savings,2017-02-09,104831.76,Active
507016,109167,3,Savings,2020-07-09,67931.22,Active
507017,107318,14,Premium,2022-11-02,52317.29,Active
507018,106999,39,Salary,2022-05-04,32447.76,Active
507019,102611,21,Salary,2023-06-24,101064.76,Active
507020,108934,32,Savings,2019-12-07,76748.25,Active
507021,101784,19,Savings,2021-08-24,130519.19,Active
507022,102597,22,Salary,2024-08-29,25577.11,Active
507023,103869,16,Current,2024-07-21,51055.2,Active
507024,105444,30,Savings,2023-01-24,309320.64,Active
507025,103406,37,Salary,2018-05-14,15627.34,Active
507026,104694,14,Savings,2024-09-22,72120.89,Active
507027,107960,1,Savings,2023-01-27,10929.43,Dormant
507028,108324,21,Salary,2025-10-10,126307.52,Active
507029,106430,29,Premium,2019-08-22,94696.49,Active
507030,100091,23,Savings,2022-12-29,38591.2,Active
507031,102221,21,Salary,2024-10-16,86331.17,Active
507032,107931,40,Savings,2021-04-25,8617.0,Dormant
507033,103509,15,Savings,2023-09-12,248044.21,Active
507034,100965,20,Savings,2025-11-20,21646.25,Active
507035,101269,8,Savings,2017-12-06,491323.31,Active
507036,101304,34,Savings,2024-08-13,358138.2,Active
507037,102732,26,Salary,2023-11-28,36417.17,Active
507038,102436,36,Current,2022-12-13,11620.1,Active
507039,103313,12,Salary,2025-09-20,232816.22,Active
507040,102401,31,Current,2022-02-22,19040.91,Active
507041,105446,36,Savings,2025-06-28,470852.57,Active
507042,101840,32,Salary,2021-06-07,336115.94,Closed
507043,100839,23,Salary,2023-02-12,30477.68,Active
507044,109545,22,Salary,2024-12-15,200100.5,Dormant
507045,106228,35,Salary,2019-06-12,250005.74,Closed
507046,109052,14,Savings,2017-12-17,97776.96,Active
507047,100848,31,Premium,2021-12-18,306912.28,Dormant
507048,104505,4,Savings,2017-03-06,27167.11,Active
507049,109336,2,Savings,2019-07-24,166865.07,Dormant
507050,105855,32,Savings,2022-09-19,97418.19,Active
507051,107303,3,Salary,2017-12-24,52024.43,Dormant
507052,101796,1,Savings,2022-05-29,72032.18,Active
507053,109310,24,Savings,2019-07-06,32553.57,Active
507054,104483,22,Current,2020-03-30,7521.48,Active
507055,100142,39,Savings,2020-03-07,35739.25,Active
507056,106809,33,Premium,2021-07-02,19223.78,Active
507057,100132,14,Savings,2020-08-16,36133.33,Active
507058,104690,37,Savings,2025-01-31,23641.25,Active
507059,104743,17,Savings,2019-06-23,180764.66,Active
507060,103475,6,Salary,2024-07-22,44764.13,Active
507061,100182,9,Savings,2017-10-04,87641.04,Active
507062,108466,25,Savings,2022-04-16,90230.66,Dormant
507063,101276,3,Savings,2019-09-21,14547.36,Active
507064,102190,1,Salary,2021-05-06,487654.15,Dormant
507065,107119,22,Savings,2025-04-10,130526.63,Active
507066,108235,26,Salary,2022-04-26,244740.13,Active
507067,109904,36,Salary,2023-12-25,75359.87,Active
507068,107502,16,Savings,2024-04-17,604508.92,Active
507069,108008,15,Savings,2019-04-03,26509.0,Active
507070,109883,5,Savings,2025-08-23,52475.68,Active
507071,107315,1,Current,2018-12-01,71089.04,Active
507072,108606,35,Savings,2020-11-19,69333.4,Active
507073,107192,18,Savings,2021-07-27,42212.71,Active
507074,100003,23,Savings,2020-06-01,94294.94,Active
507075,108993,11,Savings,2021-10-06,43396.46,Active
507076,106445,2,Savings,2022-04-04,89871.96,Active
507077,104777,25,Savings,2020-01-05,264838.79,Active
507078,107533,15,Savings,2017-11-16,78853.07,Active
507079,105209,10,Salary,2017-06-27,113457.45,Active
507080,104528,32,Premium,2023-08-04,31421.02,Active
507081,101980,20,Current,2025-12-05,44592.51,Dormant
507082,107668,34,Current,2024-02-04,46503.48,Active
507083,107062,14,Savings,2018-04-15,108667.37,Active
507084,103788,16,Savings,2024-04-09,1856.52,Active
507085,107424,34,Salary,2021-07-28,40116.97,Active
507086,105488,21,Savings,2020-11-29,159603.19,Active
507087,100239,29,Savings,2025-03-13,126566.08,Active
507088,105633,19,Premium,2025-06-29,18674.44,Active
507089,107266,14,Savings,2021-04-19,12760.86,Active
507090,103243,2,Premium,2024-07-29,51499.78,Active
507091,107324,13,Savings,2021-09-15,58303.67,Active
507092,104789,40,Savings,2019-01-01,156325.81,Active
507093,102828,32,Current,2021-07-08,35099.26,Active
507094,105381,27,Savings,2019-03-06,53360.37,Active
507095,100476,2,Salary,2023-09-14,406534.77,Active
507096,102160,34,Savings,2023-04-16,16288.81,Active
507097,101847,8,Salary,2023-02-03,24726.38,Active
507098,109449,5,Current,2022-07-26,345259.44,Active
507099,106690,33,Current,2023-04-15,21870.92,Active
507100,104943,39,Salary,2017-11-13,101066.79,Active
507101,102481,28,Savings,2019-09-29,60670.61,Active
507102,103483,9,Salary,2025-08-16,219246.91,Closed
507103,107485,30,Savings,2020-02-04,206538.14,Active
507104,105119,24,Savings,2022-09-14,165260.43,Active
507105,104441,1,Salary,2021-03-22,411830.12,Active
507106,105085,37,Premium,2020-04-30,31623.01,Active
507107,107104,5,Current,2024-02-24,32670.9,Active
507108,101125,2,Savings,2025-10-23,262234.35,Active
507109,102268,4,Savings,2017-01-23,93294.78,Active
507110,108059,20,Savings,2019-06-14,274730.61,Active
507111,108080,39,Salary,2021-07-04,88362.7,Active
507112,100077,37,Current,2022-08-18,580482.73,Active
507113,108366,33,Current,2023-10-19,33694.72,Active
507114,109446,27,Savings,2024-06-17,96169.54,Active
507115,101358,24,Savings,2022-01-14,17585.4,Active
507116,105406,26,Savings,2018-10-16,47223.34,Active
507117,105482,13,Salary,2024-06-18,17120.31,Active
507118,103421,29,Current,2020-06-12,53596.88,Active
507119,105212,39,Savings,2024-09-29,196256.42,Active
507120,101964,32,Current,2018-10-19,90323.77,Active
507121,106440,2,Savings,2023-03-01,53660.82,Active
507122,100158,10,Current,2018-01-24,77588.17,Active
507123,109508,35,Savings,2024-09-07,584878.88,Active
507124,104723,10,Savings,2023-07-08,42630.43,Active
507125,108039,33,Savings,2019-05-24,119100.68,Active
507126,102091,28,Premium,2019-12-02,408712.32,Active
507127,109920,2,Current,2019-10-20,57152.72,Active
507128,104710,3,Savings,2021-12-10,111695.45,Active
507129,105022,32,Premium,2018-04-19,422684.98,Active
507130,106142,1,Savings,2018-11-23,110991.07,Active
507131,103396,13,Premium,2019-10-10,117417.09,Active
507132,103912,20,Savings,2022-08-09,68259.02,Active
507133,109873,10,Savings,2023-08-27,449983.05,Active
507134,107027,4,Salary,2019-07-28,112780.43,Active
507135,106311,20,Premium,2025-12-30,130343.03,Active
507136,103652,10,Current,2020-02-08,507174.29,Active
507137,107328,6,Salary,2019-01-18,296258.08,Active
507138,106546,8,Current,2022-11-18,1036849.24,Dormant
507139,104867,12,Salary,2018-10-24,550362.61,Closed
507140,106414,12,Salary,2020-04-27,168500.41,Active
507141,102077,1,Savings,2021-03-10,28489.75,Active
507142,109645,31,Salary,2020-09-14,163839.09,Active
507143,102926,8,Savings,2022-06-28,27196.82,Active
507144,107846,10,Savings,2024-01-14,79046.07,Active
507145,106385,25,Salary,2023-09-28,138066.33,Active
507146,108713,36,Premium,2023-01-20,56763.28,Active
507147,100251,30,Current,2018-10-18,106123.36,Active
507148,102678,28,Savings,2021-07-19,27407.08,Active
507149,101600,20,Savings,2020-09-07,358159.76,Active
507150,101611,12,Savings,2023-04-28,54976.06,Active
507151,109123,2,Current,2017-11-20,167544.92,Active
507152,109040,15,Premium,2017-12-01,68064.54,Active
507153,105700,12,Savings,2019-11-28,404898.32,Active
507154,106472,11,Savings,2023-04-25,323345.7,Closed
507155,105686,15,Savings,2017-09-03,18951.54,Active
507156,109000,5,Savings,2019-08-18,117409.93,Active
507157,102993,6,Premium,2021-07-12,36905.13,Active
507158,104692,21,Savings,2017-08-28,409562.24,Active
507159,102777,29,Savings,2024-02-21,24142.25,Active
507160,101045,22,Salary,2021-03-29,20909.55,Active
507161,108187,26,Salary,2025-10-08,139648.29,Active
507162,102776,6,Savings,2025-02-02,220762.86,Active
507163,107639,9,Current,2022-07-01,60625.66,Active
507164,109223,16,Savings,2019-06-14,31823.78,Active
507165,108705,31,Current,2017-05-08,194439.88,Active
507166,108778,18,Premium,2023-12-06,216833.26,Active
507167,102518,25,Salary,2017-09-11,22804.18,Active
507168,103452,6,Savings,2022-02-08,103502.84,Active
507169,104004,9,Savings,2025-06-07,105095.01,Active
507170,106839,22,Savings,2025-03-20,116570.94,Active
507171,103790,11,Savings,2021-05-28,104721.87,Active
507172,104766,33,Salary,2019-07-04,27126.64,Active
507173,101208,35,Savings,2023-09-30,449986.24,Active
507174,108166,1,Savings,2021-11-17,34262.85,Active
507175,104982,25,Savings,2025-05-14,1047954.43,Dormant
507176,102116,20,Salary,2023-02-26,241768.76,Active
507177,105477,39,Savings,2021-06-19,224425.43,Active
507178,105184,3,Salary,2019-06-30,26976.37,Active
507179,105620,16,Savings,2021-04-05,57581.16,Active
507180,108434,32,Savings,2019-05-28,131153.57,Active
507181,100396,24,Savings,2017-11-14,116601.83,Active
507182,101507,23,Current,2017-11-22,27634.0,Active
507183,109751,36,Savings,2025-08-16,154334.72,Active
507184,100218,30,Salary,2025-05-03,165091.09,Active
507185,108475,23,Salary,2017-01-07,83128.04,Active
507186,104606,21,Current,2019-02-28,132217.65,Active
507187,102398,28,Current,2023-02-16,111356.0,Active
507188,109510,2,Salary,2020-12-05,93052.17,Active
507189,106047,31,Salary,2024-09-27,20797.07,Active
507190,102919,20,Salary,2021-08-15,90224.86,Active
507191,108970,32,Savings,2023-02-10,12736.43,Active
507192,101700,1,Savings,2021-05-06,250879.48,Dormant
507193,104764,19,Salary,2019-02-09,73188.71,Active
507194,107356,9,Savings,2025-06-10,41975.4,Active
507195,104260,36,Current,2023-06-29,133483.73,Dormant
507196,102800,33,Current,2024-10-19,39613.75,Active
507197,108135,20,Current,2025-09-16,75622.64,Active
507198,109344,32,Savings,2024-05-22,54629.27,Active
507199,109083,17,Savings,2020-03-05,930919.01,Active
507200,104089,11,Savings,2021-03-08,25373.44,Active
507201,104971,38,Savings,2024-11-25,3647.51,Active
507202,104882,33,Premium,2022-04-22,88635.73,Dormant
507203,106240,22,Savings,2020-09-18,78159.45,Active
507204,103781,11,Salary,2022-03-20,31164.0,Active
507205,108198,25,Premium,2024-03-12,11780.83,Active
507206,109629,38,Savings,2019-11-28,154186.1,Active
507207,109102,32,Savings,2020-03-07,475647.11,Active
507208,106290,29,Savings,2025-02-16,13046.71,Active
507209,107879,5,Salary,2018-01-25,58107.58,Active
507210,109384,4,Premium,2023-09-02,69037.13,Dormant
507211,106673,20,Savings,2020-11-21,69384.49,Active
507212,103565,28,Savings,2025-04-29,77660.77,Active
507213,100425,8,Salary,2024-04-11,59812.54,Active
507214,104566,27,Salary,2018-02-18,519459.47,Active
507215,106954,37,Current,2023-01-07,25675.67,Active
507216,102507,27,Savings,2021-04-29,116329.41,Active
507217,100274,4,Salary,2017-10-10,110282.59,Active
507218,105692,28,Current,2025-06-14,163258.87,Active
507219,107007,21,Salary,2024-06-28,155552.97,Active
507220,107409,22,Savings,2019-07-23,107867.89,Active
507221,108572,31,Current,2019-09-12,49014.61,Active
507222,107578,40,Savings,2018-04-23,31268.64,Active
507223,104867,7,Current,2019-05-05,25170.52,Active
507224,105560,21,Savings,2024-01-25,35943.39,Closed
507225,105631,8,Savings,2022-09-11,75714.84,Active
507226,100121,13,Salary,2019-07-20,37092.27,Active
507227,105278,29,Current,2018-06-18,182566.91,Active
507228,107692,36,Savings,2021-01-03,108076.23,Active
507229,102791,11,Savings,2020-04-16,25342.29,Closed
507230,105373,19,Current,2022-01-07,39885.21,Active
507231,107360,18,Premium,2023-06-17,51377.11,Active
507232,105564,16,Premium,2020-02-22,43526.08,Active
507233,103665,7,Salary,2025-09-28,345235.6,Active
507234,106202,10,Premium,2023-08-24,50743.71,Active
507235,100268,25,Savings,2018-10-17,391205.88,Active
507236,101151,15,Savings,2020-12-31,17553.66,Dormant
507237,100834,6,Salary,2020-01-13,16790.5,Active
507238,105402,37,Premium,2018-08-18,76850.1,Active
507239,102822,9,Savings,2023-06-02,70757.33,Active
507240,106922,17,Savings,2021-01-18,57851.83,Dormant
507241,108704,16,Savings,2019-04-05,65914.68,Active
507242,101786,17,Savings,2021-09-02,171257.65,Active
507243,105699,25,Current,2021-05-06,116585.86,Active
507244,109575,25,Savings,2018-03-08,913445.75,Active
507245,109760,11,Premium,2021-05-26,23179.76,Active
507246,108732,13,Savings,2017-01-17,182032.01,Active
507247,103744,23,Salary,2022-04-23,68412.77,Active
507248,101169,40,Savings,2021-08-25,50251.49,Active
507249,101740,39,Savings,2021-05-02,96902.49,Active
507250,101679,21,Savings,2023-06-17,17146.38,Active
507251,109110,28,Current,2024-11-20,214807.23,Active
507252,106351,30,Salary,2018-09-09,44296.96,Active
507253,101047,14,Salary,2022-11-18,42984.14,Active
507254,104591,15,Savings,2019-11-30,36508.92,Active
507255,102331,20,Savings,2018-10-22,55732.57,Active
507256,109867,2,Savings,2021-04-23,18342.85,Dormant
507257,105169,37,Savings,2019-09-17,276662.49,Active
507258,100719,26,Salary,2020-04-13,24105.34,Active
507259,102771,19,Savings,2025-01-22,169503.9,Active
507260,105082,20,Savings,2021-08-21,166057.39,Dormant
507261,109480,14,Savings,2023-12-24,22980.6,Active
507262,100487,30,Current,2025-02-03,66944.85,Active
507263,101458,7,Salary,2019-10-02,290916.92,Active
507264,104531,40,Savings,2019-05-03,29747.39,Active
507265,103253,6,Savings,2019-12-06,129815.21,Active
507266,102541,38,Salary,2022-05-04,85055.06,Active
507267,102268,26,Savings,2021-12-27,138300.18,Closed
507268,103849,17,Savings,2020-09-27,86064.22,Active
507269,107827,11,Salary,2024-12-10,50534.84,Active
507270,101699,28,Salary,2017-03-19,65089.49,Active
507271,107266,35,Savings,2025-07-08,64104.04,Active
507272,109921,7,Savings,2021-04-04,97094.76,Active
507273,100578,2,Current,2019-01-25,94324.83,Active
507274,104935,35,Savings,2023-10-06,22098.93,Active
507275,109751,5,Savings,2021-11-17,26664.61,Active
507276,100017,32,Savings,2024-03-05,131917.02,Active
507277,106323,33,Savings,2017-11-28,127953.5,Active
507278,103317,38,Salary,2020-10-02,121593.47,Active
507279,102383,37,Premium,2025-10-18,8493.22,Active
507280,101593,17,Salary,2020-07-20,222442.19,Active
507281,108671,22,Current,2025-11-21,453326.98,Active
507282,103547,40,Current,2024-06-16,85471.2,Dormant
507283,108141,2,Current,2020-02-14,28401.42,Active
507284,102676,9,Salary,2023-02-17,81096.08,Active
507285,104319,24,Salary,2025-06-30,97968.66,Active
507286,103965,21,Savings,2022-08-25,138877.81,Active
507287,102753,31,Current,2017-03-17,17058.12,Active
507288,106918,31,Salary,2018-08-14,17405.11,Active
507289,104855,21,Savings,2025-05-03,177579.54,Active
507290,103893,33,Salary,2022-02-24,163570.16,Active
507291,106425,11,Premium,2025-11-15,37113.47,Dormant
507292,104482,28,Current,2025-02-02,35379.83,Active
507293,108762,10,Savings,2024-11-21,95696.09,Active
507294,102006,33,Savings,2020-09-10,72126.69,Active
507295,104216,17,Savings,2019-09-07,97847.28,Active
507296,104079,39,Savings,2021-04-09,67357.78,Active
507297,104489,2,Savings,2019-01-15,297198.43,Active
507298,105921,2,Current,2019-04-16,127627.52,Active
507299,106457,23,Savings,2020-04-09,259070.74,Active
507300,103096,38,Savings,2022-05-17,36315.3,Active
507301,101255,31,Savings,2022-08-22,236095.61,Active
507302,107747,40,Savings,2019-02-21,246040.8,Active
507303,102395,27,Savings,2017-11-04,27831.88,Active
507304,102124,19,Current,2017-02-02,109931.14,Active
507305,104450,8,Salary,2020-11-30,219068.1,Active
507306,101743,23,Savings,2023-09-12,21439.55,Active
507307,104434,16,Current,2019-10-31,104244.1,Active
507308,104826,1,Current,2024-05-05,28298.47,Dormant
507309,103630,26,Salary,2020-10-22,56959.74,Active
507310,108941,18,Premium,2021-01-06,86366.0,Active
507311,107401,24,Current,2025-04-20,23195.29,Active
507312,104642,31,Savings,2021-12-08,58403.27,Active
507313,108530,12,Savings,2019-06-09,91755.99,Active
507314,105050,23,Salary,2018-09-21,434732.48,Active
507315,108129,21,Savings,2022-12-03,31779.41,Active
507316,102862,33,Savings,2022-06-19,249717.98,Active
507317,103660,3,Current,2019-04-26,94432.19,Active
507318,109014,31,Savings,2021-07-08,229967.6,Active
507319,101001,27,Savings,2023-11-19,99628.12,Active
507320,100909,34,Savings,2020-08-16,93476.93,Dormant
507321,100002,24,Savings,2022-05-10,16927.61,Active
507322,107623,37,Savings,2017-06-05,83110.77,Active
507323,109129,11,Savings,2017-06-02,192019.51,Active
507324,105379,12,Current,2025-10-22,105656.97,Active
507325,109331,30,Current,2024-08-25,30426.75,Dormant
507326,100544,17,Salary,2021-11-23,15810.61,Active
507327,108657,24,Savings,2021-06-20,137147.35,Active
507328,102924,11,Savings,2025-05-10,194418.89,Dormant
507329,108726,15,Current,2021-02-02,254070.23,Dormant
507330,107657,5,Savings,2025-12-06,72769.21,Active
507331,107520,7,Savings,2022-01-03,311836.66,Active
507332,106360,23,Current,2022-07-13,88665.51,Active
507333,109263,4,Premium,2017-08-30,560864.93,Active
507334,103507,1,Savings,2024-01-18,128838.52,Dormant
507335,109695,7,Savings,2020-07-07,6340.18,Active
507336,104653,39,Savings,2020-09-12,26362.29,Active
507337,105688,15,Salary,2025-09-29,4412.54,Active
507338,105339,16,Current,2020-04-03,18012.08,Active
507339,103710,34,Current,2023-02-25,73083.56,Active
507340,102884,4,Salary,2023-08-12,129421.44,Active
507341,101836,5,Savings,2020-09-13,581386.48,Active
507342,105829,7,Savings,2018-09-09,12654.66,Active
507343,104624,20,Salary,2024-05-13,133497.23,Active
507344,109138,6,Savings,2022-12-28,100945.93,Active
507345,100730,22,Salary,2019-05-28,62708.46,Active
507346,108964,13,Savings,2024-03-29,76059.24,Active
507347,108809,34,Savings,2020-06-02,42318.7,Active
507348,104179,2,Premium,2025-11-15,120328.83,Active
507349,109500,18,Savings,2022-08-24,193699.72,Active
507350,108198,13,Savings,2025-09-26,341565.6,Closed
507351,101537,12,Savings,2017-09-01,241666.67,Active
507352,109759,14,Savings,2017-06-22,221038.81,Active
507353,108757,19,Savings,2022-07-29,288786.85,Active
507354,109695,4,Savings,2018-07-31,333415.68,Active
507355,108717,4,Salary,2022-11-12,31194.53,Active
507356,107631,28,Current,2020-12-21,49432.39,Active
507357,101616,21,Savings,2020-06-03,56583.01,Active
507358,109090,35,Premium,2020-09-28,16195.23,Active
507359,101936,7,Savings,2024-01-11,52590.09,Active
507360,101094,3,Current,2025-03-07,243918.54,Active
507361,106789,7,Salary,2024-07-12,120099.75,Active
507362,104034,39,Savings,2020-04-09,158165.96,Active
507363,109748,17,Salary,2024-11-19,345781.62,Active
507364,105501,6,Savings,2023-04-26,116421.29,Active
507365,103611,2,Salary,2020-01-10,86032.84,Active
507366,102934,38,Savings,2022-10-29,212626.78,Active
507367,102991,14,Salary,2025-01-08,56535.84,Active
507368,103104,1,Savings,2023-09-10,161418.03,Closed
507369,106875,8,Savings,2021-10-14,27443.16,Active
507370,102342,12,Savings,2021-12-27,70285.9,Active
507371,108980,8,Current,2020-09-01,39627.1,Closed
507372,105913,23,Savings,2024-06-08,11514.81,Active
507373,101197,5,Savings,2018-04-20,89414.89,Active
507374,102647,2,Current,2023-06-27,78614.34,Active
507375,100245,13,Premium,2019-01-12,213971.63,Dormant
507376,109022,37,Savings,2022-02-26,83751.51,Active
507377,103258,27,Salary,2024-07-19,159199.58,Active
507378,104418,32,Salary,2023-05-17,19684.33,Active
507379,108712,9,Salary,2023-11-10,326872.97,Dormant
507380,103127,40,Savings,2025-01-10,93339.85,Active
507381,108231,39,Current,2023-08-12,483118.94,Active
507382,104938,31,Current,2018-10-11,113311.31,Active
507383,105766,34,Savings,2018-08-16,43128.0,Dormant
507384,106019,23,Current,2025-12-17,103889.7,Active
507385,105206,24,Savings,2025-08-13,99462.87,Active
507386,103938,21,Premium,2018-02-08,76178.11,Active
507387,107186,9,Salary,2025-04-08,592566.58,Dormant
507388,103286,11,Current,2025-04-07,228871.03,Active
507389,102968,33,Current,2021-11-08,15674.72,Active
507390,100409,22,Savings,2020-06-15,122530.7,Active
507391,102050,1,Savings,2020-10-01,113674.93,Active
507392,100904,10,Savings,2017-10-09,570787.8,Active
507393,102117,20,Salary,2021-08-08,44547.13,Active
507394,104159,7,Savings,2020-04-21,194086.5,Active
507395,101888,24,Salary,2023-03-07,102744.77,Active
507396,107943,8,Savings,2022-02-08,132567.29,Active
507397,102881,8,Current,2017-12-13,184192.89,Active
507398,103728,20,Savings,2018-08-14,15702.91,Active
507399,103971,3,Current,2017-07-08,40989.29,Active
507400,105947,13,Salary,2025-01-04,46297.3,Active
507401,101670,10,Current,2020-12-05,15508.32,Active
507402,104693,10,Premium,2022-08-30,120206.3,Dormant
507403,103850,28,Current,2018-07-09,140982.07,Active
507404,102385,14,Salary,2021-05-18,229985.53,Active
507405,107639,20,Premium,2022-09-08,24647.94,Active
507406,109493,18,Current,2023-01-26,249019.99,Active
507407,106352,2,Salary,2018-05-25,183252.22,Active
507408,106522,7,Current,2019-12-08,120019.97,Active
507409,108710,1,Savings,2020-01-23,152305.71,Active
507410,100455,13,Savings,2018-10-02,54900.53,Active
507411,105128,7,Savings,2019-04-08,150980.26,Dormant
507412,108042,22,Savings,2018-10-25,66605.5,Active
507413,107835,24,Savings,2024-09-18,45169.34,Active
507414,106243,9,Salary,2020-03-06,47077.95,Dormant
507415,109866,5,Savings,2023-02-14,86779.88,Active
507416,100519,13,Current,2023-05-04,50972.15,Active
507417,101915,1,Savings,2023-07-25,44995.83,Active
507418,100858,21,Salary,2022-07-05,614447.3,Active
507419,102024,2,Salary,2023-11-09,84724.5,Closed
507420,100627,27,Savings,2018-03-08,59825.46,Active
507421,105121,35,Savings,2024-03-24,28211.45,Active
507422,101302,13,Current,2022-04-11,47104.64,Active
507423,102538,18,Savings,2023-01-20,32756.19,Active
507424,109856,4,Current,2022-08-09,26743.33,Active
507425,108367,32,Premium,2023-07-27,29712.77,Active
507426,105557,5,Current,2019-12-16,410724.91,Active
507427,103479,5,Savings,2022-08-01,46734.99,Active
507428,104548,20,Savings,2018-01-20,92434.6,Active
507429,105371,30,Savings,2024-10-26,84437.43,Active
507430,105813,11,Current,2024-10-05,186673.37,Active
507431,101299,29,Salary,2020-01-26,95581.48,Active
507432,102197,38,Savings,2024-01-04,422177.82,Active
507433,109684,35,Savings,2022-02-16,65901.4,Active
507434,102232,1,Savings,2023-09-05,47268.08,Active
507435,102467,7,Savings,2019-05-09,284946.0,Active
507436,109083,7,Premium,2020-11-17,37464.69,Active
507437,103059,34,Savings,2023-09-30,161181.06,Active
507438,103007,38,Current,2018-09-02,150949.53,Active
507439,103867,1,Salary,2020-12-21,28597.25,Dormant
507440,106973,29,Salary,2021-08-10,67799.26,Active
507441,109618,2,Savings,2020-07-14,21090.09,Active
507442,106068,6,Premium,2022-12-12,333332.05,Active
507443,108878,6,Salary,2021-04-20,18649.55,Active
507444,106952,1,Current,2018-07-03,93783.22,Active
507445,109075,38,Savings,2024-03-23,89562.75,Active
507446,105739,35,Salary,2025-06-07,69608.76,Active
507447,109295,20,Current,2018-02-17,315567.01,Active
507448,105656,16,Savings,2019-05-15,30213.02,Active
507449,103494,12,Current,2019-03-05,44468.0,Active
507450,103473,15,Salary,2021-05-31,49155.34,Active
507451,104989,6,Savings,2025-07-02,88729.8,Active
507452,104377,9,Savings,2024-06-06,46241.56,Active
507453,100470,10,Savings,2023-03-06,112827.18,Active
507454,107939,33,Savings,2018-02-09,36783.94,Active
507455,109218,18,Savings,2022-06-13,262381.32,Active
507456,104359,26,Savings,2022-06-14,37632.66,Active
507457,106503,26,Current,2025-03-31,40323.12,Active
507458,105840,16,Savings,2020-03-11,22761.25,Active
507459,105093,31,Current,2021-10-12,136581.6,Active
507460,105488,16,Salary,2018-06-29,90050.12,Active
507461,107839,22,Savings,2019-02-08,236062.31,Dormant
507462,102143,8,Current,2017-07-15,72478.04,Active
507463,104036,38,Current,2022-12-19,24790.72,Active
507464,102553,21,Salary,2017-06-29,16924.75,Closed
507465,104984,11,Current,2019-03-16,71185.67,Dormant
507466,100624,33,Current,2021-07-28,65792.69,Active
507467,106492,12,Current,2024-03-13,42040.07,Active
507468,103047,37,Current,2017-02-07,53698.45,Active
507469,109221,25,Premium,2017-07-28,83664.84,Active
507470,104343,19,Savings,2017-09-11,45056.97,Active
507471,108716,18,Current,2023-11-22,71961.58,Active
507472,108896,32,Current,2018-12-27,325028.48,Active
507473,101690,38,Savings,2025-08-01,33386.8,Active
507474,108334,7,Premium,2022-03-27,162025.51,Active
507475,106471,26,Savings,2017-07-27,11406.06,Active
507476,105513,33,Salary,2020-01-16,111974.52,Active
507477,106320,6,Savings,2024-12-23,104997.98,Active
507478,105272,2,Savings,2018-02-08,192672.91,Active
507479,101064,33,Savings,2020-08-10,51126.78,Active
507480,104095,5,Salary,2022-08-14,65204.26,Active
507481,103434,25,Salary,2020-04-08,194478.97,Active
507482,107548,32,Current,2017-12-16,379820.48,Active
507483,101475,16,Savings,2025-12-25,180729.62,Active
507484,107670,3,Current,2018-12-09,60106.74,Active
507485,105183,29,Salary,2025-12-08,10839.68,Active
507486,109646,14,Savings,2017-02-20,50931.86,Active
507487,103503,24,Salary,2025-10-28,14227.46,Active
507488,102491,7,Current,2022-09-04,67087.97,Active
507489,101259,39,Savings,2024-12-28,71040.89,Dormant
507490,100643,22,Current,2018-02-18,276404.22,Active
507491,109693,31,Savings,2025-06-08,13851.54,Closed
507492,104943,9,Current,2026-01-13,141518.18,Dormant
507493,104324,30,Current,2025-12-15,28755.85,Closed
507494,104819,1,Savings,2020-10-02,64918.73,Active
507495,104479,4,Salary,2020-08-22,104481.93,Active
507496,102848,40,Savings,2022-08-02,200838.15,Active
507497,107478,36,Current,2020-02-14,126597.95,Active
507498,108466,17,Premium,2019-06-27,84943.96,Active
507499,101336,32,Salary,2025-09-15,70018.7,Active
507500,100287,19,Premium,2017-04-27,47094.15,Active
507501,107560,9,Savings,2019-10-08,152687.96,Active
507502,107041,9,Savings,2023-12-18,237074.5,Active
507503,106480,22,Savings,2018-08-17,33212.48,Active
507504,102809,1,Current,2024-03-04,72372.88,Active
507505,104209,18,Current,2023-11-21,368961.61,Active
507506,100928,15,Salary,2018-02-28,105651.89,Active
507507,109824,1,Savings,2019-05-02,320952.53,Active
507508,100982,30,Savings,2022-06-19,148202.78,Active
507509,100615,25,Current,2018-01-26,16952.44,Active
507510,102182,17,Savings,2017-01-02,38782.36,Active
507511,109793,5,Current,2017-04-17,85480.52,Active
507512,100207,25,Salary,2024-11-01,88834.77,Closed
507513,107097,3,Savings,2022-05-13,369645.44,Active
507514,105260,9,Savings,2019-10-31,345815.93,Active
507515,106567,40,Savings,2022-04-07,20940.47,Active
507516,103079,7,Savings,2023-07-15,90257.67,Active
507517,102625,17,Savings,2017-11-17,275475.55,Active
507518,109626,8,Savings,2024-03-11,81981.54,Active
507519,107550,17,Savings,2024-11-20,93770.13,Active
507520,106258,6,Savings,2025-10-27,32722.94,Active
507521,106190,3,Current,2024-05-18,64778.07,Active
507522,105915,24,Salary,2022-06-22,29864.99,Active
507523,104329,36,Current,2017-02-20,128474.33,Active
507524,103725,39,Savings,2022-06-09,95462.47,Active
507525,109168,25,Savings,2024-12-03,120202.73,Active
507526,107530,9,Savings,2018-10-15,150275.61,Active
507527,101678,21,Current,2021-10-29,53554.82,Active
507528,102630,39,Savings,2024-11-27,202351.43,Active
507529,109570,25,Current,2022-08-18,109791.73,Active
507530,108546,5,Savings,2022-05-12,204279.63,Dormant
507531,100061,3,Current,2019-09-20,19545.02,Active
507532,108493,18,Savings,2020-04-29,74271.94,Active
507533,106138,34,Savings,2025-12-14,136139.03,Active
507534,109490,38,Salary,2019-07-16,342956.06,Active
507535,108403,39,Salary,2018-07-13,272744.63,Active
507536,101872,2,Savings,2023-01-29,42417.75,Active
507537,105170,29,Salary,2017-07-14,337117.89,Active
507538,103982,22,Current,2022-04-12,146886.64,Active
507539,101128,8,Savings,2022-06-01,187476.63,Active
507540,100420,1,Savings,2021-01-02,39417.23,Active
507541,104341,7,Current,2019-07-29,44653.39,Active
507542,106916,23,Savings,2024-05-18,44024.76,Active
507543,103780,28,Current,2020-07-08,174904.5,Active
507544,102477,39,Savings,2020-03-08,320604.14,Closed
507545,103403,31,Savings,2024-05-17,37773.07,Active
507546,100325,18,Savings,2019-03-31,45731.71,Active
507547,104207,5,Savings,2019-06-10,186166.03,Active
507548,104077,8,Current,2017-06-11,245285.45,Active
507549,103186,18,Savings,2024-11-01,28071.72,Active
507550,108684,22,Savings,2025-08-14,55133.96,Active
507551,109012,14,Premium,2019-06-08,180027.62,Active
507552,102693,8,Savings,2025-04-29,249555.26,Active
507553,107033,37,Salary,2025-03-07,50058.36,Active
507554,106404,6,Savings,2019-01-11,13756.59,Active
507555,103628,19,Savings,2023-05-10,105326.68,Active
507556,106413,7,Savings,2024-11-22,96020.47,Active
507557,105737,14,Savings,2024-01-06,199704.97,Active
507558,105251,38,Savings,2017-06-27,96409.77,Active
507559,107985,38,Salary,2018-12-10,43163.47,Dormant
507560,105976,24,Salary,2019-09-03,6780.44,Active
507561,104435,36,Savings,2018-12-30,102290.97,Active
507562,107260,29,Salary,2020-08-28,44640.09,Active
507563,107203,21,Current,2021-10-28,119857.3,Active
507564,103764,16,Salary,2022-08-30,53987.73,Active
507565,100030,18,Savings,2020-09-10,14034.85,Active
507566,102244,28,Salary,2023-06-02,177289.09,Active
507567,103980,2,Savings,2020-10-10,10498.1,Active
507568,105235,35,Savings,2023-01-12,78319.18,Active
507569,102779,2,Salary,2025-02-14,21150.65,Active
507570,104227,7,Current,2017-08-12,48721.02,Active
507571,105741,9,Premium,2017-12-26,35812.78,Active
507572,107067,30,Savings,2023-03-27,182399.98,Active
507573,104117,8,Savings,2018-05-12,44319.37,Active
507574,109305,16,Savings,2026-01-12,63382.03,Dormant
507575,103939,39,Salary,2020-07-08,18346.24,Active
507576,106820,12,Savings,2023-01-03,52357.3,Active
507577,104171,8,Current,2018-05-03,73336.06,Active
507578,100393,29,Savings,2023-04-04,74175.61,Active
507579,100157,2,Salary,2020-01-06,42263.17,Active
507580,106368,25,Savings,2023-08-02,199985.0,Active
507581,103644,26,Savings,2024-07-07,78987.41,Active
507582,106669,18,Premium,2017-11-09,308848.09,Active
507583,106498,28,Current,2025-12-25,8200.47,Active
507584,104049,30,Premium,2025-03-01,132135.85,Active
507585,100012,9,Salary,2017-07-07,71199.47,Active
507586,104553,35,Savings,2017-10-18,28933.41,Active
507587,109133,30,Savings,2019-08-13,28000.83,Active
507588,102618,18,Salary,2024-09-12,33702.61,Active
507589,100362,4,Salary,2019-07-21,227158.4,Active
507590,107695,34,Savings,2024-11-21,24260.87,Active
507591,102377,2,Savings,2025-03-21,75865.86,Active
507592,109825,29,Savings,2018-08-01,137002.57,Active
507593,108618,4,Savings,2017-09-10,30737.83,Active
507594,100298,27,Savings,2023-06-05,1556196.96,Active
507595,102518,5,Current,2023-03-31,49020.25,Active
507596,108147,11,Salary,2019-04-13,43137.63,Active
507597,103624,4,Current,2018-07-06,39733.97,Active
507598,100400,17,Savings,2024-02-23,27228.55,Active
507599,107545,31,Savings,2024-09-18,215062.34,Active
507600,104878,14,Savings,2022-05-02,2046918.31,Active
507601,105521,7,Salary,2022-10-04,116171.0,Active
507602,104312,30,Salary,2023-09-27,271572.25,Active
507603,108131,6,Savings,2021-09-04,144985.8,Active
507604,100748,11,Savings,2025-10-24,20597.52,Active
507605,101934,13,Savings,2022-09-21,176989.29,Active
507606,108351,9,Salary,2023-03-19,165026.64,Active
507607,108754,9,Savings,2018-12-26,47581.98,Active
507608,107506,13,Salary,2024-08-09,60019.51,Active
507609,108612,3,Current,2018-10-08,53217.41,Active
507610,108651,37,Premium,2023-04-23,16340.75,Closed
507611,103764,22,Savings,2025-07-23,119009.26,Active
507612,104027,8,Savings,2021-06-09,42334.11,Active
507613,103760,21,Current,2025-02-22,29385.6,Closed
507614,102051,12,Salary,2018-07-18,32100.96,Active
507615,107952,9,Savings,2024-12-27,283671.07,Active
507616,103738,28,Salary,2025-08-22,39504.07,Active
507617,106345,36,Current,2017-04-06,42106.86,Active
507618,105870,7,Savings,2018-04-13,11943.7,Active
507619,109898,20,Premium,2025-10-23,21215.43,Active
507620,103838,7,Current,2020-06-17,64362.99,Active
507621,104577,22,Savings,2019-04-30,212150.79,Active
507622,104157,29,Salary,2017-03-08,312895.46,Active
507623,103788,39,Savings,2019-05-16,111188.48,Active
507624,106783,4,Savings,2025-05-12,786282.68,Active
507625,103902,17,Salary,2017-09-01,251584.8,Active
507626,106566,16,Savings,2020-03-31,16415.89,Active
507627,103310,30,Savings,2017-04-29,167767.66,Active
507628,109337,13,Savings,2017-03-26,50155.28,Active
507629,108467,13,Salary,2022-04-22,107952.35,Active
507630,100945,40,Savings,2023-11-07,47666.06,Active
507631,106326,6,Savings,2025-04-27,69660.72,Active
507632,105632,22,Premium,2025-10-14,415834.21,Active
507633,104263,21,Premium,2025-02-14,44815.72,Active
507634,105266,20,Savings,2017-09-22,106643.94,Active
507635,109470,32,Current,2021-10-20,103164.22,Active
507636,103469,34,Current,2018-06-26,237711.96,Active
507637,108458,27,Savings,2022-05-14,418081.47,Active
507638,103977,20,Savings,2024-06-26,14319.52,Active
507639,103107,4,Salary,2023-02-03,81517.67,Active
507640,107462,1,Savings,2024-03-19,164321.02,Active
507641,100012,5,Savings,2022-05-03,76884.78,Dormant
507642,104807,37,Savings,2024-02-19,32236.81,Active
507643,109548,1,Current,2021-01-29,273545.49,Active
507644,108150,5,Premium,2021-04-25,43730.69,Active
507645,101302,26,Savings,2018-12-21,52210.45,Active
507646,100796,9,Savings,2022-12-26,398156.26,Active
507647,100107,32,Savings,2023-12-31,365386.59,Active
507648,105002,14,Current,2024-03-03,190952.1,Active
507649,108220,26,Savings,2021-03-10,62262.88,Active
507650,102440,31,Salary,2023-04-30,156698.44,Active
507651,109194,15,Salary,2020-04-05,45106.7,Active
507652,108630,4,Current,2018-06-21,142593.2,Active
507653,105409,38,Current,2019-01-22,68285.09,Active
507654,102518,18,Savings,2023-11-25,47303.8,Active
507655,100557,40,Savings,2024-04-09,52176.03,Active
507656,105888,17,Savings,2019-07-24,118482.66,Active
507657,101815,2,Current,2023-03-28,37647.28,Active
507658,108539,18,Savings,2021-07-08,312185.39,Active
507659,106443,5,Savings,2024-10-03,181186.1,Active
507660,108658,15,Current,2025-09-11,121500.79,Active
507661,101413,37,Premium,2019-07-26,257252.74,Active
507662,104795,15,Savings,2017-02-16,86167.75,Active
507663,104237,21,Savings,2021-05-04,74129.54,Active
507664,101267,18,Savings,2023-04-20,7734.73,Active
507665,103320,16,Savings,2019-01-21,116316.6,Active
507666,105522,22,Savings,2017-04-09,31939.01,Active
507667,106819,24,Savings,2020-12-05,23422.87,Active
507668,104023,34,Savings,2024-08-11,169381.5,Active
507669,103593,6,Savings,2019-10-12,317375.39,Active
507670,106027,19,Savings,2024-02-05,34689.75,Dormant
507671,109667,10,Savings,2020-02-17,39556.92,Active
507672,103387,9,Savings,2019-06-15,98740.23,Active
507673,106311,12,Savings,2020-11-24,42074.85,Active
507674,106535,13,Savings,2022-11-17,23993.33,Closed
507675,109022,38,Savings,2019-10-12,13670.86,Active
507676,100516,5,Savings,2022-01-18,50794.6,Closed
507677,108051,33,Premium,2024-03-24,15438.71,Active
507678,104385,28,Savings,2022-04-15,79006.84,Active
507679,108232,26,Savings,2021-02-28,486143.54,Active
507680,100998,10,Salary,2022-08-24,29794.3,Active
507681,107368,39,Current,2020-01-09,35082.9,Active
507682,101010,39,Salary,2024-10-01,44844.9,Active
507683,109042,3,Salary,2023-09-13,30008.24,Active
507684,102399,17,Current,2021-10-04,161243.41,Active
507685,108839,21,Salary,2023-09-23,276335.18,Active
507686,103172,37,Savings,2024-09-25,99146.44,Active
507687,106274,20,Savings,2022-06-03,82495.99,Active
507688,108078,34,Savings,2020-07-10,13992.73,Dormant
507689,103002,22,Savings,2022-09-05,80586.54,Active
507690,105057,3,Premium,2024-04-23,62792.58,Active
507691,100899,30,Savings,2019-07-17,206045.41,Active
507692,103164,9,Salary,2018-11-10,30228.73,Active
507693,105627,31,Savings,2024-10-30,14949.28,Active
507694,103869,4,Salary,2018-06-11,179644.2,Active
507695,107028,28,Savings,2023-05-18,151870.26,Active
507696,106045,10,Savings,2019-03-20,156704.04,Dormant
507697,102953,26,Savings,2017-08-03,35917.39,Active
507698,104526,31,Premium,2018-12-08,51865.23,Dormant
507699,106410,31,Savings,2024-12-28,54116.92,Active
507700,103551,32,Salary,2024-11-01,16631.93,Active
507701,104898,4,Savings,2022-02-19,49439.83,Active
507702,106827,12,Savings,2019-09-21,100531.33,Active
507703,109324,37,Savings,2020-12-28,30462.51,Active
507704,104721,1,Savings,2024-09-28,98122.21,Active
507705,105689,14,Savings,2021-03-10,86041.55,Active
507706,107725,11,Savings,2024-01-31,266263.34,Active
507707,102223,22,Savings,2022-11-07,80380.09,Active
507708,103603,36,Salary,2022-10-30,299799.07,Dormant
507709,103662,12,Premium,2018-03-22,98724.77,Active
507710,109560,19,Savings,2018-03-05,795894.65,Active
507711,109149,24,Current,2020-01-13,42539.93,Active
507712,101253,19,Savings,2024-05-20,35175.51,Active
507713,109173,38,Savings,2024-12-09,83018.19,Active
507714,108930,30,Savings,2018-02-11,186304.86,Active
507715,101671,16,Savings,2024-10-31,56166.84,Active
507716,100946,2,Savings,2022-12-24,247633.93,Active
507717,107492,33,Salary,2020-06-22,346787.56,Active
507718,104739,15,Savings,2024-09-19,12432.08,Active
507719,109820,22,Savings,2020-12-24,17172.89,Active
507720,102414,3,Savings,2025-08-03,62014.17,Active
507721,106572,30,Salary,2022-07-17,25261.82,Active
507722,100832,6,Savings,2019-04-02,21178.53,Dormant
507723,100513,30,Savings,2022-04-08,208642.98,Active
507724,109839,18,Salary,2024-05-03,38715.62,Active
507725,103326,16,Savings,2024-01-12,28052.41,Active
507726,107363,20,Savings,2017-01-25,36097.71,Active
507727,105709,36,Salary,2017-06-18,17703.91,Active
507728,108931,18,Savings,2020-09-24,47615.11,Active
507729,101062,2,Savings,2022-07-23,144876.07,Active
507730,109049,9,Current,2022-10-09,41750.27,Active
507731,104394,15,Salary,2022-06-21,44659.58,Active
507732,102307,38,Savings,2018-05-29,365197.41,Active
507733,102394,25,Savings,2024-01-01,21929.51,Active
507734,101622,32,Salary,2017-04-24,54501.87,Active
507735,101141,18,Savings,2022-09-02,58731.53,Active
507736,100495,11,Savings,2018-04-21,29949.16,Active
507737,101984,22,Current,2020-10-23,68332.75,Active
507738,104924,23,Savings,2022-10-04,15634.97,Active
507739,108937,2,Current,2018-09-20,72792.12,Active
507740,100029,26,Savings,2019-02-01,20098.18,Dormant
507741,105130,14,Savings,2019-07-25,80487.56,Active
507742,107504,11,Savings,2020-02-23,23023.91,Active
507743,100052,22,Savings,2019-11-27,23635.37,Active
507744,107432,6,Salary,2022-03-14,169637.52,Active
507745,102189,16,Current,2019-02-09,76175.82,Dormant
507746,102247,34,Premium,2023-12-12,29077.68,Active
507747,109204,11,Savings,2020-05-24,46577.32,Active
507748,102243,15,Savings,2023-08-22,68760.2,Active
507749,103964,15,Salary,2019-02-27,103712.03,Active
507750,109343,4,Current,2019-11-24,166775.84,Active
507751,108957,40,Current,2024-01-09,13153.29,Active
507752,107489,16,Savings,2017-07-27,453689.03,Active
507753,105676,2,Savings,2023-09-06,32786.23,Active
507754,101869,22,Savings,2023-10-25,35199.14,Active
507755,108143,6,Savings,2017-09-08,31226.71,Active
507756,101715,31,Current,2022-02-19,108348.72,Active
507757,102707,28,Salary,2017-04-25,15797.77,Active
507758,108940,27,Savings,2025-10-01,249135.77,Active
507759,108644,22,Savings,2021-02-07,108484.09,Active
507760,101394,1,Current,2024-10-03,8999.97,Active
507761,100210,33,Premium,2025-09-10,89940.97,Active
507762,107795,13,Premium,2025-07-14,59965.27,Active
507763,108743,16,Savings,2023-04-29,195297.39,Active
507764,105440,15,Savings,2020-02-26,205914.78,Active
507765,104174,17,Salary,2021-01-31,510090.02,Active
507766,106117,36,Savings,2023-02-26,86044.72,Active
507767,107868,31,Savings,2024-09-06,120763.81,Active
507768,107880,16,Current,2017-08-31,636713.34,Active
507769,104639,32,Salary,2024-09-26,154463.05,Active
507770,100053,34,Savings,2024-01-22,21834.13,Active
507771,108991,37,Premium,2024-01-12,10505.87,Active
507772,104694,39,Savings,2023-10-21,327069.86,Dormant
507773,108590,21,Savings,2019-03-22,72704.11,Active
507774,105388,22,Savings,2017-08-08,39867.32,Active
507775,103751,17,Savings,2023-01-10,707341.92,Active
507776,108807,36,Premium,2017-08-03,173582.59,Active
507777,108767,2,Savings,2023-04-13,93714.6,Active
507778,107884,23,Premium,2021-02-16,749233.44,Active
507779,107094,12,Savings,2024-08-07,17231.47,Active
507780,104527,27,Current,2019-08-13,201951.83,Active
507781,107186,32,Savings,2023-02-24,125922.52,Active
507782,109842,39,Savings,2018-05-17,385428.27,Active
507783,100996,33,Savings,2018-03-12,53811.66,Active
507784,101417,7,Savings,2019-02-17,73591.1,Active
507785,100929,40,Savings,2018-01-07,384921.84,Active
507786,105341,8,Savings,2018-04-06,70046.09,Active
507787,102465,12,Salary,2024-03-24,61500.02,Active
507788,105208,38,Savings,2020-12-27,849312.56,Active
507789,101867,33,Savings,2024-04-14,94568.97,Active
507790,107710,30,Current,2023-02-23,74012.59,Active
507791,109420,37,Salary,2017-02-08,104691.48,Active
507792,101455,34,Savings,2017-03-10,150210.84,Active
507793,102372,34,Savings,2019-07-14,25218.8,Active
507794,100861,20,Savings,2021-12-31,46602.9,Active
507795,105054,8,Current,2024-03-16,153720.49,Dormant
507796,103082,27,Savings,2020-12-26,128257.47,Active
507797,108251,5,Salary,2020-07-26,142584.78,Active
507798,107898,19,Savings,2023-05-05,107906.23,Active
507799,102884,5,Salary,2024-06-28,62599.29,Active
507800,106485,30,Current,2023-03-23,175336.04,Active
507801,108827,13,Current,2017-11-28,52831.28,Active
507802,101365,11,Current,2018-11-18,45487.15,Active
507803,102495,18,Salary,2023-02-18,159205.01,Active
507804,108019,30,Savings,2022-06-12,175595.36,Active
507805,109212,39,Savings,2024-10-20,114834.84,Active
507806,102764,39,Current,2020-09-05,463744.65,Active
507807,106156,21,Current,2021-06-25,11425.39,Active
507808,100518,19,Salary,2018-09-12,399348.71,Active
507809,104232,11,Savings,2025-01-24,288832.54,Active
507810,102723,38,Salary,2021-07-21,116195.99,Active
507811,103649,13,Salary,2022-12-04,108623.41,Active
507812,106848,10,Savings,2018-12-25,16653.05,Active
507813,107857,11,Savings,2021-03-28,128400.77,Active
507814,106366,30,Savings,2024-05-02,5845.79,Active
507815,105058,30,Savings,2018-09-08,356512.82,Active
507816,101619,37,Salary,2025-03-10,36188.46,Active
507817,106640,8,Savings,2018-06-19,63885.33,Active
507818,103006,33,Savings,2019-10-18,17078.25,Active
507819,101666,13,Premium,2023-11-10,45001.5,Active
507820,104390,34,Savings,2020-04-06,14201.15,Dormant
507821,104116,13,Savings,2017-11-28,28158.51,Active
507822,102555,3,Current,2023-10-28,14623.5,Active
507823,109376,24,Salary,2023-04-10,119715.91,Active
507824,103326,6,Savings,2018-07-22,34600.15,Active
507825,105125,2,Premium,2025-02-16,218672.96,Active
507826,109127,6,Current,2024-08-19,155940.83,Active
507827,100176,9,Savings,2017-10-13,655166.2,Active
507828,103022,32,Current,2017-10-21,144153.71,Active
507829,105870,2,Salary,2025-08-02,110117.14,Active
507830,104035,11,Salary,2024-10-30,77755.6,Active
507831,107435,21,Current,2024-04-13,9035.43,Active
507832,101376,30,Savings,2020-11-28,18696.86,Active
507833,109334,1,Savings,2025-04-01,22893.98,Active
507834,108507,8,Salary,2017-03-24,171676.56,Active
507835,103032,20,Savings,2021-03-17,34115.47,Active
507836,100697,31,Savings,2018-04-27,39809.49,Closed
507837,108077,14,Salary,2025-11-08,109777.91,Active
507838,105076,22,Savings,2022-10-19,439015.1,Active
507839,100697,7,Salary,2022-11-03,18880.13,Active
507840,101146,24,Current,2024-06-19,210141.76,Active
507841,105925,14,Premium,2022-08-24,58516.94,Active
507842,106881,20,Current,2022-12-12,185388.1,Dormant
507843,104811,22,Savings,2020-01-20,35579.75,Active
507844,108890,20,Savings,2022-10-29,421686.44,Dormant
507845,109605,29,Savings,2022-11-27,275971.72,Active
507846,100410,24,Current,2025-09-27,50201.07,Active
507847,108808,5,Savings,2017-08-04,13238.33,Active
507848,103814,6,Savings,2024-08-24,86711.44,Active
507849,104702,13,Salary,2017-08-19,16803.87,Active
507850,100194,11,Current,2024-01-16,263471.8,Active
507851,101373,15,Salary,2025-12-15,64424.19,Active
507852,107115,34,Salary,2017-03-11,505735.04,Active
507853,107495,15,Savings,2017-05-05,362304.04,Closed
507854,108910,21,Salary,2017-04-04,116406.65,Active
507855,101986,27,Salary,2023-07-14,12850.67,Active
507856,102374,40,Savings,2018-11-03,306102.96,Active
507857,106370,33,Savings,2019-01-16,37437.93,Active
507858,103403,10,Salary,2019-12-15,17010.69,Active
507859,107248,25,Savings,2022-08-02,310866.19,Active
507860,101333,28,Premium,2023-12-21,107355.58,Dormant
507861,103053,31,Current,2019-03-27,3903.39,Active
507862,101516,25,Savings,2021-05-23,139530.18,Dormant
507863,105123,40,Savings,2020-04-04,32433.54,Active
507864,105755,4,Savings,2024-04-06,7298.2,Active
507865,104313,39,Current,2025-09-08,317350.57,Active
507866,109353,15,Current,2025-01-01,50342.0,Closed
507867,109940,40,Savings,2025-06-29,427241.93,Active
507868,107564,18,Savings,2020-03-20,493914.24,Active
507869,107069,37,Savings,2017-01-08,72355.58,Active
507870,106380,2,Premium,2020-04-24,133930.03,Active
507871,103371,34,Premium,2023-08-17,67827.53,Active
507872,107535,3,Premium,2024-12-13,296318.01,Active
507873,103761,10,Current,2023-10-30,72236.0,Active
507874,106213,34,Current,2020-09-24,15121.44,Active
507875,103146,34,Salary,2023-08-16,270693.56,Active
507876,105438,19,Savings,2024-06-07,36458.47,Active
507877,100145,35,Savings,2023-02-28,294371.68,Active
507878,101337,32,Savings,2022-07-23,40960.07,Active
507879,103887,7,Savings,2022-07-29,82809.1,Active
507880,109031,34,Savings,2024-05-24,59181.24,Active
507881,103058,16,Savings,2022-10-19,125744.55,Active
507882,104517,40,Salary,2023-07-09,64323.4,Dormant
507883,103091,28,Current,2020-03-10,184338.83,Active
507884,107331,2,Savings,2020-06-01,134404.25,Active
507885,109674,38,Salary,2021-05-31,27983.82,Active
507886,103351,33,Savings,2017-12-13,113345.97,Active
507887,107886,31,Current,2025-07-05,500257.46,Active
507888,104970,16,Savings,2018-11-13,99898.09,Active
507889,101058,31,Premium,2024-09-14,123251.71,Active
507890,103923,33,Salary,2020-01-16,69587.28,Active
507891,109707,5,Savings,2024-12-10,90788.63,Active
507892,105924,24,Savings,2018-01-15,85864.85,Active
507893,108320,29,Savings,2017-08-20,210811.17,Active
507894,107873,8,Salary,2025-07-03,35604.32,Active
507895,101269,36,Savings,2020-02-14,2165094.43,Active
507896,109979,37,Current,2023-08-01,612237.79,Active
507897,102443,21,Savings,2025-05-26,229924.43,Active
507898,102361,11,Savings,2020-04-29,34972.33,Active
507899,101525,15,Current,2019-12-17,16010.48,Active
507900,100917,2,Savings,2024-10-25,16125.54,Closed
507901,104297,29,Salary,2019-08-30,121605.6,Active
507902,105914,32,Savings,2017-11-29,36911.57,Active
507903,101132,16,Current,2025-04-03,77385.94,Dormant
507904,103307,19,Savings,2017-12-14,302670.74,Active
507905,109612,35,Premium,2024-08-26,49935.24,Active
507906,109351,25,Current,2025-06-06,22107.79,Active
507907,107962,28,Savings,2019-08-31,21041.85,Active
507908,107913,29,Salary,2021-01-31,67612.62,Active
507909,106844,6,Savings,2021-03-29,117442.72,Active
507910,106347,3,Salary,2019-06-22,21674.59,Active
507911,105621,33,Current,2022-09-07,54148.95,Active
507912,100646,18,Salary,2025-08-24,162025.05,Active
507913,106091,19,Savings,2020-04-10,20855.33,Active
507914,105688,12,Savings,2024-08-15,158450.86,Active
507915,105896,5,Premium,2021-09-27,237755.84,Active
507916,101298,37,Savings,2024-04-13,118276.45,Dormant
507917,109601,4,Salary,2025-06-23,38781.32,Dormant
507918,108142,17,Salary,2022-02-07,255905.67,Active
507919,106643,19,Savings,2023-11-03,275199.57,Active
507920,100677,5,Current,2019-06-03,125241.12,Active
507921,106306,33,Savings,2017-12-12,121248.26,Active
507922,107143,21,Savings,2025-03-19,55376.1,Active
507923,107325,36,Savings,2025-07-20,35877.7,Dormant
507924,109984,39,Savings,2020-05-07,14735.2,Active
507925,105840,27,Premium,2022-10-18,80711.47,Active
507926,102495,14,Current,2020-04-29,39818.37,Active
507927,100230,16,Savings,2017-05-02,80692.85,Active
507928,100928,29,Savings,2025-01-23,139777.27,Active
507929,103944,7,Savings,2022-04-05,44037.89,Dormant
507930,105136,24,Premium,2024-10-23,207567.45,Active
507931,100685,18,Savings,2020-01-14,11029.21,Active
507932,104757,27,Savings,2019-08-10,10930.22,Active
507933,109626,30,Salary,2022-11-10,124407.03,Active
507934,104418,3,Savings,2020-05-26,107231.51,Active
507935,100021,13,Savings,2020-07-10,54349.3,Active
507936,101649,24,Salary,2022-09-16,249895.93,Active
507937,106087,13,Current,2019-09-26,70491.92,Dormant
507938,102079,20,Salary,2024-09-15,86673.04,Active
507939,100860,19,Savings,2024-12-31,69727.16,Active
507940,105552,15,Salary,2025-11-20,60926.49,Active
507941,104810,12,Savings,2018-03-23,596475.92,Active
507942,103533,15,Salary,2019-07-24,19107.47,Closed
507943,101773,36,Salary,2025-08-26,56048.71,Active
507944,105710,27,Savings,2024-03-04,174646.41,Active
507945,107769,7,Current,2019-09-26,59252.95,Active
507946,104748,33,Current,2024-06-02,40912.38,Active
507947,100960,40,Current,2024-11-09,19684.81,Dormant
507948,109836,22,Savings,2023-10-06,40331.57,Active
507949,109583,18,Savings,2017-03-16,186717.93,Active
507950,109098,39,Savings,2018-06-17,79689.25,Closed
507951,109412,40,Savings,2017-08-12,29920.12,Active
507952,105825,9,Savings,2022-05-29,174262.29,Active
507953,105257,1,Savings,2019-07-02,170659.28,Active
507954,109171,9,Savings,2022-07-11,277903.41,Closed
507955,105190,23,Savings,2024-07-21,29174.29,Active
507956,103155,40,Premium,2025-05-29,122470.12,Active
507957,103509,20,Savings,2025-07-13,301365.86,Active
507958,101221,17,Current,2024-08-05,17813.1,Active
507959,100682,1,Savings,2020-05-21,21378.92,Active
507960,104803,5,Salary,2017-02-14,11098.75,Active
507961,101108,28,Current,2025-07-16,43214.92,Active
507962,101146,6,Savings,2017-02-01,103108.63,Active
507963,102002,32,Current,2021-07-23,38006.71,Active
507964,100115,39,Current,2017-08-15,31955.82,Active
507965,102448,14,Savings,2022-11-18,48036.29,Active
507966,108925,35,Savings,2021-12-16,100800.68,Active
507967,104550,25,Current,2023-04-01,243790.59,Active
507968,107855,10,Savings,2022-04-17,12654.98,Active
507969,101661,15,Savings,2024-07-05,25683.66,Active
507970,105992,25,Salary,2020-06-06,111601.03,Dormant
507971,103065,20,Current,2020-02-13,65246.85,Active
507972,101239,40,Savings,2022-05-26,64637.86,Active
507973,108290,12,Current,2018-05-27,109692.68,Active
507974,108434,9,Savings,2023-12-26,56191.29,Active
507975,109963,15,Savings,2020-06-14,12264.0,Active
507976,106299,11,Savings,2023-11-12,26403.24,Active
507977,105475,6,Current,2018-12-21,52800.38,Active
507978,104305,9,Salary,2017-03-15,35887.9,Active
507979,102217,18,Savings,2017-01-14,31704.41,Active
507980,108353,2,Current,2022-03-23,40842.59,Active
507981,103993,40,Current,2020-02-21,65601.63,Active
507982,104832,14,Savings,2021-07-23,56694.67,Active
507983,107703,20,Current,2022-04-18,137129.79,Active
507984,104317,40,Salary,2023-04-03,76346.64,Active
507985,106572,19,Salary,2021-10-11,9554.03,Active
507986,106923,4,Current,2022-11-11,20362.84,Active
507987,100392,18,Savings,2024-05-16,45328.3,Active
507988,103887,34,Savings,2017-09-13,57340.4,Dormant
507989,100712,28,Premium,2025-01-15,47874.7,Dormant
507990,106578,4,Salary,2023-03-08,35432.53,Active
507991,106589,16,Savings,2019-11-05,52206.42,Active
507992,104157,13,Savings,2020-11-05,450212.79,Active
507993,104470,2,Savings,2024-08-28,34870.49,Active
507994,101559,7,Salary,2020-08-11,28817.25,Active
507995,105119,39,Savings,2024-04-18,41832.54,Active
507996,109809,22,Salary,2017-02-16,30570.98,Active
507997,100436,25,Savings,2019-12-29,43444.85,Active
507998,108155,19,Salary,2024-06-03,150555.13,Active
507999,102166,40,Current,2017-08-15,290622.03,Active
508000,101485,35,Salary,2024-05-24,72833.45,Active
508001,102446,10,Savings,2017-01-23,72611.72,Dormant
508002,107404,4,Savings,2018-10-19,34086.96,Active
508003,106887,5,Salary,2024-09-15,218536.62,Active
508004,100326,28,Current,2018-06-20,3466.45,Active
508005,103383,40,Current,2025-08-06,48189.25,Active
508006,104532,10,Savings,2017-01-29,206729.48,Active
508007,108443,34,Current,2023-06-18,66700.57,Active
508008,101338,40,Savings,2020-01-18,21145.18,Active
508009,109166,14,Savings,2021-11-20,70089.6,Active
508010,107558,27,Current,2019-05-22,386192.2,Dormant
508011,105949,21,Current,2022-02-23,35279.68,Active
508012,102458,24,Savings,2021-06-24,49304.75,Active
508013,105803,9,Current,2024-12-06,228356.75,Active
508014,109607,8,Savings,2025-01-27,201234.68,Active
508015,108980,13,Salary,2020-03-02,42354.27,Active
508016,105782,32,Current,2024-10-15,390699.04,Active
508017,109417,20,Savings,2018-06-10,35350.38,Active
508018,101124,39,Savings,2021-01-07,174331.82,Dormant
508019,101882,34,Premium,2024-06-05,36891.08,Active
508020,101350,36,Salary,2022-05-14,30286.0,Active
508021,103023,14,Savings,2019-06-06,154279.63,Active
508022,107064,16,Premium,2017-05-06,143474.69,Active
508023,108586,37,Current,2019-06-03,209576.11,Active
508024,105269,1,Savings,2017-04-15,20551.47,Active
508025,102766,20,Current,2021-06-24,142221.26,Active
508026,108924,16,Savings,2019-07-26,72162.26,Dormant
508027,103947,14,Savings,2022-07-09,239088.89,Active
508028,104067,35,Salary,2023-12-25,67355.85,Active
508029,109308,40,Savings,2022-04-06,147061.36,Active
508030,102282,34,Salary,2019-07-07,92220.56,Active
508031,104333,23,Savings,2023-03-22,115563.61,Active
508032,103955,25,Premium,2018-10-14,95980.52,Active
508033,103749,1,Savings,2023-09-28,65380.51,Active
508034,107775,34,Salary,2022-05-11,152723.65,Active
508035,103308,33,Savings,2020-05-31,3342.13,Active
508036,105861,20,Current,2022-12-29,92826.82,Active
508037,100261,28,Salary,2019-08-19,116286.92,Active
508038,102461,19,Salary,2019-05-07,214822.38,Active
508039,105233,39,Salary,2025-01-26,102965.42,Active
508040,102011,4,Salary,2018-04-05,287665.41,Active
508041,102442,26,Current,2021-05-20,51670.25,Active
508042,100138,18,Current,2024-02-13,44600.76,Active
508043,105685,13,Savings,2021-09-06,32777.72,Active
508044,105989,40,Premium,2024-07-14,13196.11,Active
508045,107472,16,Salary,2021-09-16,189994.41,Active
508046,108602,31,Savings,2017-02-17,127670.04,Active
508047,107616,25,Salary,2020-05-23,54517.39,Active
508048,101576,16,Savings,2021-01-27,54883.7,Active
508049,100283,31,Current,2022-11-05,147481.81,Dormant
508050,102036,1,Savings,2019-03-20,102245.21,Active
508051,107603,21,Savings,2020-03-12,269531.59,Active
508052,102460,9,Salary,2017-09-04,108932.38,Dormant
508053,107307,38,Savings,2019-09-11,95368.86,Active
508054,100093,39,Savings,2023-09-18,34702.06,Active
508055,101648,37,Salary,2022-12-20,251573.27,Active
508056,107903,28,Savings,2017-08-29,146231.5,Active
508057,104710,38,Current,2017-03-02,185395.2,Active
508058,106090,11,Savings,2025-08-27,35119.42,Active
508059,100180,12,Savings,2023-11-30,36923.83,Active
508060,102919,13,Savings,2019-08-18,27582.8,Closed
508061,102810,39,Savings,2018-12-22,14646.41,Active
508062,109091,31,Current,2017-01-22,15451.53,Dormant
508063,104765,19,Savings,2024-12-04,71501.61,Active
508064,102874,40,Savings,2020-10-30,117923.05,Active
508065,108610,2,Premium,2023-06-20,88844.81,Dormant
508066,104861,16,Savings,2022-08-16,268808.72,Active
508067,101260,4,Savings,2019-08-17,74120.93,Active
508068,107601,2,Current,2020-11-25,74470.72,Active
508069,103829,28,Salary,2022-05-05,234639.46,Active
508070,101429,7,Savings,2022-04-10,38400.73,Active
508071,108354,30,Savings,2024-09-11,172489.54,Active
508072,100141,11,Premium,2020-08-03,70280.51,Active
508073,105713,5,Savings,2024-04-23,68392.94,Active
508074,108048,15,Savings,2022-03-10,12931.6,Active
508075,100169,31,Current,2019-04-18,194232.0,Active
508076,109055,12,Premium,2020-01-07,111210.4,Active
508077,100542,30,Salary,2020-04-09,20556.4,Active
508078,102647,17,Savings,2017-03-23,76339.5,Active
508079,102570,16,Salary,2022-10-13,77619.79,Active
508080,108870,18,Savings,2018-12-03,155247.9,Active
508081,100742,29,Savings,2019-11-07,629899.04,Active
508082,104181,39,Premium,2017-06-26,75228.32,Active
508083,109563,11,Savings,2022-03-06,304203.56,Active
508084,103592,19,Salary,2022-04-06,28273.24,Active
508085,108467,38,Savings,2023-09-17,231026.64,Active
508086,105940,28,Savings,2025-11-07,15046.68,Active
508087,109529,35,Savings,2022-04-19,44414.28,Dormant
508088,100223,19,Savings,2024-09-21,118207.13,Dormant
508089,106288,38,Savings,2020-10-15,74736.3,Active
508090,108676,1,Salary,2017-04-30,191480.87,Active
508091,104432,14,Savings,2020-07-22,38787.62,Active
508092,101525,31,Savings,2023-12-03,30758.88,Active
508093,102388,20,Salary,2017-05-21,101492.4,Active
508094,107366,15,Savings,2017-12-21,104525.22,Active
508095,107622,26,Premium,2021-02-07,49656.42,Active
508096,103837,39,Savings,2024-10-15,33727.1,Active
508097,102223,40,Salary,2025-08-13,43672.89,Dormant
508098,100417,19,Premium,2019-06-23,37154.92,Active
508099,102037,36,Savings,2017-01-13,138297.08,Active
508100,106044,32,Premium,2017-01-10,45104.03,Active
508101,100407,19,Savings,2018-06-04,120717.0,Active
508102,105119,12,Current,2022-07-16,136320.52,Active
508103,101727,31,Savings,2020-09-02,81544.71,Active
508104,107190,25,Savings,2020-11-25,23323.79,Active
508105,109128,18,Savings,2020-12-16,158208.71,Active
508106,102134,20,Current,2022-05-31,48209.88,Active
508107,104528,7,Current,2020-08-27,69159.0,Closed
508108,107419,36,Savings,2021-02-09,169790.58,Active
508109,109056,11,Savings,2018-11-23,64847.61,Active
508110,102341,7,Salary,2020-11-27,36445.49,Active
508111,104922,27,Savings,2020-07-17,31460.46,Active
508112,106059,23,Savings,2018-07-09,47876.22,Active
508113,102715,13,Savings,2023-07-21,40899.13,Active
508114,101136,39,Savings,2024-02-17,73908.36,Dormant
508115,109585,24,Savings,2017-11-22,131024.51,Active
508116,109654,33,Savings,2021-06-12,18508.66,Active
508117,101794,1,Savings,2020-05-30,130696.67,Active
508118,105241,14,Savings,2022-04-25,103992.91,Active
508119,101093,25,Savings,2020-06-05,14560.94,Active
508120,106970,27,Savings,2023-10-02,58467.91,Active
508121,103721,39,Salary,2021-07-21,40811.43,Active
508122,105146,22,Savings,2024-01-18,78861.27,Active
508123,109079,32,Premium,2024-08-26,46551.73,Active
508124,106006,14,Savings,2019-09-22,46864.87,Active
508125,105479,40,Salary,2018-07-23,77549.41,Active
508126,103365,36,Savings,2018-07-18,229537.09,Active
508127,108303,11,Premium,2022-05-10,62750.69,Active
508128,106774,38,Savings,2019-12-13,203905.75,Active
508129,108020,3,Savings,2019-01-23,52671.05,Dormant
508130,108960,11,Current,2019-06-07,420934.0,Active
508131,100632,5,Savings,2019-06-22,91348.67,Dormant
508132,108020,3,Savings,2022-02-15,8611.68,Dormant
508133,100059,13,Current,2025-04-10,97175.32,Active
508134,100458,13,Salary,2018-04-21,99817.65,Active
508135,104886,39,Savings,2017-07-27,70022.69,Active
508136,101572,27,Premium,2017-04-21,207797.26,Active
508137,103829,15,Savings,2020-05-02,188989.07,Active
508138,104369,2,Premium,2024-12-13,883980.99,Active
508139,101586,38,Salary,2018-11-06,52474.71,Active
508140,109360,33,Salary,2017-12-13,103080.04,Active
508141,108653,5,Savings,2020-09-11,126673.18,Active
508142,109090,8,Premium,2018-07-06,131729.58,Active
508143,103716,31,Salary,2021-04-13,42681.25,Active
508144,107936,13,Savings,2020-02-21,21671.49,Active
508145,106939,9,Savings,2023-02-21,343585.23,Active
508146,105335,40,Current,2025-09-29,290615.86,Active
508147,102772,31,Salary,2022-01-28,46091.62,Active
508148,101352,16,Salary,2019-12-20,61989.93,Active
508149,103584,36,Current,2017-05-18,277651.44,Active
508150,105518,27,Salary,2022-03-28,16665.5,Active
508151,101945,22,Savings,2025-02-10,597545.68,Active
508152,107951,30,Savings,2017-10-17,274980.39,Dormant
508153,108791,2,Current,2021-09-25,127455.69,Active
508154,100559,35,Savings,2024-05-02,136204.73,Active
508155,105901,2,Savings,2022-05-08,25368.96,Active
508156,104734,25,Salary,2020-01-18,188498.76,Dormant
508157,103053,20,Savings,2019-04-01,114991.42,Active
508158,100495,10,Savings,2017-04-18,215071.2,Active
508159,108503,13,Savings,2023-08-16,101769.49,Active
508160,105373,11,Savings,2020-08-29,75893.6,Dormant
508161,107124,18,Savings,2019-11-26,41730.79,Active
508162,100912,10,Current,2023-12-06,272031.35,Active
508163,107251,34,Savings,2021-01-09,106976.28,Active
508164,105037,1,Savings,2024-01-24,9604.16,Active
508165,107661,26,Salary,2017-07-11,158043.0,Active
508166,106175,13,Savings,2023-02-23,46317.28,Active
508167,100192,11,Current,2018-03-11,463223.43,Active
508168,104940,37,Salary,2024-10-27,707642.13,Active
508169,102010,21,Savings,2021-11-22,507097.19,Dormant
508170,101006,9,Savings,2018-04-10,127189.48,Active
508171,102778,37,Savings,2021-11-24,176733.38,Active
508172,109163,21,Savings,2025-04-10,101407.5,Active
508173,101844,17,Current,2017-04-11,23172.47,Active
508174,109069,12,Savings,2019-10-13,26920.39,Active
508175,106220,21,Savings,2019-03-01,82731.96,Active
508176,107281,7,Premium,2021-11-10,31665.32,Active
508177,103351,9,Savings,2019-04-15,65497.71,Active
508178,100233,18,Salary,2017-11-25,192115.03,Active
508179,106616,40,Salary,2021-02-07,165840.52,Active
508180,105359,1,Savings,2018-10-29,124288.51,Active
508181,101764,28,Current,2019-09-20,89276.95,Active
508182,100447,11,Current,2018-07-30,258611.49,Active
508183,109277,14,Savings,2024-04-27,187240.57,Active
508184,109532,39,Savings,2023-11-27,57630.35,Active
508185,106364,6,Savings,2020-01-31,116929.48,Active
508186,105550,5,Savings,2024-09-17,44575.47,Active
508187,103099,33,Savings,2022-01-31,283059.9,Active
508188,107371,4,Salary,2022-06-01,13328.58,Active
508189,102657,36,Savings,2022-08-14,91393.87,Active
508190,106043,23,Salary,2020-08-10,105695.27,Active
508191,100956,24,Premium,2021-04-05,33092.22,Active
508192,107672,12,Current,2017-06-24,91764.46,Active
508193,103612,19,Salary,2022-02-06,56315.99,Active
508194,104832,16,Premium,2024-12-30,7911.84,Active
508195,108995,31,Savings,2019-08-08,23330.75,Active
508196,109348,11,Current,2024-03-29,284155.22,Active
508197,102676,9,Savings,2021-05-29,167611.63,Active
508198,100482,40,Salary,2025-09-24,23491.1,Active
508199,105118,8,Savings,2021-08-15,59677.18,Active
508200,107766,17,Savings,2020-09-16,107541.38,Active
508201,109140,7,Salary,2021-09-24,339391.39,Active
508202,101421,7,Salary,2021-08-15,26139.09,Active
508203,102417,21,Savings,2018-03-10,38979.02,Active
508204,102931,3,Salary,2020-05-17,28337.02,Active
508205,104751,36,Salary,2021-09-13,59988.68,Active
508206,102291,35,Current,2018-05-03,346418.14,Closed
508207,106409,10,Savings,2020-10-10,186649.75,Active
508208,107964,12,Current,2021-12-26,216006.32,Dormant
508209,100401,6,Savings,2019-03-11,137529.11,Dormant
508210,106276,30,Savings,2022-03-01,14213.43,Active
508211,105006,4,Savings,2019-01-06,60289.97,Active
508212,104620,2,Savings,2017-01-28,29183.55,Active
508213,107949,31,Savings,2022-12-03,131906.21,Active
508214,103045,3,Savings,2018-07-03,88711.63,Active
508215,100790,1,Current,2019-03-17,21092.53,Active
508216,105856,25,Premium,2025-01-04,201235.52,Active
508217,101297,1,Current,2025-09-29,117124.53,Active
508218,102366,24,Savings,2019-12-26,184291.36,Active
508219,103913,36,Savings,2018-07-19,16570.68,Active
508220,107688,32,Premium,2022-07-15,47010.74,Active
508221,100837,20,Savings,2021-05-10,388020.74,Closed
508222,102975,29,Salary,2021-09-19,302489.05,Active
508223,103415,16,Savings,2025-04-03,102778.45,Active
508224,108977,30,Salary,2017-06-26,5007.5,Active
508225,107373,40,Savings,2023-06-30,129986.61,Active
508226,100598,19,Current,2024-01-11,25658.07,Active
508227,108952,37,Savings,2025-11-21,477279.33,Active
508228,100695,3,Savings,2019-08-05,99382.97,Active
508229,104627,15,Savings,2024-05-31,118043.23,Active
508230,103406,2,Savings,2024-06-21,93243.93,Active
508231,107160,9,Current,2021-04-30,27198.22,Active
508232,104092,31,Salary,2019-03-18,79122.49,Active
508233,107390,7,Savings,2025-04-30,83175.93,Active
508234,105340,7,Savings,2019-07-14,29080.38,Active
508235,100192,28,Current,2024-10-01,305679.64,Active
508236,102585,8,Savings,2021-06-29,41799.02,Active
508237,101632,6,Salary,2018-07-23,57771.99,Dormant
508238,104450,6,Savings,2018-05-04,43944.5,Active
508239,108654,35,Premium,2020-04-27,140933.81,Active
508240,100923,22,Premium,2022-01-10,139766.24,Active
508241,100934,28,Savings,2019-09-18,20401.91,Active
508242,106847,28,Savings,2020-01-29,122220.77,Active
508243,107204,38,Savings,2023-07-26,29788.69,Active
508244,100659,3,Salary,2018-04-05,33570.06,Active
508245,108594,15,Savings,2019-11-06,28856.33,Active
508246,108424,35,Current,2018-12-24,52539.2,Active
508247,109977,6,Savings,2018-03-31,250519.36,Active
508248,109384,20,Salary,2024-05-12,51553.27,Active
508249,105382,28,Savings,2024-09-20,19976.02,Active
508250,104751,37,Savings,2017-09-20,98813.09,Active
508251,102459,17,Savings,2023-08-29,52995.65,Active
508252,108749,1,Savings,2017-06-05,94073.21,Active
508253,101800,20,Salary,2019-06-21,99054.03,Active
508254,103555,25,Savings,2019-02-18,31603.88,Active
508255,107361,30,Savings,2018-05-14,422752.64,Active
508256,105602,4,Premium,2017-09-13,18973.74,Active
508257,105586,6,Savings,2018-05-04,48889.48,Active
508258,100064,29,Savings,2022-02-12,122650.28,Active
508259,100003,35,Current,2021-03-07,338988.59,Dormant
508260,100158,36,Current,2019-05-06,345376.1,Active
508261,103113,29,Savings,2023-07-30,219236.18,Active
508262,101142,8,Current,2025-05-02,301634.31,Active
508263,103421,1,Current,2019-03-14,115424.59,Active
508264,106582,29,Savings,2023-04-07,278714.44,Active
508265,103776,7,Current,2023-05-09,77904.09,Active
508266,103011,27,Current,2021-06-27,66690.24,Active
508267,105397,19,Savings,2019-05-03,191284.75,Active
508268,108877,15,Salary,2022-01-09,99991.83,Active
508269,107661,29,Savings,2018-05-17,49067.28,Active
508270,109446,1,Salary,2024-10-05,61345.77,Active
508271,108467,33,Savings,2022-01-10,31625.12,Active
508272,100356,3,Savings,2022-01-08,8571.69,Active
508273,105111,37,Savings,2024-09-28,462634.05,Dormant
508274,104869,14,Savings,2022-04-17,13710.16,Closed
508275,105796,37,Savings,2023-05-23,70268.49,Active
508276,106760,23,Salary,2020-12-12,167962.14,Active
508277,104249,22,Savings,2019-11-03,46673.65,Active
508278,101999,40,Current,2017-02-17,13043.27,Active
508279,100725,10,Salary,2022-01-10,146387.55,Active
508280,101268,38,Current,2017-11-20,355767.71,Active
508281,108980,39,Savings,2021-11-11,36425.23,Active
508282,109915,16,Current,2023-10-13,27894.48,Active
508283,107475,18,Savings,2025-06-19,69900.81,Active
508284,105693,17,Salary,2024-09-02,339334.9,Active
508285,108066,22,Salary,2017-09-26,15093.98,Active
508286,103433,2,Savings,2021-11-13,43058.71,Active
508287,100205,31,Savings,2025-12-22,92295.77,Active
508288,102707,37,Savings,2025-10-16,141194.31,Active
508289,106823,33,Salary,2017-08-26,25604.37,Active
508290,100503,33,Savings,2024-02-29,103128.09,Active
508291,100238,39,Savings,2020-12-05,67945.74,Active
508292,109860,36,Savings,2021-03-27,76449.57,Active
508293,109759,17,Savings,2024-10-20,44920.01,Active
508294,104623,11,Current,2025-11-15,64116.34,Active
508295,104335,16,Salary,2018-01-21,233704.97,Active
508296,104296,30,Savings,2020-01-08,63281.53,Active
508297,105163,6,Savings,2025-02-04,120955.74,Dormant
508298,109209,7,Savings,2022-04-24,43024.57,Active
508299,107104,4,Premium,2024-12-22,481200.87,Dormant
508300,109316,2,Savings,2020-06-17,63612.89,Active
508301,103132,7,Salary,2019-04-19,619903.76,Dormant
508302,100914,35,Salary,2018-10-15,152847.26,Active
508303,107011,4,Savings,2020-03-18,285982.17,Dormant
508304,109537,31,Current,2025-01-06,59434.09,Closed
508305,103333,20,Savings,2018-10-05,136887.55,Active
508306,104303,26,Savings,2020-02-16,61060.0,Active
508307,100284,4,Savings,2020-09-08,76034.53,Active
508308,102004,36,Current,2019-11-28,26029.36,Active
508309,107217,20,Savings,2018-11-25,69805.3,Active
508310,104663,10,Savings,2022-01-15,498045.02,Active
508311,103470,7,Premium,2025-10-08,59311.79,Active
508312,101450,34,Current,2021-02-26,34879.85,Active
508313,105271,18,Current,2022-04-20,109133.3,Active
508314,107658,30,Current,2019-08-31,123926.32,Closed
508315,101406,1,Current,2018-12-23,193068.23,Active
508316,101307,31,Savings,2022-10-04,42416.38,Active
508317,109438,40,Salary,2018-11-19,46061.89,Active
508318,104120,8,Salary,2024-11-08,44711.26,Active
508319,108865,6,Savings,2022-03-27,224382.36,Active
508320,101666,19,Salary,2017-08-20,123145.29,Active
508321,104758,9,Current,2019-12-12,132054.52,Active
508322,108197,30,Salary,2019-03-02,33771.13,Active
508323,107057,31,Salary,2020-06-02,18708.36,Active
508324,100611,27,Savings,2023-02-26,127542.59,Active
508325,103272,34,Salary,2022-08-14,174671.4,Active
508326,100059,13,Current,2019-06-03,54627.09,Active
508327,109318,13,Savings,2018-01-04,181830.87,Active
508328,102303,25,Savings,2020-01-22,31501.54,Active
508329,100346,13,Savings,2017-07-05,157629.02,Active
508330,105412,36,Savings,2022-10-13,87311.73,Closed
508331,107151,12,Savings,2020-06-02,209106.81,Dormant
508332,105278,21,Savings,2024-03-15,83460.4,Active
508333,103023,8,Current,2021-10-11,155225.9,Active
508334,107294,17,Salary,2019-02-13,55807.6,Active
508335,105415,27,Premium,2019-11-20,15073.69,Active
508336,108643,25,Savings,2020-01-26,103334.27,Active
508337,107792,33,Current,2024-01-19,124955.96,Active
508338,101730,9,Savings,2019-08-26,10387.65,Active
508339,103739,14,Premium,2019-09-08,730160.56,Active
508340,105964,13,Savings,2020-07-26,107961.67,Active
508341,108196,15,Salary,2021-03-05,37685.02,Active
508342,108420,36,Salary,2019-09-23,105501.96,Active
508343,109446,21,Savings,2023-06-02,14014.48,Active
508344,109159,6,Current,2018-12-26,572913.46,Active
508345,100611,24,Savings,2025-05-24,64920.14,Active
508346,105859,37,Savings,2017-06-08,199388.38,Active
508347,100809,33,Savings,2018-06-11,65125.16,Active
508348,107478,26,Savings,2023-07-16,259689.45,Active
508349,106224,15,Savings,2022-03-09,60284.77,Active
508350,106900,14,Savings,2021-11-01,55671.17,Active
508351,108003,13,Savings,2017-12-29,568431.84,Active
508352,103389,1,Savings,2017-03-11,27002.3,Active
508353,103002,8,Savings,2019-08-26,47520.08,Active
508354,100866,9,Savings,2024-05-24,28616.6,Active
508355,108486,34,Savings,2019-10-27,49148.31,Dormant
508356,100972,16,Savings,2019-12-19,36049.87,Active
508357,106441,12,Salary,2024-01-28,534399.59,Active
508358,103428,24,Salary,2017-08-28,70283.66,Active
508359,102779,34,Savings,2018-07-08,138290.77,Active
508360,100303,25,Savings,2023-03-23,218984.89,Active
508361,101329,34,Salary,2018-11-15,54694.12,Active
508362,103543,16,Salary,2022-05-19,103969.04,Active
508363,104890,34,Savings,2019-10-29,221037.35,Active
508364,104178,29,Salary,2017-11-12,33257.17,Dormant
508365,103967,33,Current,2022-08-10,504595.48,Active
508366,103719,5,Savings,2018-09-12,20811.53,Active
508367,108333,17,Savings,2018-07-22,33588.19,Dormant
508368,104054,2,Savings,2019-12-21,40439.53,Active
508369,103089,24,Premium,2017-06-24,415648.32,Active
508370,104089,14,Savings,2018-09-24,104972.2,Active
508371,105722,13,Premium,2024-03-15,109682.51,Active
508372,108693,35,Salary,2021-10-05,124088.63,Active
508373,102606,22,Savings,2020-09-21,74807.14,Dormant
508374,109421,4,Salary,2019-03-05,220074.32,Active
508375,107405,11,Current,2022-07-29,65681.76,Active
508376,100763,29,Current,2022-02-15,306901.41,Active
508377,106836,35,Savings,2023-05-18,171028.34,Active
508378,105556,31,Savings,2019-11-02,42505.8,Active
508379,108956,34,Premium,2024-05-30,245929.15,Active
508380,108032,10,Savings,2024-09-11,26976.15,Active
508381,103321,38,Savings,2025-10-12,15272.49,Active
508382,103120,3,Salary,2018-12-04,1324234.9,Active
508383,109842,32,Salary,2019-09-05,32194.17,Active
508384,101309,16,Salary,2024-08-05,51875.37,Active
508385,101024,27,Current,2022-03-04,50883.65,Active
508386,104647,8,Current,2020-05-16,50587.45,Active
508387,106605,8,Salary,2020-01-30,73556.43,Dormant
508388,108680,14,Savings,2020-08-27,11402.29,Active
508389,101008,18,Savings,2023-07-16,13462.23,Active
508390,106718,15,Savings,2018-10-14,207713.84,Active
508391,105883,36,Salary,2021-09-26,37984.39,Active
508392,106603,31,Savings,2019-09-14,52379.43,Active
508393,101387,29,Savings,2025-05-31,81571.41,Active
508394,106264,30,Salary,2018-01-31,29040.15,Active
508395,103627,28,Salary,2018-10-23,540839.38,Active
508396,107456,17,Salary,2025-05-29,127584.44,Active
508397,107814,16,Salary,2023-07-18,119521.45,Active
508398,100423,31,Salary,2017-08-19,123722.46,Active
508399,103056,23,Salary,2024-01-15,48854.2,Active
508400,107667,16,Current,2025-10-24,35620.98,Active
508401,109084,2,Savings,2024-07-28,61021.6,Active
508402,107148,20,Current,2021-05-01,308093.91,Active
508403,101813,8,Current,2020-04-25,564133.79,Active
508404,106318,28,Savings,2021-09-27,43365.42,Active
508405,101353,12,Savings,2025-06-28,15877.97,Active
508406,100173,39,Salary,2020-07-06,37904.9,Active
508407,108145,10,Savings,2023-02-22,26791.96,Active
508408,104627,20,Salary,2025-10-24,96534.03,Active
508409,107701,38,Savings,2022-01-21,66300.38,Active
508410,105381,7,Salary,2017-07-27,929896.53,Active
508411,101098,39,Savings,2023-05-13,285722.61,Active
508412,107566,8,Savings,2022-08-11,510700.79,Active
508413,109660,10,Savings,2023-05-16,85394.64,Active
508414,109495,23,Savings,2023-06-22,195680.26,Active
508415,105552,8,Savings,2024-03-08,1480308.66,Active
508416,108448,7,Premium,2019-12-15,25654.21,Active
508417,109042,21,Savings,2022-06-06,47158.41,Active
508418,102842,3,Premium,2018-09-11,20812.31,Active
508419,102076,31,Salary,2019-05-29,153195.63,Active
508420,103377,28,Premium,2024-10-04,36395.4,Active
508421,107536,15,Salary,2022-01-25,60320.67,Dormant
508422,104481,26,Salary,2023-08-21,335301.51,Active
508423,104021,37,Salary,2021-05-25,48300.63,Active
508424,102059,1,Current,2022-12-10,93495.51,Active
508425,105994,36,Current,2017-07-18,167515.96,Active
508426,108222,5,Savings,2023-08-27,105596.74,Active
508427,103924,22,Savings,2025-07-19,103056.0,Dormant
508428,107035,26,Salary,2020-10-05,14742.14,Active
508429,104175,15,Savings,2017-06-24,163486.24,Active
508430,108435,15,Current,2023-10-30,23615.83,Active
508431,106094,33,Salary,2023-05-13,275084.26,Active
508432,100878,30,Savings,2018-11-12,170802.19,Active
508433,104075,27,Savings,2020-12-02,37330.29,Active
508434,107378,28,Salary,2022-09-28,135500.28,Active
508435,107299,39,Savings,2017-11-04,176594.39,Active
508436,106461,34,Current,2022-04-09,152327.06,Active
508437,100595,29,Premium,2024-11-05,117561.98,Active
508438,109485,14,Current,2023-04-21,59873.01,Active
508439,104559,3,Savings,2022-07-26,32332.5,Active
508440,102898,26,Current,2020-01-31,144670.39,Active
508441,103153,12,Salary,2018-09-21,208332.45,Active
508442,108437,17,Salary,2017-04-06,41793.08,Active
508443,109659,13,Salary,2024-06-25,340832.33,Dormant
508444,103920,15,Savings,2020-09-07,279485.01,Active
508445,109374,21,Current,2021-01-09,27326.84,Active
508446,107290,36,Premium,2018-04-14,246983.36,Active
508447,105951,32,Current,2019-09-21,85484.34,Active
508448,104468,22,Salary,2021-05-14,153864.95,Active
508449,105995,35,Salary,2020-08-04,158403.93,Active
508450,109773,33,Salary,2024-01-10,74960.39,Active
508451,101811,21,Savings,2018-10-25,14136.94,Active
508452,106999,11,Savings,2018-01-31,289952.38,Dormant
508453,104592,26,Salary,2021-06-04,33357.74,Active
508454,108684,23,Savings,2022-05-07,108079.82,Active
508455,100642,22,Salary,2021-11-25,125162.53,Active
508456,102387,10,Current,2025-01-16,295826.9,Active
508457,109751,16,Savings,2021-05-28,207835.82,Active
508458,103213,9,Savings,2018-05-08,85429.08,Active
508459,108293,5,Current,2021-12-14,165075.14,Closed
508460,101900,7,Savings,2022-04-07,31043.45,Active
508461,100308,7,Savings,2023-06-06,74031.2,Active
508462,100881,39,Savings,2023-03-08,253041.04,Active
508463,108400,37,Savings,2024-08-16,362124.87,Active
508464,107646,25,Savings,2017-04-25,165309.14,Active
508465,101427,5,Current,2021-06-11,167353.12,Active
508466,101541,8,Premium,2023-09-05,211530.18,Active
508467,102484,39,Savings,2021-09-30,71619.68,Active
508468,107906,4,Savings,2020-03-14,126284.59,Active
508469,107883,4,Salary,2018-09-11,214494.08,Active
508470,101253,33,Savings,2019-06-22,35942.39,Active
508471,101896,39,Salary,2022-10-02,21672.65,Active
508472,103551,25,Premium,2017-10-05,32698.22,Active
508473,104319,31,Savings,2020-10-02,15236.97,Active
508474,102797,38,Salary,2018-06-14,127321.43,Active
508475,103215,38,Salary,2018-08-23,43808.81,Active
508476,103315,36,Salary,2017-02-16,25136.0,Active
508477,106782,18,Savings,2019-05-14,219499.9,Active
508478,102949,40,Salary,2017-01-05,126711.32,Active
508479,100573,24,Salary,2019-03-09,821698.02,Active
508480,109004,13,Salary,2020-05-02,119317.66,Active
508481,103071,12,Savings,2021-07-12,53528.3,Active
508482,102727,20,Current,2019-01-19,261836.95,Active
508483,103096,13,Savings,2022-06-10,81093.24,Active
508484,102698,38,Savings,2022-09-16,37418.25,Active
508485,105401,37,Savings,2017-08-16,65553.82,Active
508486,101447,17,Savings,2017-07-09,58952.76,Dormant
508487,104398,19,Savings,2018-08-17,105760.95,Active
508488,102342,5,Savings,2022-12-13,174238.55,Active
508489,108451,35,Savings,2023-08-08,119791.97,Active
508490,104705,16,Savings,2019-11-25,37627.87,Active
508491,109005,39,Savings,2021-10-25,86462.76,Active
508492,107187,34,Salary,2025-01-09,87220.46,Active
508493,108228,8,Premium,2023-02-20,133295.14,Active
508494,101956,7,Premium,2019-10-21,38617.79,Active
508495,104113,5,Salary,2018-01-17,61282.48,Active
508496,106569,33,Savings,2025-05-06,57341.28,Active
508497,102659,12,Salary,2020-02-14,170306.09,Active
508498,108983,2,Savings,2025-04-25,225978.84,Active
508499,108939,33,Savings,2017-11-08,121137.35,Active
508500,101304,19,Savings,2020-11-16,25202.84,Active
508501,101441,7,Premium,2017-07-09,34612.89,Active
508502,104526,27,Current,2024-10-23,29931.92,Active
508503,104246,17,Savings,2020-09-04,123058.05,Active
508504,100577,14,Current,2017-10-14,68502.65,Active
508505,109512,36,Savings,2019-06-18,369825.65,Active
508506,106350,5,Savings,2023-09-08,708446.14,Active
508507,101415,17,Salary,2024-11-11,22160.03,Active
508508,101944,21,Savings,2024-02-16,27156.2,Active
508509,109881,18,Current,2025-11-18,14510.1,Dormant
508510,102258,34,Salary,2017-11-27,63774.6,Closed
508511,103741,1,Savings,2020-01-05,117889.04,Active
508512,100693,29,Current,2025-11-10,77382.69,Active
508513,105990,31,Savings,2022-07-13,36669.0,Active
508514,102103,12,Current,2017-03-11,202222.28,Active
508515,107278,26,Savings,2025-07-04,74489.32,Active
508516,108665,23,Salary,2020-02-10,273211.54,Dormant
508517,109441,38,Savings,2025-10-24,145340.39,Active
508518,107492,17,Current,2018-11-17,952381.57,Active
508519,100257,36,Savings,2019-07-16,45102.88,Active
508520,104988,20,Salary,2019-04-17,17266.16,Active
508521,100796,1,Salary,2024-08-19,80038.16,Active
508522,106396,14,Current,2020-03-28,15412.98,Dormant
508523,100876,22,Savings,2022-09-18,320655.29,Active
508524,100879,10,Current,2024-12-09,32041.09,Active
508525,101754,5,Savings,2021-05-27,25466.07,Active
508526,100822,26,Savings,2022-10-23,206060.9,Active
508527,106276,17,Premium,2023-05-12,35594.33,Dormant
508528,105683,15,Savings,2023-12-25,79781.26,Active
508529,109151,21,Current,2017-05-05,499803.36,Active
508530,100329,15,Premium,2024-11-07,42594.78,Active
508531,108911,30,Current,2022-11-28,66662.52,Active
508532,102350,9,Current,2024-04-09,55541.14,Active
508533,109945,17,Current,2025-02-13,73855.77,Active
508534,102268,29,Savings,2017-01-21,135920.96,Active
508535,109622,35,Savings,2020-11-26,38008.47,Active
508536,109394,22,Savings,2021-10-04,126929.36,Active
508537,104586,19,Premium,2020-04-03,139968.98,Active
508538,106271,9,Savings,2024-01-25,55178.48,Active
508539,101705,17,Savings,2020-09-01,16155.62,Active
508540,103146,40,Savings,2017-04-11,83271.08,Active
508541,100348,1,Savings,2025-03-12,204830.45,Active
508542,100441,17,Current,2025-08-06,430435.55,Active
508543,100837,29,Current,2022-07-03,149345.64,Active
508544,107451,13,Savings,2023-08-26,47686.14,Active
508545,103201,26,Savings,2017-06-19,91052.28,Active
508546,104648,25,Savings,2021-12-08,59592.8,Active
508547,101257,33,Current,2023-12-06,8268.66,Active
508548,105237,33,Savings,2024-12-09,20301.08,Active
508549,108072,38,Savings,2022-02-26,224797.46,Active
508550,105259,33,Salary,2019-05-18,32481.45,Active
508551,106036,31,Current,2022-03-21,74470.36,Active
508552,107380,6,Savings,2019-03-09,30912.91,Closed
508553,105908,29,Salary,2018-04-27,446104.47,Dormant
508554,104390,11,Salary,2023-11-24,21411.11,Active
508555,105248,32,Savings,2022-01-27,167600.4,Active
508556,105976,20,Current,2021-12-02,76308.45,Active
508557,100545,36,Savings,2017-10-28,373544.85,Active
508558,102790,34,Savings,2025-12-22,19209.57,Active
508559,101377,17,Savings,2018-03-31,40935.99,Active
508560,109620,16,Current,2021-11-14,230923.98,Dormant
508561,104990,21,Salary,2025-11-20,181138.05,Active
508562,101314,24,Salary,2019-10-01,110929.49,Active
508563,103956,35,Savings,2023-12-25,35683.88,Active
508564,102145,24,Savings,2020-10-27,137707.3,Active
508565,104382,14,Current,2021-04-26,65263.79,Active
508566,104108,31,Salary,2022-04-22,117414.49,Active
508567,104770,12,Savings,2025-02-20,90718.29,Active
508568,105746,4,Salary,2024-09-18,235534.71,Active
508569,106755,17,Savings,2019-06-03,1091872.98,Active
508570,108309,39,Current,2023-08-29,67988.67,Active
508571,102984,31,Savings,2023-08-16,148034.03,Dormant
508572,109982,40,Current,2023-01-01,148274.48,Active
508573,101928,5,Salary,2017-09-20,135245.73,Active
508574,100369,27,Savings,2023-06-18,49013.06,Active
508575,105352,12,Current,2022-02-26,399845.92,Active
508576,101353,4,Premium,2018-06-16,39205.3,Active
508577,108437,7,Savings,2023-03-11,436868.85,Active
508578,106746,27,Current,2023-07-31,53553.75,Active
508579,107965,32,Salary,2022-10-28,64881.26,Active
508580,102748,29,Savings,2022-05-28,26426.47,Active
508581,107100,7,Savings,2025-06-14,118832.92,Active
508582,106961,26,Premium,2023-10-26,23046.77,Active
508583,103998,29,Salary,2024-08-14,167030.39,Active
508584,107960,7,Savings,2020-02-25,281326.45,Active
508585,105312,40,Current,2019-05-25,22141.14,Active
508586,108633,29,Savings,2018-10-30,32283.09,Active
508587,101052,26,Current,2017-12-09,174865.89,Active
508588,100903,25,Savings,2024-07-06,674759.17,Active
508589,109097,22,Savings,2025-01-18,72221.77,Active
508590,102640,4,Savings,2026-01-11,218654.17,Active
508591,103728,19,Savings,2024-02-14,48800.86,Active
508592,108780,22,Current,2022-11-04,116310.84,Active
508593,107585,20,Salary,2023-01-09,146847.83,Active
508594,102962,38,Salary,2023-02-04,50147.64,Active
508595,100303,33,Savings,2024-12-28,449918.88,Active
508596,107553,39,Current,2020-06-25,27767.76,Active
508597,101334,24,Salary,2018-11-07,267295.76,Active
508598,107965,27,Salary,2023-03-10,60642.8,Active
508599,103667,1,Savings,2019-01-23,261879.51,Active
508600,107977,19,Savings,2018-09-05,234111.81,Active
508601,107448,18,Savings,2025-07-10,175539.96,Active
508602,104415,6,Salary,2025-05-21,857429.84,Active
508603,108008,34,Savings,2019-02-23,89994.54,Active
508604,104640,37,Current,2017-02-03,580905.84,Active
508605,102997,8,Current,2017-02-20,35560.86,Dormant
508606,109406,23,Savings,2017-12-30,61029.79,Active
508607,102672,6,Savings,2022-10-01,36083.18,Dormant
508608,100673,10,Current,2023-06-19,76190.13,Active
508609,101005,37,Savings,2020-03-08,25119.6,Active
508610,102854,8,Savings,2019-04-02,282932.52,Active
508611,103342,18,Savings,2020-04-13,1921641.2,Active
508612,103267,21,Savings,2018-05-07,404064.48,Active
508613,100629,25,Savings,2025-03-02,16398.75,Active
508614,103272,18,Savings,2018-01-30,44186.29,Dormant
508615,108030,1,Savings,2024-03-13,92063.98,Active
508616,103623,13,Savings,2018-08-19,62521.9,Active
508617,101403,22,Savings,2025-07-25,113269.89,Active
508618,105296,32,Premium,2025-03-24,535457.64,Active
508619,104587,21,Salary,2019-09-10,119397.96,Active
508620,107020,26,Savings,2024-02-09,31890.1,Active
508621,102030,19,Salary,2018-04-05,13467.69,Active
508622,109097,15,Savings,2020-12-05,94291.57,Active
508623,107897,26,Salary,2019-09-06,22381.92,Active
508624,106218,21,Savings,2021-09-03,213752.38,Active
508625,108273,22,Premium,2023-01-19,84896.29,Active
508626,109824,23,Savings,2021-06-08,29503.68,Active
508627,109995,36,Savings,2017-01-08,76713.37,Active
508628,105434,17,Current,2018-03-19,87910.8,Active
508629,105357,19,Savings,2022-07-30,44059.07,Dormant
508630,108009,5,Savings,2021-06-05,44072.21,Active
508631,104635,30,Salary,2023-11-26,38773.62,Dormant
508632,105479,2,Salary,2025-03-26,40962.84,Active
508633,103644,12,Savings,2019-12-04,13873.46,Active
508634,100279,7,Savings,2021-03-23,553617.54,Active
508635,105040,33,Current,2017-08-22,149296.23,Active
508636,101620,6,Savings,2021-05-03,709526.6,Active
508637,105776,9,Savings,2019-08-29,292021.17,Active
508638,101986,1,Savings,2026-01-12,63149.81,Active
508639,108910,19,Premium,2024-07-16,39191.76,Active
508640,107973,6,Savings,2021-01-08,16390.09,Active
508641,104347,19,Current,2020-08-06,86264.38,Active
508642,109845,28,Current,2019-08-19,98616.7,Active
508643,104429,14,Current,2023-04-06,17830.16,Active
508644,100332,17,Savings,2023-11-29,59180.86,Dormant
508645,101162,29,Savings,2023-06-09,217495.6,Active
508646,108785,28,Premium,2021-02-06,108264.83,Active
508647,104436,17,Salary,2025-06-01,212518.64,Active
508648,107525,14,Current,2022-11-03,57563.38,Active
508649,107636,9,Current,2022-04-24,1553137.05,Active
508650,106433,39,Premium,2025-12-20,132458.03,Active
508651,103696,39,Savings,2018-01-05,26870.86,Active
508652,109742,19,Current,2023-10-05,46645.56,Active
508653,105971,5,Current,2024-02-07,16137.16,Active
508654,100061,40,Current,2021-09-21,131156.98,Active
508655,108115,3,Salary,2024-01-14,34507.32,Active
508656,103632,31,Savings,2021-07-11,173218.91,Active
508657,102749,19,Savings,2021-08-07,346519.22,Active
508658,104528,37,Savings,2021-06-09,18760.43,Active
508659,104483,21,Current,2018-09-14,191517.47,Active
508660,101714,18,Savings,2020-12-30,287073.37,Active
508661,103508,34,Salary,2025-12-04,168344.15,Active
508662,104150,7,Savings,2025-03-20,252104.8,Active
508663,101516,36,Savings,2024-07-18,21252.36,Active
508664,100284,10,Salary,2017-03-26,100725.18,Active
508665,101611,5,Savings,2021-02-26,33607.39,Active
508666,107106,39,Savings,2019-01-15,235577.36,Closed
508667,101557,12,Salary,2020-07-23,81480.17,Active
508668,109550,40,Savings,2017-12-14,106948.07,Active
508669,107978,33,Salary,2023-11-30,43205.0,Active
508670,100152,16,Savings,2022-03-17,145947.68,Active
508671,104742,37,Savings,2023-07-11,27526.5,Active
508672,101319,1,Current,2022-05-13,98121.88,Active
508673,100905,26,Savings,2017-02-27,109046.9,Active
508674,101827,13,Salary,2025-12-28,47535.0,Active
508675,105183,15,Salary,2020-03-30,18300.48,Active
508676,101460,30,Savings,2018-04-04,91758.72,Active
508677,102863,6,Current,2018-12-22,92674.53,Active
508678,102689,9,Savings,2022-06-04,102556.67,Dormant
508679,104301,12,Savings,2018-12-21,95538.26,Active
508680,109367,23,Salary,2023-10-28,57508.32,Active
508681,103776,19,Premium,2024-03-05,312874.0,Active
508682,109531,3,Savings,2021-01-14,64578.1,Active
508683,103629,17,Premium,2024-12-07,76121.74,Active
508684,108116,7,Current,2023-04-01,117186.34,Active
508685,109851,22,Savings,2019-06-29,132480.93,Active
508686,108191,28,Savings,2021-03-10,43496.75,Active
508687,109525,17,Premium,2019-02-05,21331.37,Active
508688,108956,8,Current,2022-09-07,51723.63,Closed
508689,107634,11,Savings,2024-12-29,23422.28,Active
508690,108538,35,Savings,2023-11-26,202148.6,Active
508691,103079,13,Savings,2023-09-14,18856.4,Active
508692,105180,5,Current,2025-05-28,14626.87,Dormant
508693,101454,40,Salary,2020-01-20,16786.06,Active
508694,101158,40,Salary,2023-06-26,132582.08,Active
508695,105212,29,Savings,2021-10-27,15940.51,Active
508696,100958,38,Savings,2023-10-23,69388.35,Active
508697,109310,39,Savings,2017-06-14,39512.25,Active
508698,101649,35,Savings,2025-02-14,11878.78,Active
508699,104078,25,Savings,2025-10-16,188727.29,Active
508700,104945,19,Salary,2024-07-16,71088.71,Active
508701,103777,3,Current,2021-12-27,152627.05,Active
508702,103936,40,Savings,2025-09-21,62962.88,Active
508703,101356,20,Savings,2017-01-24,50874.79,Dormant
508704,104881,40,Savings,2022-01-09,43362.3,Active
508705,106294,13,Current,2023-04-22,174430.46,Active
508706,100817,37,Savings,2018-01-13,80719.1,Active
508707,106376,15,Savings,2019-08-30,137268.42,Active
508708,102609,25,Salary,2018-01-18,113135.68,Active
508709,100679,14,Savings,2022-05-19,172434.09,Active
508710,109516,12,Savings,2020-06-29,23194.3,Active
508711,103448,37,Current,2020-10-27,124892.8,Active
508712,103535,17,Premium,2025-07-27,17381.28,Active
508713,101097,17,Savings,2025-09-12,105541.88,Active
508714,100910,35,Savings,2017-08-26,53303.65,Active
508715,103921,32,Savings,2017-08-14,71052.01,Active
508716,102256,29,Savings,2023-05-28,518250.9,Active
508717,104659,39,Salary,2017-10-24,115961.82,Active
508718,101633,23,Current,2023-01-29,281929.37,Active
508719,106661,16,Savings,2019-08-24,23410.21,Active
508720,108439,19,Savings,2024-08-14,34121.2,Active
508721,103449,25,Savings,2018-02-04,35141.28,Active
508722,105582,26,Current,2024-04-07,28341.9,Active
508723,102793,18,Savings,2017-12-20,72119.54,Active
508724,103755,24,Savings,2023-02-14,47259.84,Active
508725,109456,6,Salary,2019-12-20,31597.4,Active
508726,106869,9,Salary,2023-06-08,46291.65,Active
508727,107913,30,Current,2020-09-07,104141.27,Active
508728,105121,19,Savings,2019-10-14,437544.51,Active
508729,108833,36,Savings,2025-12-16,201412.52,Active
508730,105746,38,Salary,2020-09-11,188563.55,Active
508731,102456,26,Premium,2019-08-24,92915.93,Active
508732,108648,3,Salary,2024-03-23,215581.58,Active
508733,100811,11,Premium,2024-06-29,32725.85,Active
508734,109975,27,Current,2022-10-15,953717.9,Active
508735,107967,18,Savings,2021-05-13,137650.44,Active
508736,105979,28,Salary,2024-09-03,53589.55,Active
508737,105545,20,Current,2022-05-16,47200.33,Active
508738,109287,37,Savings,2022-02-04,214346.24,Active
508739,104766,8,Savings,2018-03-10,232353.37,Closed
508740,105198,15,Current,2021-06-18,39688.12,Active
508741,108401,37,Savings,2023-02-02,29557.29,Active
508742,106624,9,Savings,2018-11-19,744350.95,Active
508743,109238,7,Savings,2022-01-28,102749.16,Active
508744,106574,30,Premium,2020-04-27,192238.72,Active
508745,107960,30,Current,2024-11-28,189760.29,Active
508746,102696,1,Salary,2024-12-31,17048.47,Active
508747,105429,38,Savings,2018-05-23,372999.21,Active
508748,108708,40,Savings,2024-07-21,66810.86,Active
508749,104708,16,Savings,2017-03-18,665307.29,Active
508750,102651,18,Savings,2022-12-26,203821.53,Active
508751,100868,15,Salary,2019-12-04,50914.28,Active
508752,108307,4,Savings,2024-09-11,26460.12,Active
508753,107938,18,Salary,2024-05-30,123983.56,Active
508754,105373,26,Current,2020-10-09,29769.4,Active
508755,100118,29,Savings,2017-04-18,42927.61,Active
508756,106452,25,Savings,2021-04-28,90570.42,Active
508757,106521,38,Salary,2022-08-08,34041.88,Active
508758,101883,23,Current,2018-09-06,524314.69,Active
508759,108189,4,Current,2020-09-13,38312.61,Active
508760,108699,32,Salary,2022-12-19,74841.91,Active
508761,107802,2,Savings,2024-01-22,26549.81,Active
508762,102105,39,Current,2024-02-29,22798.56,Dormant
508763,101046,25,Savings,2020-03-22,366773.95,Active
508764,109863,19,Current,2021-09-01,97149.83,Dormant
508765,105986,28,Savings,2022-08-10,301992.25,Active
508766,109594,4,Savings,2023-05-17,262296.37,Active
508767,107097,36,Current,2018-11-01,68744.39,Active
508768,109621,32,Savings,2024-12-06,74133.6,Dormant
508769,101807,39,Savings,2018-04-08,201306.61,Closed
508770,103356,20,Salary,2024-11-04,209009.33,Active
508771,104550,39,Savings,2022-09-13,89519.69,Dormant
508772,106592,25,Savings,2022-10-25,431399.24,Active
508773,100337,40,Salary,2021-04-29,39945.61,Closed
508774,103448,23,Savings,2025-09-14,355728.99,Active
508775,100525,26,Savings,2021-03-27,6565.28,Dormant
508776,101401,32,Premium,2019-02-09,35684.57,Active
508777,107694,28,Current,2025-11-18,26632.05,Active
508778,102624,34,Savings,2021-06-22,135418.21,Active
508779,104499,22,Salary,2025-01-02,148970.56,Active
508780,103823,5,Salary,2022-05-09,103436.71,Active
508781,106746,19,Premium,2020-01-09,30616.6,Active
508782,108322,19,Savings,2017-12-18,105951.32,Active
508783,108516,34,Current,2019-11-23,18522.93,Dormant
508784,101454,26,Salary,2018-10-30,15855.11,Active
508785,100168,40,Savings,2020-08-26,142823.54,Closed
508786,109460,8,Savings,2017-07-21,78342.08,Active
508787,101956,31,Savings,2017-12-26,37961.91,Active
508788,100925,37,Savings,2017-10-31,44275.01,Active
508789,100825,11,Savings,2021-11-15,22182.11,Dormant
508790,109150,38,Current,2019-01-24,218258.81,Active
508791,107164,6,Savings,2019-05-08,204464.56,Active
508792,104369,40,Current,2024-04-12,387380.77,Active
508793,104085,6,Salary,2021-04-23,68120.72,Active
508794,108567,7,Savings,2022-01-26,8457.29,Active
508795,103753,22,Savings,2018-07-31,5433.26,Active
508796,103920,34,Savings,2024-09-24,62888.25,Active
508797,107711,22,Salary,2023-08-01,91103.75,Active
508798,106883,20,Salary,2025-02-15,189683.3,Active
508799,102920,14,Salary,2019-09-27,93625.34,Active
508800,107455,15,Savings,2017-10-04,61746.09,Active
508801,100364,32,Savings,2019-01-13,140719.86,Active
508802,106741,10,Savings,2022-12-30,116063.27,Active
508803,109494,31,Savings,2020-08-04,98603.99,Active
508804,109602,34,Savings,2019-08-29,124366.87,Active
508805,106410,33,Savings,2024-05-21,198780.1,Active
508806,106760,34,Savings,2022-04-22,15686.44,Active
508807,101140,19,Savings,2021-06-24,26104.14,Active
508808,101258,6,Salary,2021-10-30,41782.91,Active
508809,100482,28,Savings,2020-05-08,55055.81,Active
508810,101744,33,Savings,2019-09-14,55322.5,Active
508811,100965,20,Savings,2023-01-12,49894.11,Active
508812,100299,7,Current,2023-05-14,81192.71,Dormant
508813,105846,5,Salary,2018-04-24,32696.13,Active
508814,101061,6,Salary,2025-10-18,118842.23,Active
508815,106606,16,Current,2017-11-29,216815.34,Active
508816,100638,5,Salary,2025-08-03,53571.35,Active
508817,109324,25,Savings,2025-12-04,35643.27,Active
508818,101361,29,Savings,2017-05-07,125427.23,Active
508819,102978,9,Current,2022-07-23,85202.13,Active
508820,107386,32,Savings,2025-02-08,155133.48,Active
508821,103905,13,Salary,2018-05-08,47242.29,Active
508822,105573,16,Current,2021-02-04,43230.14,Dormant
508823,100527,40,Premium,2020-11-13,189732.99,Active
508824,107268,14,Savings,2026-01-06,120403.85,Active
508825,100513,21,Salary,2020-06-03,83286.05,Dormant
508826,103854,22,Salary,2021-12-13,93297.98,Active
508827,103431,32,Salary,2024-10-27,290519.44,Active
508828,104000,16,Salary,2017-07-25,109776.05,Active
508829,109862,36,Salary,2021-04-05,192493.9,Active
508830,102067,14,Current,2019-08-28,263207.56,Active
508831,107309,11,Savings,2018-12-16,45690.76,Active
508832,106906,8,Salary,2024-05-09,109615.07,Active
508833,108184,1,Savings,2020-05-18,71351.51,Closed
508834,109020,23,Current,2020-03-10,111071.45,Active
508835,107555,38,Current,2025-10-07,279418.59,Active
508836,101925,24,Premium,2025-01-18,156733.44,Active
508837,105232,17,Savings,2018-05-25,69497.99,Active
508838,105352,28,Salary,2018-08-15,73244.54,Active
508839,100280,39,Current,2023-10-05,90204.19,Active
508840,109417,1,Savings,2017-04-03,325129.27,Active
508841,109827,15,Current,2021-12-28,97068.9,Active
508842,108712,21,Salary,2024-09-24,74875.27,Active
508843,104455,3,Savings,2018-11-08,92169.23,Active
508844,101342,30,Salary,2017-08-12,290446.82,Active
508845,100516,37,Savings,2019-09-18,28138.42,Active
508846,101896,36,Savings,2021-09-30,46806.59,Active
508847,108737,8,Premium,2018-10-25,134359.62,Active
508848,103504,15,Salary,2018-11-08,57022.69,Active
508849,107759,20,Savings,2019-08-27,50796.37,Active
508850,103895,37,Salary,2019-03-29,28450.08,Active
508851,102236,25,Savings,2021-09-07,50916.12,Active
508852,100382,32,Savings,2025-02-26,569495.38,Active
508853,107009,33,Savings,2018-04-27,83171.95,Active
508854,101648,10,Salary,2024-02-01,47290.51,Active
508855,103984,26,Savings,2018-09-01,113667.62,Active
508856,101517,23,Savings,2020-07-07,84979.02,Dormant
508857,102216,26,Savings,2021-07-14,271238.33,Active
508858,104529,4,Savings,2025-07-29,276056.03,Active
508859,102744,32,Salary,2023-04-18,104804.87,Active
508860,102396,24,Savings,2022-09-06,908064.92,Active
508861,103932,4,Salary,2023-02-18,16554.42,Active
508862,104391,36,Premium,2023-08-11,49076.23,Active
508863,108316,39,Savings,2024-03-09,593911.33,Active
508864,109192,35,Savings,2020-12-14,12509.7,Dormant
508865,100966,14,Savings,2023-06-20,225044.17,Active
508866,102622,28,Premium,2022-03-14,80548.41,Active
508867,103110,25,Current,2021-04-24,238674.84,Active
508868,109054,22,Salary,2020-08-22,27341.25,Active
508869,102658,21,Current,2020-09-12,120698.98,Active
508870,105206,15,Salary,2025-08-21,39187.97,Active
508871,105703,31,Current,2020-03-15,61271.09,Active
508872,106350,11,Savings,2019-07-26,88304.06,Dormant
508873,103074,12,Salary,2025-10-10,40205.23,Active
508874,104310,7,Savings,2018-12-15,23666.18,Active
508875,100944,3,Savings,2025-03-18,49384.06,Active
508876,107274,36,Savings,2022-09-26,30560.47,Active
508877,107944,16,Current,2019-08-31,191823.73,Active
508878,104673,10,Savings,2021-01-07,29564.42,Active
508879,100419,21,Salary,2023-06-11,281281.86,Active
508880,105531,25,Salary,2020-07-20,425362.69,Active
508881,106000,1,Salary,2020-06-30,105812.81,Active
508882,105480,9,Savings,2017-05-30,21014.27,Active
508883,105153,40,Current,2025-03-28,194601.41,Active
508884,106291,26,Savings,2022-01-18,32254.2,Active
508885,107603,14,Savings,2022-10-01,22292.26,Active
508886,102224,2,Savings,2018-08-24,43751.6,Active
508887,108603,15,Salary,2020-10-30,50262.9,Active
508888,101314,19,Current,2024-02-13,219469.67,Active
508889,101905,35,Savings,2018-10-25,59345.08,Active
508890,101240,20,Savings,2018-02-10,49373.78,Active
508891,109565,39,Current,2025-12-28,58992.5,Active
508892,109759,11,Savings,2018-03-13,21492.84,Active
508893,105091,6,Current,2018-06-05,25265.0,Active
508894,106696,21,Premium,2025-05-26,95361.01,Active
508895,103113,40,Savings,2021-01-16,75368.17,Active
508896,107244,8,Salary,2018-07-10,25547.09,Dormant
508897,101000,37,Savings,2020-07-17,22623.53,Active
508898,106369,11,Savings,2023-11-25,23234.32,Active
508899,109721,18,Salary,2020-07-07,127189.28,Active
508900,101589,18,Savings,2019-09-02,11570.91,Active
508901,105245,28,Savings,2024-03-31,163680.45,Closed
508902,106965,12,Salary,2025-10-12,68760.36,Closed
508903,105515,4,Salary,2018-12-15,238115.6,Active
508904,107751,35,Savings,2020-10-23,21535.16,Active
508905,104164,40,Savings,2018-04-14,38512.41,Active
508906,102409,27,Salary,2019-08-03,15913.02,Active
508907,107568,17,Savings,2020-10-27,22358.38,Active
508908,108271,35,Savings,2018-04-29,120206.8,Active
508909,100424,15,Savings,2022-01-14,38833.13,Active
508910,106779,33,Current,2025-06-02,167324.64,Active
508911,105310,3,Premium,2021-09-19,21911.21,Active
508912,103627,19,Current,2024-06-10,42912.95,Active
508913,107068,33,Current,2024-04-15,251756.75,Dormant
508914,105944,23,Salary,2025-11-16,100743.46,Active
508915,106270,39,Savings,2025-01-22,4060.95,Active
508916,100756,14,Savings,2017-05-30,137480.88,Active
508917,105711,4,Savings,2022-11-28,22306.52,Active
508918,108861,38,Savings,2023-07-13,270402.78,Active
508919,107585,15,Current,2020-08-05,119597.04,Active
508920,105465,34,Savings,2020-10-03,45112.4,Active
508921,107101,34,Salary,2019-03-26,62299.14,Active
508922,107385,40,Salary,2021-10-26,283251.4,Active
508923,104553,26,Current,2024-09-22,14634.4,Active
508924,107599,12,Savings,2020-01-07,27878.39,Active
508925,102228,19,Current,2022-08-31,184544.24,Dormant
508926,108274,27,Current,2025-03-27,61260.42,Active
508927,107498,7,Salary,2021-09-10,245344.62,Active
508928,102521,34,Salary,2019-07-01,446638.0,Active
508929,104492,2,Premium,2024-05-29,170606.54,Dormant
508930,104228,20,Savings,2018-11-29,214548.0,Active
508931,100399,19,Savings,2025-01-03,81010.56,Active
508932,105486,38,Salary,2019-09-01,100749.73,Active
508933,104019,40,Salary,2025-05-08,30319.84,Dormant
508934,109044,22,Savings,2024-08-02,172517.69,Active
508935,100318,29,Current,2017-07-11,847236.61,Active
508936,100531,17,Premium,2020-05-11,189120.18,Active
508937,104322,17,Savings,2021-08-06,28376.16,Active
508938,108127,40,Savings,2025-05-03,282324.58,Active
508939,103777,23,Savings,2021-07-21,172335.31,Active
508940,102195,17,Savings,2021-11-18,77952.98,Active
508941,100612,28,Savings,2019-10-06,281846.11,Active
508942,101950,2,Savings,2017-07-12,340218.26,Active
508943,108599,27,Savings,2018-07-29,101979.34,Active
508944,107547,28,Current,2022-07-04,60056.9,Active
508945,109324,13,Salary,2022-08-06,73211.04,Active
508946,107123,26,Savings,2022-12-06,12878.77,Dormant
508947,108641,21,Salary,2024-12-09,37741.18,Dormant
508948,103277,11,Savings,2025-05-09,152725.33,Active
508949,102524,37,Savings,2020-11-27,90451.51,Active
508950,107916,14,Savings,2022-01-12,80325.37,Active
508951,105206,21,Premium,2021-12-25,101513.79,Active
508952,101608,22,Salary,2025-01-12,149964.1,Active
508953,101375,32,Current,2021-02-01,242753.66,Active
508954,100352,22,Savings,2018-12-25,59311.36,Active
508955,105010,22,Savings,2017-02-23,7282.66,Active
508956,107738,4,Savings,2017-03-06,22554.64,Active
508957,102658,33,Current,2021-05-17,38136.85,Active
508958,105258,10,Current,2019-05-21,22780.82,Active
508959,103013,26,Savings,2022-02-11,54263.35,Active
508960,103279,29,Savings,2023-12-26,12735.14,Active
508961,100660,13,Savings,2017-09-29,42651.57,Active
508962,104938,35,Current,2024-06-08,114601.55,Active
508963,109824,32,Salary,2022-12-24,13302.77,Active
508964,103621,15,Savings,2018-10-20,55384.33,Active
508965,107169,13,Current,2018-05-04,214138.11,Active
508966,100671,20,Salary,2024-10-29,82673.33,Active
508967,104217,27,Savings,2025-01-09,21989.55,Active
508968,104813,21,Savings,2025-02-26,71781.09,Active
508969,109846,35,Savings,2022-05-23,20217.75,Closed
508970,106668,8,Current,2024-07-12,97916.61,Active
508971,105696,14,Savings,2024-05-06,226027.14,Active
508972,101244,23,Savings,2025-12-10,42347.67,Active
508973,100977,30,Savings,2018-12-07,154611.26,Active
508974,101834,9,Salary,2017-06-05,24739.17,Active
508975,105951,13,Savings,2021-07-31,120192.75,Active
508976,105763,7,Savings,2026-01-01,278481.03,Closed
508977,100582,25,Current,2023-05-08,47606.07,Active
508978,105949,8,Savings,2018-09-24,142973.44,Active
508979,106131,2,Premium,2023-04-02,168978.88,Dormant
508980,100706,20,Salary,2023-02-09,155889.04,Active
508981,100109,38,Savings,2018-06-23,21698.4,Active
508982,101178,9,Current,2022-11-03,65333.11,Active
508983,105289,28,Current,2024-07-16,37887.02,Active
508984,106318,26,Savings,2024-09-06,581218.45,Active
508985,106055,21,Current,2018-01-15,33011.86,Active
508986,103400,16,Current,2019-10-26,178015.98,Active
508987,109291,16,Salary,2018-09-22,33451.45,Active
508988,103264,32,Savings,2025-06-20,236636.91,Active
508989,108835,15,Savings,2023-12-28,303175.31,Active
508990,109688,17,Savings,2020-12-06,24984.43,Active
508991,105963,25,Savings,2017-06-18,160096.26,Active
508992,102298,7,Savings,2022-09-10,38195.11,Active
508993,101647,32,Salary,2019-10-25,187910.47,Active
508994,108049,10,Current,2024-05-02,84958.58,Closed
508995,101988,25,Savings,2024-02-03,109911.64,Active
508996,102708,33,Savings,2024-10-01,410568.67,Active
508997,109098,20,Premium,2021-05-07,486290.36,Active
508998,105170,13,Salary,2024-03-21,90905.42,Active
508999,100864,13,Savings,2021-06-11,127237.1,Active
509000,108634,40,Salary,2024-01-05,54476.81,Active
509001,106101,19,Salary,2017-08-04,162460.83,Active
509002,104824,32,Savings,2021-07-25,23824.7,Active
509003,109306,30,Current,2017-12-01,134647.77,Dormant
509004,103947,13,Savings,2022-03-03,44632.62,Active
509005,104851,37,Premium,2019-12-26,186027.53,Dormant
509006,103261,25,Salary,2018-10-10,17584.65,Active
509007,109403,39,Salary,2018-02-01,56308.35,Active
509008,109732,28,Salary,2017-07-13,276733.07,Closed
509009,109641,36,Current,2017-03-14,185890.01,Closed
509010,103550,17,Savings,2022-05-06,188296.76,Active
509011,106866,26,Salary,2022-03-20,51271.8,Active
509012,107754,13,Savings,2018-02-28,562650.36,Active
509013,103468,11,Salary,2021-11-09,29593.05,Active
509014,103661,6,Savings,2025-07-07,171526.18,Active
509015,106359,5,Salary,2025-06-22,70682.34,Active
509016,109798,37,Salary,2024-04-05,24972.69,Active
509017,100569,16,Savings,2021-06-30,62848.49,Active
509018,107771,30,Savings,2017-11-17,94817.31,Dormant
509019,107451,3,Current,2020-03-27,85137.54,Active
509020,108902,9,Salary,2022-06-15,53047.29,Active
509021,106888,20,Savings,2017-09-29,60313.19,Closed
509022,105909,27,Current,2017-10-15,186985.46,Active
509023,106618,37,Current,2024-02-29,69472.21,Active
509024,108829,4,Savings,2023-05-17,57713.03,Active
509025,100418,39,Premium,2022-08-08,60676.42,Active
509026,107139,25,Savings,2017-08-03,516664.09,Active
509027,103520,40,Savings,2019-12-26,99757.56,Active
509028,101270,5,Salary,2024-02-03,921410.38,Active
509029,108427,39,Salary,2022-12-12,41977.25,Active
509030,105243,16,Savings,2018-12-07,391112.97,Active
509031,106095,13,Premium,2022-03-30,73204.01,Active
509032,102453,1,Salary,2018-04-15,96256.0,Active
509033,107283,22,Salary,2022-01-06,72419.68,Active
509034,100818,38,Savings,2023-03-07,31321.14,Active
509035,101603,5,Salary,2020-11-27,333584.56,Active
509036,108732,16,Current,2022-05-15,157086.63,Active
509037,109687,16,Current,2022-09-09,36899.28,Active
509038,100643,6,Savings,2023-07-08,20663.28,Active
509039,109118,24,Premium,2019-12-21,493980.07,Closed
509040,106721,22,Premium,2021-08-26,70883.05,Active
509041,104626,22,Salary,2020-03-01,113563.71,Active
509042,102898,9,Salary,2024-09-30,161249.1,Active
509043,104747,2,Current,2017-03-06,148807.53,Active
509044,106641,15,Savings,2022-02-21,137237.39,Active
509045,106964,21,Savings,2023-07-04,161854.43,Active
509046,100055,16,Savings,2025-01-21,64921.85,Active
509047,108531,33,Current,2018-10-14,13087.84,Active
509048,106429,35,Salary,2020-10-05,428393.29,Active
509049,106607,24,Salary,2025-11-23,48007.43,Active
509050,105371,10,Salary,2024-01-23,20435.36,Active
509051,103720,33,Salary,2017-07-29,170960.1,Active
509052,107488,6,Premium,2022-01-07,825381.69,Active
509053,100194,11,Savings,2025-03-03,197005.14,Active
509054,104978,8,Savings,2019-12-18,68991.76,Active
509055,101688,4,Savings,2022-08-03,127311.61,Active
509056,107600,3,Premium,2019-01-31,48166.1,Active
509057,105111,6,Savings,2017-08-10,41792.57,Active
509058,109483,21,Savings,2021-07-03,53537.44,Active
509059,106498,24,Savings,2021-05-07,49726.95,Active
509060,106261,32,Savings,2019-06-07,82111.84,Active
509061,104941,31,Savings,2019-04-12,530003.05,Active
509062,105635,30,Current,2022-08-04,59961.23,Active
509063,107873,4,Savings,2017-09-18,29341.52,Active
509064,105607,8,Savings,2017-12-30,57650.79,Closed
509065,109083,27,Current,2024-12-21,91927.61,Active
509066,103538,2,Savings,2017-09-21,358603.68,Active
509067,102754,14,Savings,2024-01-30,559406.09,Active
509068,108370,21,Salary,2026-01-11,27978.09,Active
509069,102069,32,Savings,2024-10-16,51890.51,Active
509070,104852,16,Savings,2017-09-21,74989.83,Closed
509071,108611,31,Savings,2025-03-20,9150.39,Active
509072,102402,33,Salary,2018-06-16,13623.53,Active
509073,100329,3,Salary,2025-02-04,63217.76,Active
509074,105675,23,Salary,2017-08-17,64535.86,Active
509075,105412,9,Savings,2019-11-22,31731.03,Closed
509076,105498,19,Savings,2018-08-31,445673.58,Closed
509077,109269,39,Savings,2021-05-13,93796.83,Dormant
509078,100115,33,Salary,2021-04-08,80016.73,Active
509079,101069,39,Current,2022-09-27,244079.21,Active
509080,107406,12,Salary,2018-08-21,317900.32,Active
509081,109695,10,Savings,2021-12-13,432476.95,Active
509082,100356,8,Premium,2023-08-01,18481.14,Active
509083,102555,3,Savings,2023-12-11,76154.43,Dormant
509084,102027,4,Savings,2022-03-03,55318.13,Active
509085,102446,31,Current,2024-02-15,23853.09,Active
509086,104471,14,Salary,2017-11-28,64500.67,Active
509087,101445,17,Current,2018-07-21,58488.54,Active
509088,108952,1,Savings,2018-07-17,32647.66,Active
509089,109852,20,Salary,2019-12-16,212921.62,Active
509090,101649,4,Savings,2022-01-04,77634.94,Active
509091,109836,8,Savings,2023-02-08,48340.17,Active
509092,107000,32,Premium,2022-09-25,46720.8,Active
509093,100828,8,Premium,2022-07-28,22982.99,Active
509094,107729,40,Salary,2023-12-30,382584.76,Active
509095,105049,40,Premium,2022-08-03,148278.09,Active
509096,104579,22,Salary,2022-03-29,85053.38,Active
509097,106511,40,Savings,2017-03-28,360981.39,Active
509098,101049,4,Current,2020-05-06,8351.25,Active
509099,101392,38,Salary,2023-02-16,124641.99,Active
509100,104565,4,Premium,2024-07-31,32671.43,Dormant
509101,100142,23,Savings,2021-05-22,19648.4,Active
509102,108485,12,Current,2020-03-13,141734.68,Active
509103,101600,32,Salary,2023-04-06,38440.37,Active
509104,105206,5,Salary,2023-12-06,108461.02,Active
509105,105488,6,Savings,2019-02-02,157809.26,Active
509106,107519,19,Premium,2024-10-21,15444.76,Active
509107,105332,20,Salary,2022-07-30,251338.32,Active
509108,101880,1,Salary,2020-07-20,124326.22,Dormant
509109,105764,22,Savings,2023-08-03,249991.97,Active
509110,100190,19,Savings,2020-08-09,404654.58,Active
509111,105063,19,Premium,2018-10-03,191403.79,Active
509112,108909,38,Current,2020-01-09,271910.04,Active
509113,102963,35,Savings,2017-02-20,345713.99,Active
509114,103677,31,Current,2019-05-16,243013.5,Active
509115,107657,39,Savings,2024-11-10,53906.15,Active
509116,104498,28,Current,2024-07-07,132599.04,Active
509117,100925,33,Current,2019-04-26,31242.79,Active
509118,108758,10,Salary,2018-11-23,33781.26,Active
509119,103139,16,Premium,2017-10-08,25353.13,Active
509120,101019,13,Savings,2022-08-28,96227.66,Active
509121,107990,35,Savings,2024-07-15,95086.98,Active
509122,102241,24,Salary,2024-12-31,34403.27,Active
509123,100203,5,Savings,2025-12-31,168423.79,Dormant
509124,104563,35,Savings,2024-07-26,211577.62,Active
509125,106221,3,Savings,2020-06-04,37254.5,Active
509126,102550,29,Premium,2017-04-11,66968.2,Active
509127,105238,14,Savings,2024-07-01,174763.36,Active
509128,101053,34,Salary,2024-03-24,122721.36,Active
509129,101631,36,Salary,2022-05-08,228468.67,Active
509130,103388,12,Savings,2018-08-21,52584.23,Active
509131,102344,24,Savings,2025-08-04,13332.49,Active
509132,103973,32,Current,2022-03-18,30190.99,Active
509133,101440,22,Savings,2020-11-21,34087.13,Active
509134,107099,7,Savings,2021-11-29,70856.15,Active
509135,104268,15,Savings,2024-01-08,57426.93,Active
509136,109504,30,Current,2023-09-02,28067.72,Active
509137,109048,36,Current,2025-12-01,54492.97,Active
509138,109772,24,Current,2022-05-19,21801.08,Active
509139,109947,15,Salary,2017-03-06,8939.45,Active
509140,102838,17,Salary,2025-03-08,54595.43,Active
509141,100640,34,Savings,2018-10-04,232568.44,Dormant
509142,100711,23,Savings,2017-09-13,273939.65,Active
509143,103625,3,Savings,2020-11-05,12191.43,Active
509144,106282,1,Savings,2019-06-15,178449.27,Active
509145,106171,3,Salary,2023-03-27,28678.71,Active
509146,105335,7,Savings,2020-05-07,13630.47,Active
509147,101755,17,Savings,2017-11-30,128561.6,Active
509148,108721,9,Current,2019-06-12,237265.3,Active
509149,108354,20,Salary,2018-03-23,56612.61,Active
509150,106815,4,Current,2021-09-21,20105.76,Dormant
509151,105808,7,Savings,2017-03-28,233627.62,Dormant
509152,101626,36,Salary,2025-07-28,180324.77,Active
509153,104799,17,Savings,2023-02-16,90252.27,Active
509154,100964,40,Savings,2023-05-03,300890.89,Active
509155,102117,30,Salary,2018-10-24,210818.17,Active
509156,104230,36,Savings,2018-04-26,74655.6,Active
509157,105518,18,Savings,2024-06-12,321801.84,Active
509158,107761,10,Salary,2024-03-22,134889.86,Active
509159,102982,9,Current,2024-05-04,110626.44,Active
509160,103924,8,Savings,2019-08-17,117280.7,Active
509161,100845,36,Current,2020-12-12,293367.8,Active
509162,107982,11,Savings,2019-01-23,199426.22,Active
509163,106919,29,Salary,2023-09-12,62655.16,Active
509164,107803,16,Savings,2020-01-04,92525.68,Closed
509165,109023,7,Savings,2019-10-17,20760.56,Active
509166,108111,26,Current,2024-06-08,26309.08,Active
509167,102857,5,Current,2022-05-10,397805.62,Active
509168,105619,11,Savings,2023-03-24,12849.27,Active
509169,106606,16,Savings,2021-07-25,83346.0,Active
509170,108905,37,Savings,2021-12-06,36735.76,Active
509171,100289,17,Current,2022-05-01,426668.34,Active
509172,104578,29,Savings,2017-04-29,80631.97,Active
509173,100312,21,Current,2017-02-07,165826.45,Active
509174,101888,9,Savings,2017-09-24,61047.38,Dormant
509175,103281,26,Savings,2020-09-16,29719.19,Active
509176,105884,18,Savings,2017-11-13,148078.17,Active
509177,107159,4,Savings,2022-02-06,46173.31,Active
509178,101652,13,Current,2017-08-04,141154.1,Active
509179,105208,37,Current,2022-02-21,61241.19,Dormant
509180,101937,12,Savings,2019-07-07,420558.2,Active
509181,109070,26,Salary,2018-11-17,41017.99,Dormant
509182,106268,16,Premium,2023-06-10,425604.44,Active
509183,104226,3,Current,2021-08-16,125933.23,Active
509184,109803,29,Savings,2020-05-31,89405.26,Active
509185,103857,16,Savings,2022-09-16,95283.44,Dormant
509186,106960,1,Savings,2017-09-05,15321.23,Active
509187,104987,24,Savings,2022-09-20,1010829.78,Active
509188,107828,5,Savings,2025-11-13,65039.8,Active
509189,101000,17,Salary,2025-12-16,102585.61,Active
509190,105302,38,Savings,2019-04-21,25972.9,Active
509191,109196,40,Salary,2022-02-10,48681.03,Active
509192,100782,18,Current,2023-09-03,20758.9,Active
509193,103584,32,Savings,2018-11-25,147058.28,Active
509194,101660,6,Savings,2017-03-05,29754.07,Active
509195,104485,39,Current,2023-10-06,35870.19,Active
509196,104574,9,Savings,2021-02-15,162639.15,Active
509197,107529,11,Savings,2019-03-14,141894.06,Dormant
509198,104325,25,Premium,2025-05-28,266967.42,Active
509199,103821,14,Salary,2019-10-19,152032.46,Active
509200,101009,17,Salary,2023-06-30,36390.46,Closed
509201,108820,12,Salary,2022-11-10,72600.57,Active
509202,103630,40,Savings,2019-01-03,142184.86,Dormant
509203,101327,1,Current,2018-08-18,102021.77,Active
509204,108900,25,Savings,2018-08-04,71326.48,Active
509205,109658,5,Savings,2017-08-12,194345.34,Active
509206,100177,17,Premium,2018-09-28,104364.73,Active
509207,106831,23,Salary,2022-07-12,495540.79,Active
509208,105251,26,Current,2024-02-03,439750.99,Active
509209,100343,39,Savings,2019-03-04,26873.47,Active
509210,106650,39,Salary,2023-11-04,131192.02,Active
509211,100327,35,Salary,2018-10-26,83632.71,Active
509212,105362,33,Savings,2023-03-16,24984.56,Active
509213,103436,13,Salary,2024-07-19,63977.44,Active
509214,108350,13,Savings,2018-09-30,130082.07,Active
509215,109007,29,Savings,2018-10-18,25109.17,Active
509216,109771,33,Current,2021-07-16,180797.83,Active
509217,104717,18,Savings,2023-05-25,66227.93,Active
509218,109105,1,Current,2020-11-22,402727.36,Active
509219,109124,19,Current,2025-01-21,19332.77,Active
509220,103997,39,Current,2018-03-30,229289.79,Active
509221,100722,37,Savings,2020-04-18,531946.67,Dormant
509222,108328,11,Salary,2024-02-21,9856.29,Active
509223,103411,40,Premium,2019-05-14,68337.51,Active
509224,101172,21,Savings,2017-09-25,116833.49,Active
509225,103907,12,Current,2020-01-06,45546.25,Active
509226,103336,24,Savings,2024-01-08,23732.46,Active
509227,104519,14,Savings,2024-05-15,20165.18,Active
509228,108554,2,Premium,2018-12-19,159327.84,Active
509229,108944,1,Premium,2024-05-08,132024.96,Active
509230,106992,36,Savings,2018-02-21,188923.33,Active
509231,106185,26,Premium,2019-10-03,15993.38,Active
509232,101654,40,Savings,2019-01-26,67268.54,Active
509233,106600,4,Savings,2021-10-25,98468.72,Active
509234,109054,33,Savings,2019-09-03,77543.21,Dormant
509235,103897,8,Salary,2024-08-11,21720.25,Active
509236,106266,11,Salary,2019-07-11,75063.28,Active
509237,100547,26,Salary,2020-01-29,143559.7,Active
509238,108241,3,Premium,2019-07-15,97815.33,Dormant
509239,105982,32,Salary,2020-10-18,306636.57,Active
509240,107287,38,Savings,2021-03-29,68946.47,Active
509241,100232,31,Current,2023-02-02,84011.45,Active
509242,102859,18,Current,2022-11-21,83593.83,Active
509243,103266,39,Savings,2023-12-17,127973.69,Active
509244,101879,10,Savings,2022-03-25,9944.65,Active
509245,109196,21,Salary,2022-07-22,113415.38,Active
509246,102845,24,Savings,2024-10-22,83710.89,Active
509247,102690,15,Savings,2021-10-05,24622.98,Active
509248,109259,24,Salary,2021-05-22,5544.27,Active
509249,103972,6,Premium,2025-08-20,11301.33,Active
509250,102768,24,Savings,2018-10-30,15416.99,Active
509251,107862,38,Savings,2025-09-27,73552.37,Active
509252,104970,32,Salary,2020-12-19,79552.05,Active
509253,108024,30,Salary,2024-10-04,278930.72,Active
509254,106123,13,Savings,2022-01-02,222664.49,Active
509255,102444,33,Savings,2017-04-05,16351.4,Active
509256,101765,35,Salary,2022-02-23,145827.67,Active
509257,105607,39,Premium,2021-03-04,96755.33,Active
509258,100931,26,Savings,2024-09-04,27359.73,Active
509259,101954,35,Savings,2020-02-01,103849.56,Active
509260,102665,40,Savings,2023-01-18,134144.08,Active
509261,105259,21,Savings,2025-07-15,470305.18,Active
509262,107186,25,Savings,2025-03-24,47382.39,Active
509263,108651,13,Savings,2023-10-09,196064.53,Active
509264,101148,10,Salary,2025-11-12,20087.51,Active
509265,101999,5,Savings,2017-09-08,143306.32,Active
509266,100892,22,Premium,2022-02-11,28330.85,Active
509267,109890,16,Current,2017-02-21,124776.97,Active
509268,101303,12,Current,2021-06-20,195853.29,Active
509269,102411,10,Savings,2021-02-26,22067.23,Active
509270,107431,13,Current,2025-08-10,29373.78,Active
509271,104504,17,Savings,2020-03-29,346437.59,Active
509272,107487,17,Savings,2022-04-17,29213.27,Active
509273,100350,13,Savings,2023-06-02,328117.65,Active
509274,109682,35,Savings,2022-08-20,21549.15,Active
509275,102182,28,Current,2020-04-08,56618.42,Active
509276,107180,12,Savings,2019-11-12,798918.0,Active
509277,102818,25,Premium,2019-09-07,29957.15,Active
509278,100317,1,Salary,2024-08-26,115361.64,Active
509279,100707,24,Savings,2025-01-26,19948.17,Active
509280,101839,10,Savings,2020-05-27,236807.47,Active
509281,109792,34,Savings,2019-01-22,16435.5,Active
509282,108031,9,Salary,2020-02-17,130188.4,Active
509283,103965,26,Savings,2017-03-29,323460.01,Active
509284,103869,40,Premium,2022-01-28,82016.96,Active
509285,107732,27,Savings,2021-10-14,145221.7,Active
509286,108003,9,Savings,2024-04-20,30785.23,Active
509287,108958,28,Savings,2018-04-22,86961.41,Active
509288,109474,19,Savings,2021-12-24,5140.68,Dormant
509289,100573,7,Current,2020-03-26,42490.95,Active
509290,104857,1,Salary,2021-07-02,36595.02,Active
509291,100970,3,Premium,2024-02-17,31002.88,Active
509292,104486,19,Savings,2019-06-25,26060.62,Dormant
509293,105015,23,Salary,2019-03-12,36936.79,Active
509294,104734,29,Premium,2021-10-30,102573.51,Active
509295,108466,7,Savings,2020-12-21,180769.77,Active
509296,100465,40,Savings,2024-02-25,52647.98,Active
509297,101539,39,Savings,2025-07-02,57755.59,Active
509298,107337,35,Current,2020-07-31,60798.24,Dormant
509299,108084,10,Salary,2022-12-22,29674.61,Active
509300,108659,37,Savings,2025-05-08,339507.66,Active
509301,100026,21,Premium,2017-04-11,57474.63,Active
509302,101858,40,Savings,2019-10-15,108491.85,Active
509303,108253,3,Savings,2020-11-04,121598.61,Active
509304,103657,39,Current,2025-04-11,360498.81,Active
509305,104881,30,Savings,2025-09-19,58903.62,Closed
509306,102876,24,Current,2020-01-21,37993.21,Active
509307,105584,16,Savings,2020-01-31,183772.57,Active
509308,103937,32,Savings,2024-02-28,37415.51,Active
509309,106689,10,Savings,2024-09-04,82985.61,Active
509310,103450,1,Savings,2024-02-25,58485.77,Active
509311,104980,11,Savings,2023-09-15,53907.07,Active
509312,107585,14,Savings,2025-10-29,50289.97,Active
509313,109354,30,Savings,2023-07-06,485700.73,Active
509314,102026,1,Savings,2025-05-26,35726.75,Active
509315,107407,3,Savings,2021-06-26,95587.16,Active
509316,109155,27,Savings,2020-12-18,19757.84,Active
509317,107963,22,Salary,2022-04-07,86306.06,Active
509318,108784,13,Savings,2019-02-03,860232.22,Active
509319,103244,25,Savings,2018-05-16,11374.81,Active
509320,103534,37,Savings,2017-11-29,100791.11,Active
509321,109935,14,Savings,2023-04-05,273433.38,Active
509322,101233,1,Current,2019-04-18,396796.26,Active
509323,100936,33,Salary,2018-03-15,136374.32,Active
509324,106693,30,Savings,2019-12-20,204768.83,Active
509325,109381,8,Savings,2020-07-10,386666.33,Dormant
509326,103897,15,Savings,2021-07-11,161176.54,Active
509327,105454,11,Savings,2021-06-21,203610.38,Active
509328,104152,3,Savings,2022-12-01,33890.01,Active
509329,106735,7,Savings,2021-08-30,62010.64,Dormant
509330,101315,10,Current,2025-08-07,56331.87,Active
509331,102053,4,Salary,2019-04-09,386928.5,Active
509332,108266,36,Savings,2025-04-18,61265.21,Active
509333,106453,37,Salary,2019-06-12,288860.05,Active
509334,100161,12,Salary,2017-03-29,45174.12,Active
509335,104975,30,Savings,2017-08-20,123355.23,Active
509336,103585,37,Savings,2024-03-21,39447.8,Closed
509337,102308,9,Savings,2022-09-17,806679.18,Active
509338,102079,24,Current,2024-11-22,3857.83,Active
509339,102297,19,Savings,2024-11-30,17299.97,Active
509340,107350,40,Current,2024-06-20,101890.67,Active
509341,105251,3,Savings,2021-08-29,84805.42,Active
509342,104400,29,Savings,2024-04-15,176654.78,Active
509343,100397,24,Premium,2018-06-27,15510.3,Active
509344,105079,15,Savings,2020-04-06,36570.82,Closed
509345,107352,16,Salary,2018-04-24,10924.45,Dormant
509346,100303,6,Savings,2018-09-17,81325.2,Active
509347,101956,13,Current,2023-11-22,72135.64,Active
509348,107932,20,Savings,2024-11-24,91823.43,Active
509349,101641,23,Salary,2017-06-11,64472.61,Active
509350,104667,25,Savings,2018-03-30,147704.78,Active
509351,104315,1,Savings,2023-11-22,16993.03,Active
509352,103615,40,Salary,2017-09-15,129747.98,Active
509353,108568,10,Current,2024-07-16,48777.23,Closed
509354,100840,10,Salary,2022-08-23,136647.57,Active
509355,100083,25,Savings,2021-11-15,51331.68,Closed
509356,106141,22,Savings,2022-04-02,58634.56,Active
509357,104732,37,Current,2019-08-06,7957.57,Active
509358,107883,28,Salary,2022-03-17,173909.04,Active
509359,100236,15,Current,2018-09-24,44462.51,Active
509360,102036,2,Savings,2024-11-07,248568.06,Active
509361,102010,32,Savings,2018-11-23,51662.79,Active
509362,103822,3,Savings,2019-07-12,101281.2,Closed
509363,102904,7,Savings,2019-09-22,34284.18,Active
509364,106202,29,Savings,2022-05-22,143256.79,Dormant
509365,101352,33,Savings,2017-01-15,16294.82,Active
509366,109176,27,Savings,2025-05-21,35883.35,Active
509367,103388,40,Salary,2017-12-11,43832.87,Active
509368,108193,21,Savings,2023-11-19,260272.97,Active
509369,105626,6,Savings,2024-11-04,85992.88,Active
509370,103514,22,Salary,2021-03-17,532365.67,Active
509371,109457,12,Salary,2023-10-25,20988.17,Active
509372,105693,28,Savings,2019-06-22,146970.88,Dormant
509373,102965,24,Savings,2020-02-02,107753.1,Active
509374,105153,6,Savings,2024-08-21,186393.3,Closed
509375,106317,30,Salary,2017-07-01,27914.73,Active
509376,101773,13,Salary,2023-12-30,15623.07,Active
509377,105760,20,Current,2024-10-24,11973.89,Active
509378,105837,35,Savings,2024-09-01,106336.27,Active
509379,103004,36,Premium,2025-09-20,67092.39,Active
509380,107064,21,Savings,2020-08-10,48658.67,Active
509381,101325,26,Savings,2017-10-17,82487.99,Active
509382,105484,3,Savings,2020-03-20,89049.96,Active
509383,100483,31,Salary,2017-11-22,43083.87,Active
509384,100207,14,Premium,2022-04-11,21237.32,Active
509385,108391,20,Savings,2020-04-21,77232.57,Active
509386,107910,34,Savings,2019-09-10,100456.43,Active
509387,107927,21,Salary,2022-08-12,34920.6,Active
509388,105455,27,Current,2022-06-04,119101.84,Active
509389,106918,21,Savings,2017-10-23,65619.99,Active
509390,109696,14,Savings,2017-01-24,99289.07,Active
509391,105363,15,Savings,2022-07-31,190308.83,Active
509392,107188,15,Savings,2018-10-07,53631.93,Active
509393,104842,21,Savings,2022-07-21,49474.64,Closed
509394,103097,36,Salary,2023-11-20,11337.65,Active
509395,104283,17,Savings,2023-08-18,5782.03,Active
509396,107599,6,Savings,2022-06-11,100155.25,Active
509397,103828,37,Savings,2019-04-21,434738.32,Active
509398,108811,22,Salary,2020-04-30,41381.31,Active
509399,100605,24,Savings,2024-01-10,28409.07,Active
509400,101996,35,Current,2020-02-06,172068.57,Dormant
509401,108075,4,Savings,2019-04-13,216539.96,Active
509402,108939,14,Current,2025-08-14,174946.99,Dormant
509403,105653,5,Savings,2020-05-14,97181.33,Active
509404,101167,29,Savings,2022-04-22,197236.46,Closed
509405,106946,1,Savings,2024-02-16,330682.85,Active
509406,109213,8,Savings,2020-03-01,410607.77,Active
509407,103730,10,Savings,2025-08-29,136465.65,Dormant
509408,100576,28,Savings,2018-12-12,42270.14,Active
509409,109114,1,Savings,2017-02-11,73568.68,Active
509410,102322,34,Savings,2023-08-28,127873.64,Active
509411,101899,32,Salary,2017-05-14,26190.98,Active
509412,105521,11,Premium,2025-06-17,23071.79,Active
509413,104759,24,Savings,2017-02-17,447913.83,Active
509414,109832,11,Savings,2021-08-04,305007.86,Active
509415,102104,22,Salary,2018-03-30,121316.2,Active
509416,100230,34,Current,2024-02-01,75096.52,Active
509417,106924,10,Salary,2021-12-15,150513.78,Active
509418,101119,1,Savings,2024-07-23,64820.7,Active
509419,109780,40,Premium,2021-10-24,356246.09,Active
509420,108873,38,Current,2023-10-06,195037.43,Active
509421,100573,6,Current,2024-06-13,104172.67,Active
509422,102769,9,Current,2017-12-14,51601.74,Active
509423,102598,14,Savings,2025-12-10,63642.17,Active
509424,104753,29,Savings,2025-10-16,17360.67,Active
509425,104144,37,Savings,2017-04-25,275827.36,Active
509426,109445,22,Savings,2022-03-10,78163.95,Active
509427,103117,38,Savings,2023-05-24,26946.67,Active
509428,100280,7,Salary,2023-09-17,37889.94,Active
509429,108537,9,Savings,2022-09-20,225816.7,Closed
509430,109931,12,Savings,2023-07-14,76794.37,Closed
509431,105378,37,Savings,2023-10-20,139588.01,Active
509432,100327,29,Savings,2024-04-13,254609.84,Active
509433,108078,39,Savings,2022-05-11,78225.47,Active
509434,105213,6,Savings,2024-01-29,1138863.34,Active
509435,102967,40,Salary,2018-08-28,212988.35,Active
509436,107215,29,Premium,2019-05-31,40998.24,Active
509437,109323,37,Savings,2022-11-23,53774.68,Active
509438,106398,27,Savings,2024-12-02,148898.53,Active
509439,101209,40,Salary,2023-01-19,337327.69,Active
509440,105507,4,Salary,2019-07-07,457102.34,Active
509441,106597,39,Savings,2017-03-09,12159.05,Active
509442,104427,29,Premium,2024-08-09,720673.37,Active
509443,107646,1,Savings,2023-03-24,48600.7,Active
509444,102630,21,Premium,2018-09-25,68168.78,Active
509445,106192,20,Salary,2017-11-16,187033.81,Active
509446,106336,19,Current,2021-12-30,242592.57,Active
509447,106472,21,Savings,2022-09-14,49253.02,Active
509448,100859,8,Savings,2023-06-11,223023.4,Active
509449,108569,4,Savings,2022-04-16,58834.4,Active
509450,101874,20,Salary,2024-11-21,23662.7,Active
509451,103270,38,Savings,2021-11-05,29680.59,Active
509452,101680,38,Savings,2023-08-08,42240.9,Active
509453,105327,7,Salary,2025-11-10,292678.53,Active
509454,104060,36,Savings,2025-11-07,65947.7,Active
509455,103125,39,Current,2021-01-26,72366.32,Closed
509456,107989,8,Salary,2025-03-01,50324.39,Active
509457,106259,12,Savings,2018-03-19,136581.13,Active
509458,100958,33,Savings,2020-07-30,142018.21,Active
509459,103728,29,Savings,2018-10-30,44091.34,Active
509460,108551,40,Current,2017-09-22,69520.7,Active
509461,103631,18,Premium,2019-12-01,25126.29,Active
509462,100221,29,Savings,2017-02-06,152375.25,Closed
509463,101214,40,Savings,2020-10-08,45275.15,Closed
509464,102358,4,Savings,2024-01-23,31473.18,Active
509465,105499,17,Current,2017-11-22,82201.97,Active
509466,100480,17,Savings,2025-09-04,39690.22,Active
509467,108733,6,Savings,2018-07-12,359360.78,Active
509468,106686,10,Salary,2025-11-11,223636.28,Active
509469,105668,29,Salary,2018-10-16,100523.09,Active
509470,100616,2,Current,2019-02-26,213117.52,Active
509471,109345,28,Salary,2018-05-06,279760.64,Active
509472,100051,20,Current,2021-08-16,30156.98,Active
509473,102604,9,Premium,2021-11-05,184603.81,Dormant
509474,109746,7,Savings,2018-07-11,22946.03,Active
509475,101847,23,Savings,2025-12-25,45630.03,Active
509476,103882,35,Salary,2025-01-28,374492.26,Active
509477,107942,16,Current,2024-10-22,45249.15,Active
509478,101461,16,Savings,2017-09-28,36423.25,Active
509479,104502,25,Salary,2020-07-02,41725.39,Active
509480,109276,23,Salary,2019-03-27,66919.22,Active
509481,105790,4,Current,2021-12-09,28232.99,Active
509482,103296,7,Savings,2019-01-22,59387.2,Active
509483,106497,7,Current,2025-01-25,344814.43,Active
509484,105925,16,Savings,2019-01-25,27766.37,Active
509485,105860,11,Premium,2017-05-06,50519.19,Active
509486,103784,17,Savings,2019-08-19,46523.99,Active
509487,103057,23,Premium,2018-05-18,158529.0,Active
509488,100653,13,Salary,2025-08-12,171147.46,Active
509489,100549,12,Current,2024-10-28,102233.92,Active
509490,108808,30,Savings,2017-05-16,182111.18,Dormant
509491,108859,7,Savings,2019-05-27,92916.54,Active
509492,100911,13,Savings,2017-12-23,71201.44,Active
509493,109691,26,Salary,2018-02-10,317041.82,Active
509494,108859,19,Premium,2021-06-01,138279.12,Active
509495,107472,26,Current,2025-07-27,26383.92,Active
509496,101830,32,Current,2022-11-16,30872.21,Active
509497,104418,4,Savings,2025-04-30,117281.43,Active
509498,105226,24,Savings,2020-05-25,183439.1,Active
509499,104649,39,Current,2023-08-05,510239.24,Active
509500,100548,40,Savings,2024-02-17,287455.81,Dormant
509501,103572,26,Current,2023-04-26,51700.93,Active
509502,108871,28,Salary,2017-12-08,38156.58,Active
509503,104446,16,Savings,2024-04-19,144428.85,Active
509504,109652,13,Salary,2020-09-21,37441.03,Active
509505,100950,40,Salary,2017-10-08,107336.75,Active
509506,101964,31,Savings,2019-06-30,4364.96,Active
509507,109364,8,Current,2019-10-16,146216.21,Active
509508,109176,11,Current,2017-03-03,45449.72,Active
509509,102286,8,Salary,2023-08-29,76918.85,Active
509510,102110,24,Current,2022-11-01,1129496.46,Active
509511,108019,10,Savings,2023-02-06,37463.83,Active
509512,106368,27,Salary,2023-09-13,31172.27,Active
509513,105649,35,Salary,2017-06-01,83658.39,Active
509514,108845,6,Savings,2018-10-10,34312.39,Active
509515,100219,21,Savings,2023-09-03,143768.54,Active
509516,105416,1,Current,2025-04-10,41824.62,Active
509517,108075,39,Savings,2017-03-27,38227.4,Active
509518,108823,28,Savings,2017-06-22,192881.02,Active
509519,109769,21,Savings,2023-12-26,26428.16,Active
509520,101386,2,Salary,2017-05-12,72610.75,Active
509521,100814,33,Current,2017-08-09,171140.29,Active
509522,101662,1,Savings,2018-10-28,176456.43,Active
509523,106857,8,Premium,2025-11-19,39001.45,Active
509524,103099,34,Current,2021-06-15,46515.92,Active
509525,100199,27,Savings,2017-01-12,56928.9,Active
509526,103313,20,Savings,2020-09-23,62590.89,Active
509527,100145,9,Savings,2024-06-20,53608.77,Active
509528,105738,16,Savings,2022-11-24,112210.37,Active
509529,104559,14,Current,2024-04-04,36838.63,Active
509530,105433,24,Current,2023-10-19,64667.84,Active
509531,102661,11,Salary,2019-11-17,32963.52,Active
509532,103761,39,Current,2017-06-18,108647.3,Active
509533,109781,8,Savings,2020-05-17,31078.35,Active
509534,103617,13,Savings,2023-05-25,232588.91,Active
509535,101398,36,Savings,2024-06-12,52660.89,Active
509536,108075,28,Premium,2025-03-04,76697.34,Active
509537,107879,35,Premium,2024-06-03,535258.38,Active
509538,109663,12,Current,2024-08-09,86470.02,Active
509539,106204,16,Savings,2021-07-17,208004.31,Active
509540,107431,26,Savings,2019-10-21,211772.81,Dormant
509541,101666,17,Savings,2023-12-31,83153.33,Active
509542,106772,37,Salary,2022-01-17,42268.54,Active
509543,102540,37,Salary,2023-04-17,112005.09,Active
509544,105986,36,Current,2018-11-03,339124.44,Active
509545,107571,12,Current,2017-06-24,61990.63,Closed
509546,103560,26,Premium,2018-02-16,1126420.5,Dormant
509547,107502,22,Premium,2019-05-10,59690.5,Active
509548,103801,35,Current,2021-07-09,294823.01,Active
509549,108093,9,Savings,2024-03-26,27999.97,Active
509550,107486,12,Premium,2020-04-07,75003.46,Active
509551,104386,26,Savings,2017-04-03,168433.13,Active
509552,108274,16,Current,2017-11-02,94093.25,Active
509553,107440,30,Savings,2017-10-12,176949.86,Active
509554,108791,11,Premium,2024-03-05,183877.89,Active
509555,109231,24,Current,2019-09-06,18584.68,Active
509556,107383,18,Savings,2024-01-27,50953.77,Active
509557,107250,34,Current,2019-07-11,89056.9,Closed
509558,108347,19,Salary,2018-10-08,299706.45,Active
509559,108420,21,Salary,2018-09-03,57609.22,Active
509560,100678,36,Savings,2021-12-29,649042.68,Active
509561,103667,28,Savings,2023-02-12,308986.46,Closed
509562,102324,23,Current,2021-09-15,26910.02,Active
509563,105509,5,Savings,2019-09-06,121387.46,Active
509564,108661,10,Savings,2025-03-14,42565.24,Active
509565,107794,5,Savings,2022-09-28,49226.19,Active
509566,109886,38,Savings,2019-09-08,52312.48,Dormant
509567,102157,18,Savings,2019-03-18,112408.84,Dormant
509568,102009,31,Current,2023-04-29,62838.04,Active
509569,102620,10,Savings,2022-01-31,41101.04,Active
509570,109301,28,Savings,2021-07-10,121312.64,Active
509571,103698,15,Savings,2021-03-31,66058.41,Active
509572,107476,24,Savings,2021-10-10,44093.26,Active
509573,107203,16,Current,2022-10-08,71179.4,Active
509574,108763,37,Savings,2025-09-12,23171.35,Active
509575,105259,11,Current,2018-11-16,184233.03,Active
509576,103591,12,Salary,2017-12-26,27535.12,Active
509577,101662,33,Savings,2020-12-07,60703.88,Active
509578,101862,27,Salary,2025-11-04,64268.68,Active
509579,108764,25,Savings,2017-04-17,135508.82,Active
509580,101717,1,Savings,2017-11-17,41540.48,Active
509581,109056,38,Premium,2020-03-23,843660.74,Dormant
509582,108848,38,Current,2019-04-02,45039.88,Dormant
509583,103729,24,Salary,2021-10-02,32714.7,Active
509584,102403,30,Salary,2020-07-27,90196.73,Active
509585,108644,36,Salary,2025-04-23,313447.68,Active
509586,100539,39,Salary,2019-11-21,73101.1,Active
509587,101187,35,Savings,2024-12-27,77370.87,Active
509588,106904,26,Savings,2023-12-10,232590.78,Active
509589,102573,13,Savings,2022-12-24,414621.13,Active
509590,102142,35,Salary,2017-03-11,34811.6,Active
509591,109723,8,Savings,2017-12-03,169441.59,Active
509592,108038,7,Savings,2017-09-16,1168929.64,Active
509593,102898,23,Savings,2018-02-26,47988.96,Active
509594,109913,13,Savings,2019-06-25,95681.01,Dormant
509595,109715,6,Savings,2019-06-25,22949.19,Active
509596,105075,25,Savings,2025-07-06,35520.21,Active
509597,108176,18,Premium,2025-04-19,95948.56,Active
509598,108998,32,Salary,2017-08-30,91278.4,Active
509599,103240,34,Savings,2022-03-09,11331.27,Active
509600,102229,39,Savings,2022-03-04,74023.62,Active
509601,102371,13,Savings,2023-05-13,53391.59,Active
509602,107650,6,Savings,2020-04-02,51830.46,Active
509603,108030,17,Savings,2021-12-01,64241.85,Active
509604,104127,25,Savings,2022-01-25,84147.89,Active
509605,103776,17,Current,2019-09-12,35256.37,Active
509606,108760,31,Savings,2021-03-26,32751.45,Active
509607,107370,17,Savings,2021-12-08,45827.48,Active
509608,107099,24,Savings,2017-03-06,23851.08,Active
509609,104251,10,Salary,2021-12-30,39016.5,Active
509610,107759,19,Savings,2024-04-17,33864.5,Dormant
509611,100552,21,Premium,2022-03-31,81240.18,Active
509612,100593,34,Savings,2025-03-04,45224.68,Active
509613,105531,18,Savings,2025-01-25,31492.01,Active
509614,100471,39,Savings,2025-03-09,34215.44,Active
509615,106905,9,Savings,2025-04-18,153195.55,Active
509616,101220,29,Savings,2018-12-28,191162.99,Active
509617,108796,31,Current,2023-05-06,732904.96,Dormant
509618,109465,37,Savings,2018-02-13,26619.86,Active
509619,100006,13,Savings,2021-11-09,39341.72,Active
509620,106800,4,Savings,2021-11-09,696054.03,Active
509621,100758,9,Salary,2025-12-28,90351.97,Active
509622,106159,36,Savings,2023-07-08,166182.76,Active
509623,109764,35,Salary,2017-10-16,59189.09,Active
509624,103318,40,Savings,2018-01-17,136233.77,Active
509625,101355,32,Salary,2022-08-27,30047.57,Active
509626,109139,21,Savings,2018-11-11,31844.42,Active
509627,109311,40,Savings,2023-11-23,59804.66,Active
509628,105497,13,Salary,2020-07-16,22710.83,Active
509629,108229,18,Premium,2018-03-16,220958.46,Closed
509630,107068,26,Salary,2021-10-03,13668.91,Active
509631,102559,9,Savings,2024-01-04,305932.88,Active
509632,102238,13,Premium,2022-01-21,594070.34,Active
509633,100131,8,Savings,2019-10-16,252824.42,Active
509634,101833,2,Salary,2021-06-10,130004.18,Closed
509635,108163,34,Current,2017-09-12,11791.77,Active
509636,101484,15,Savings,2019-02-12,158667.33,Active
509637,108522,35,Savings,2023-02-11,60299.66,Active
509638,107352,4,Savings,2025-01-27,215950.88,Active
509639,104699,35,Salary,2021-11-28,11721.94,Active
509640,102915,19,Savings,2022-11-17,85143.81,Active
509641,101260,1,Savings,2024-12-08,43800.76,Dormant
509642,102516,24,Savings,2020-04-19,46365.0,Active
509643,101209,7,Salary,2023-02-05,259332.48,Active
509644,105402,19,Current,2020-11-09,52278.01,Active
509645,107090,26,Current,2025-04-19,183428.75,Active
509646,104716,13,Savings,2019-02-01,17311.03,Active
509647,102348,22,Salary,2025-07-27,184686.64,Active
509648,103749,39,Salary,2017-01-20,138201.28,Active
509649,107455,27,Savings,2021-04-21,30332.96,Active
509650,100055,16,Savings,2020-03-18,91430.55,Active
509651,109037,40,Current,2022-03-26,146588.96,Active
509652,103380,16,Savings,2021-10-19,203507.73,Active
509653,105111,30,Savings,2025-07-29,83781.72,Active
509654,100855,20,Current,2024-11-25,117919.19,Active
509655,102009,38,Savings,2023-07-30,16516.89,Active
509656,104095,6,Salary,2024-09-30,56104.97,Active
509657,108178,28,Savings,2024-12-26,438888.63,Active
509658,101276,38,Salary,2017-09-23,75032.45,Active
509659,100231,17,Current,2025-04-18,215435.43,Active
509660,108415,33,Savings,2023-03-24,92481.12,Active
509661,105996,7,Current,2022-06-14,66720.11,Active
509662,107294,25,Current,2025-06-19,307078.89,Active
509663,103720,9,Salary,2025-01-21,162604.64,Active
509664,108805,35,Savings,2022-01-09,109012.69,Active
509665,101282,21,Savings,2022-08-27,39232.04,Active
509666,104275,4,Premium,2025-01-11,11100.93,Active
509667,103339,14,Savings,2021-01-01,276970.85,Active
509668,107379,26,Current,2017-02-09,105495.19,Active
509669,104624,20,Savings,2020-11-03,479189.77,Active
509670,109629,8,Savings,2024-11-26,31708.88,Active
509671,108925,4,Savings,2022-06-19,30006.91,Dormant
509672,108199,4,Salary,2025-09-20,244230.09,Dormant
509673,106760,38,Salary,2018-10-10,102288.44,Active
509674,106730,33,Savings,2024-07-08,128836.76,Active
509675,102825,39,Savings,2021-09-03,173485.86,Active
509676,107659,11,Savings,2021-01-25,301499.32,Dormant
509677,100500,10,Savings,2022-02-25,102034.58,Active
509678,106293,21,Current,2020-07-12,312768.74,Active
509679,108876,3,Salary,2025-05-22,148814.5,Active
509680,109942,33,Savings,2017-02-24,34147.47,Active
509681,101684,20,Salary,2020-03-07,44442.47,Closed
509682,100063,14,Current,2021-06-04,42841.53,Active
509683,102965,16,Current,2024-02-08,44338.49,Active
509684,100157,18,Salary,2021-01-31,440651.85,Active
509685,101677,12,Savings,2018-12-21,41983.84,Dormant
509686,107311,33,Salary,2020-11-13,28075.68,Active
509687,105633,11,Savings,2023-06-22,42285.66,Active
509688,107345,35,Premium,2017-01-16,44329.57,Active
509689,102209,23,Current,2024-02-22,159458.73,Active
509690,100072,26,Savings,2020-07-19,127433.13,Active
509691,101264,38,Savings,2024-02-20,58067.16,Active
509692,109668,12,Salary,2024-02-07,14274.33,Dormant
509693,109219,7,Salary,2019-01-05,39313.23,Active
509694,100233,36,Savings,2025-06-02,93349.29,Active
509695,103502,20,Savings,2017-09-22,62951.03,Active
509696,108201,23,Current,2025-08-16,202266.27,Active
509697,101671,36,Salary,2025-05-23,60539.69,Active
509698,102785,5,Premium,2020-02-15,39113.64,Active
509699,105571,24,Savings,2018-07-11,12247.34,Dormant
509700,107717,28,Salary,2025-05-18,62334.87,Active
509701,104950,33,Salary,2023-10-25,33661.93,Active
509702,105909,11,Savings,2021-02-22,33516.17,Active
509703,106746,4,Salary,2017-03-05,270527.4,Active
509704,107006,10,Savings,2017-03-10,60485.83,Active
509705,103897,5,Savings,2023-04-16,16702.71,Active
509706,103111,39,Savings,2020-01-06,65857.59,Active
509707,104569,18,Savings,2021-08-15,15446.02,Active
509708,108231,14,Savings,2024-04-13,49319.94,Dormant
509709,106350,19,Premium,2020-01-18,97037.32,Active
509710,107136,13,Current,2024-03-11,82797.11,Dormant
509711,102226,23,Savings,2020-08-29,22741.06,Active
509712,104045,27,Savings,2019-09-16,169092.66,Active
509713,100467,38,Salary,2018-08-21,10975.05,Active
509714,107318,30,Savings,2017-03-10,248410.58,Active
509715,109056,5,Savings,2021-07-09,76634.49,Active
509716,107323,4,Savings,2017-02-23,115372.34,Closed
509717,107097,36,Savings,2021-06-17,430420.28,Dormant
509718,101892,23,Salary,2023-10-02,47891.58,Active
509719,100291,33,Savings,2022-01-14,29528.0,Active
509720,100357,2,Savings,2022-06-06,79793.79,Active
509721,101666,16,Savings,2018-01-28,19042.29,Active
509722,107120,8,Savings,2020-01-06,117435.27,Active
509723,108353,26,Savings,2021-04-27,114875.88,Dormant
509724,107614,17,Savings,2021-05-21,53379.02,Active
509725,100181,18,Savings,2020-11-02,77117.28,Active
509726,109383,30,Savings,2020-11-29,265440.46,Active
509727,107078,36,Savings,2025-12-21,144046.35,Active
509728,104390,22,Current,2025-01-15,69886.17,Active
509729,107140,2,Current,2022-09-11,140467.42,Active
509730,107292,32,Current,2021-03-22,14084.36,Active
509731,100414,27,Savings,2017-05-15,263940.48,Active
509732,100303,27,Premium,2018-10-07,52771.98,Active
509733,109358,32,Savings,2023-12-25,47184.03,Active
509734,105418,34,Salary,2025-09-11,173474.05,Active
509735,103733,29,Savings,2022-12-16,38082.21,Active
509736,106450,39,Savings,2018-06-09,98103.23,Active
509737,104110,40,Savings,2017-11-04,135921.86,Active
509738,106858,35,Current,2023-04-23,76498.35,Active
509739,103142,19,Savings,2024-10-27,166614.72,Active
509740,105973,15,Savings,2023-12-02,148924.46,Active
509741,107252,1,Salary,2024-03-19,279000.61,Active
509742,103525,39,Savings,2021-04-11,24131.81,Active
509743,104747,37,Salary,2017-05-11,311080.68,Active
509744,109446,11,Current,2017-09-05,73078.26,Active
509745,103474,26,Premium,2019-12-18,109118.46,Active
509746,101934,7,Current,2020-03-04,98371.28,Active
509747,106028,39,Current,2019-11-30,19594.54,Active
509748,107420,20,Savings,2022-07-13,78768.08,Active
509749,105584,1,Savings,2025-03-23,288730.09,Active
509750,107233,6,Savings,2018-04-21,329661.52,Active
509751,109089,27,Salary,2017-12-24,100193.76,Active
509752,104597,34,Savings,2022-04-18,215337.06,Active
509753,104974,8,Premium,2022-12-20,185281.98,Active
509754,102485,39,Savings,2018-03-21,127197.91,Active
509755,106753,23,Savings,2022-11-05,118545.99,Active
509756,109322,26,Savings,2023-09-01,92896.49,Closed
509757,102457,19,Salary,2025-06-24,91164.66,Active
509758,106865,22,Current,2020-01-09,68614.21,Active
509759,101168,34,Savings,2018-02-07,188724.9,Closed
509760,106322,35,Current,2021-09-27,411060.37,Active
509761,106480,24,Current,2017-01-13,95125.01,Active
509762,100170,34,Savings,2024-03-14,388892.58,Active
509763,101803,34,Savings,2023-07-16,15775.3,Active
509764,104070,21,Savings,2024-03-31,405257.93,Active
509765,106853,6,Salary,2020-06-14,1096093.35,Active
509766,108714,26,Premium,2024-02-28,92346.97,Closed
509767,108701,5,Current,2020-02-14,44818.05,Active
509768,101457,15,Savings,2020-05-10,99661.78,Active
509769,103535,22,Salary,2021-01-26,72409.11,Active
509770,100206,7,Salary,2023-07-03,37732.58,Active
509771,105344,18,Salary,2025-07-29,69281.62,Active
509772,100674,39,Current,2023-07-27,205166.98,Active
509773,107937,7,Savings,2018-01-03,28030.67,Closed
509774,102170,5,Premium,2023-08-15,92211.5,Active
509775,106470,32,Savings,2019-11-24,211564.93,Closed
509776,100482,30,Current,2025-02-09,131580.45,Active
509777,101447,5,Savings,2025-08-18,175111.42,Active
509778,109447,40,Premium,2021-05-21,150728.63,Active
509779,103532,24,Savings,2018-06-01,55176.06,Active
509780,100596,27,Salary,2021-05-13,83056.1,Active
509781,102872,39,Savings,2018-10-28,5151.14,Active
509782,107361,2,Savings,2020-08-05,201850.25,Active
509783,103731,16,Savings,2025-10-18,57106.72,Active
509784,108407,6,Savings,2024-10-07,53655.74,Active
509785,109821,24,Savings,2024-12-09,45738.48,Active
509786,109525,7,Current,2019-10-06,1364653.74,Active
509787,104850,32,Savings,2025-08-01,61846.37,Active
509788,109036,19,Savings,2019-09-07,114815.19,Active
509789,107290,16,Salary,2022-08-09,171372.96,Active
509790,106988,18,Current,2024-02-24,21814.59,Active
509791,103976,30,Premium,2018-12-10,28764.95,Active
509792,102928,18,Premium,2025-10-19,75862.94,Active
509793,106231,29,Current,2025-09-03,56505.17,Active
509794,105069,9,Savings,2020-03-07,129219.57,Active
509795,109703,32,Salary,2022-01-19,225893.65,Dormant
509796,104030,8,Salary,2018-08-22,230628.49,Active
509797,105372,16,Current,2025-04-05,52345.11,Active
509798,105297,14,Savings,2020-12-22,226059.26,Active
509799,104229,14,Premium,2017-06-20,51648.27,Active
509800,107234,29,Premium,2020-10-20,166798.51,Active
509801,101898,26,Savings,2019-02-26,102832.76,Active
509802,101600,13,Savings,2021-04-26,113068.96,Active
509803,104840,15,Salary,2026-01-02,45524.98,Active
509804,107231,30,Salary,2022-07-25,3803.34,Active
509805,102578,40,Salary,2021-07-22,109825.51,Active
509806,107986,17,Current,2019-12-21,57367.96,Active
509807,100301,34,Salary,2017-12-08,27341.04,Active
509808,106963,32,Savings,2025-04-26,193417.55,Closed
509809,103843,26,Current,2023-05-31,331200.02,Active
509810,102898,39,Savings,2024-08-27,114868.18,Active
509811,103557,23,Savings,2022-05-03,23945.87,Active
509812,102268,5,Savings,2017-06-27,178927.85,Dormant
509813,101622,35,Salary,2021-11-29,129093.9,Active
509814,105720,34,Savings,2021-01-30,196102.41,Active
509815,101490,11,Savings,2018-12-28,133611.77,Active
509816,105402,28,Salary,2019-03-25,185192.35,Active
509817,105718,2,Salary,2024-10-28,98354.05,Active
509818,100060,12,Salary,2018-06-11,369361.36,Active
509819,105888,10,Savings,2022-10-05,119778.86,Active
509820,105856,16,Current,2025-04-30,130443.27,Active
509821,104201,15,Savings,2022-01-22,81976.1,Active
509822,103052,23,Savings,2020-12-29,2835780.01,Active
509823,107475,29,Savings,2017-03-29,208712.26,Active
509824,106287,40,Savings,2019-02-02,211364.22,Active
509825,107348,18,Salary,2018-04-01,391721.5,Active
509826,109198,16,Premium,2023-11-27,43594.25,Active
509827,105484,3,Salary,2018-01-05,107776.47,Active
509828,105172,33,Savings,2017-05-04,247528.94,Active
509829,103451,40,Current,2022-12-25,38798.85,Active
509830,107201,25,Salary,2023-02-27,41369.73,Active
509831,102798,11,Salary,2025-02-15,160806.82,Active
509832,107548,18,Savings,2025-02-24,39968.85,Active
509833,102011,21,Salary,2025-02-05,20616.88,Active
509834,108647,24,Current,2022-03-27,212957.94,Active
509835,106475,38,Current,2025-03-25,131888.96,Active
509836,101101,20,Savings,2021-11-26,137741.62,Active
509837,101803,2,Current,2023-07-08,83190.29,Active
509838,108474,22,Current,2025-08-11,10739.19,Active
509839,109628,32,Current,2024-12-27,32065.05,Active
509840,106387,39,Savings,2025-06-24,35492.43,Active
509841,105593,15,Salary,2025-01-15,171427.31,Active
509842,107906,21,Savings,2019-04-28,59527.29,Active
509843,107232,32,Savings,2021-05-26,286345.15,Active
509844,109303,30,Savings,2023-05-29,329941.81,Active
509845,109735,34,Savings,2020-09-27,17341.06,Active
509846,103069,31,Salary,2018-09-15,329805.12,Active
509847,107806,9,Current,2024-12-01,102920.29,Active
509848,107701,13,Savings,2024-01-25,35351.15,Active
509849,104436,10,Savings,2020-03-05,47752.97,Closed
509850,108719,33,Savings,2017-08-16,21324.67,Active
509851,108368,39,Savings,2021-09-15,32570.24,Active
509852,108062,4,Savings,2018-03-17,251040.04,Active
509853,105669,32,Current,2020-08-20,492540.85,Active
509854,107449,16,Salary,2022-06-09,42788.34,Active
509855,108970,3,Current,2018-02-26,131196.88,Active
509856,101289,5,Savings,2019-03-13,41918.19,Active
509857,104822,15,Salary,2017-06-12,318525.36,Active
509858,107998,31,Current,2025-09-27,19654.29,Active
509859,105022,18,Premium,2026-01-12,89952.13,Active
509860,108518,29,Salary,2020-09-23,463874.05,Active
509861,109679,10,Savings,2018-04-23,197902.55,Active
509862,103929,5,Savings,2024-11-12,22929.24,Dormant
509863,101443,10,Current,2020-11-18,60259.03,Active
509864,103748,18,Savings,2019-01-21,623472.7,Active
509865,104287,18,Salary,2017-04-14,150161.59,Active
509866,103175,34,Current,2024-05-28,31327.26,Active
509867,104263,27,Savings,2022-03-06,113251.13,Active
509868,101604,36,Savings,2022-10-23,20711.18,Active
509869,108797,30,Current,2024-08-16,53238.22,Active
509870,106031,5,Savings,2025-11-05,98640.04,Active
509871,100673,17,Current,2021-01-08,137216.8,Active
509872,102865,33,Savings,2021-09-14,83048.21,Active
509873,100206,27,Savings,2023-08-08,265673.11,Active
509874,101492,10,Savings,2024-11-25,30484.96,Active
509875,105187,10,Savings,2018-11-29,284189.33,Active
509876,105821,36,Salary,2020-09-22,68409.79,Active
509877,109717,13,Savings,2020-12-05,21478.35,Active
509878,100125,17,Premium,2017-08-01,154884.37,Active
509879,100289,25,Current,2024-07-14,188352.75,Active
509880,106192,24,Current,2021-08-26,49695.39,Active
509881,107185,13,Salary,2023-01-25,239394.79,Active
509882,102100,17,Savings,2017-10-07,45039.64,Active
509883,107784,38,Salary,2023-09-04,260469.0,Active
509884,109150,6,Savings,2024-06-14,17699.31,Active
509885,104089,29,Current,2021-01-21,49393.29,Active
509886,102948,30,Savings,2021-10-09,101765.21,Active
509887,107402,5,Premium,2019-08-10,76697.58,Active
509888,102564,24,Current,2018-08-15,105284.03,Active
509889,108276,31,Savings,2020-08-13,362801.18,Active
509890,105313,23,Savings,2020-05-08,523152.2,Active
509891,103213,34,Current,2023-08-11,63436.16,Active
509892,107444,28,Savings,2020-04-29,475585.99,Active
509893,107424,36,Premium,2026-01-06,57121.86,Active
509894,102897,18,Savings,2024-08-14,52387.72,Active
509895,105997,19,Current,2023-06-15,58342.07,Active
509896,103976,40,Savings,2023-01-09,85083.57,Dormant
509897,109541,27,Savings,2025-08-17,39752.07,Active
509898,102740,23,Savings,2021-10-23,14835.22,Active
509899,105732,17,Savings,2025-06-15,47920.49,Active
509900,103314,17,Savings,2022-02-15,120440.74,Active
509901,109797,25,Savings,2023-12-14,56550.08,Active
509902,108319,9,Savings,2018-10-01,112731.69,Active
509903,101482,34,Savings,2023-11-23,38913.38,Active
509904,105041,26,Premium,2019-04-29,62143.33,Active
509905,102030,24,Current,2024-01-18,305549.79,Active
509906,102618,39,Premium,2025-10-14,63237.22,Active
509907,101081,33,Salary,2025-06-20,150832.22,Active
509908,102846,6,Savings,2021-05-13,15626.67,Active
509909,101628,12,Salary,2025-12-24,248997.12,Closed
509910,104880,34,Current,2025-02-23,70562.41,Active
509911,106076,20,Savings,2023-11-21,43418.93,Active
509912,105816,23,Salary,2023-03-02,14400.05,Active
509913,104037,8,Savings,2023-06-25,111820.23,Active
509914,109041,7,Savings,2024-07-07,291732.24,Active
509915,107717,7,Savings,2019-08-24,135523.52,Active
509916,107037,37,Current,2023-11-02,36656.75,Active
509917,101373,2,Savings,2022-08-03,32403.51,Active
509918,107804,14,Salary,2023-11-24,446187.5,Active
509919,108076,1,Savings,2020-04-06,65684.45,Active
509920,108198,7,Current,2018-04-11,11644.18,Active
509921,102856,27,Savings,2020-01-02,16086.86,Active
509922,101172,11,Savings,2020-12-01,44410.59,Active
509923,102021,38,Savings,2024-11-27,78346.39,Active
509924,102001,26,Salary,2018-01-18,48438.13,Active
509925,102972,29,Savings,2019-01-09,84587.2,Active
509926,108192,25,Current,2024-06-29,57224.8,Active
509927,106483,11,Savings,2022-01-28,121859.56,Active
509928,109313,23,Savings,2025-10-20,120727.37,Active
509929,108728,37,Savings,2019-12-03,242703.59,Active
509930,108576,28,Savings,2023-06-06,42720.1,Active
509931,107131,15,Savings,2021-10-16,133267.84,Active
509932,106938,21,Salary,2020-06-16,149811.76,Active
509933,104875,17,Savings,2024-05-10,216393.54,Active
509934,100504,38,Savings,2020-05-04,55773.21,Active
509935,102455,4,Savings,2023-10-08,65060.44,Active
509936,102741,22,Savings,2024-03-22,36209.47,Active
509937,109872,1,Salary,2017-04-28,91173.18,Active
509938,108478,32,Salary,2021-09-14,252340.6,Dormant
509939,104287,19,Savings,2024-07-04,7771.73,Active
509940,104133,13,Salary,2025-10-19,755316.04,Active
509941,102535,28,Savings,2018-02-26,31404.94,Active
509942,108349,32,Savings,2019-01-26,75959.96,Active
509943,108848,13,Savings,2020-09-02,38571.19,Active
509944,108470,25,Salary,2024-03-29,11852.35,Active
509945,102172,18,Savings,2020-06-28,68696.0,Active
509946,105467,31,Salary,2019-08-24,125119.29,Active
509947,102438,25,Salary,2021-10-16,48868.39,Active
509948,108138,5,Current,2018-06-07,292969.89,Active
509949,106904,5,Savings,2021-10-18,66972.27,Active
509950,103573,39,Savings,2017-06-20,24315.01,Active
509951,102556,33,Savings,2019-08-27,284667.21,Active
509952,101389,4,Savings,2025-11-12,22465.43,Active
509953,108131,15,Salary,2025-12-16,45753.66,Active
509954,100890,9,Salary,2025-04-26,165712.68,Closed
509955,100087,2,Current,2022-09-05,62878.46,Active
509956,103735,18,Savings,2017-06-13,8820.61,Active
509957,107484,37,Salary,2020-07-18,49049.53,Active
509958,109302,28,Savings,2025-03-18,11255.58,Dormant
509959,100234,23,Premium,2019-08-07,259709.66,Active
509960,103555,31,Savings,2025-07-24,37755.46,Active
509961,100794,27,Salary,2024-11-24,57854.94,Active
509962,105747,30,Savings,2020-12-23,24619.79,Active
509963,106660,30,Current,2023-02-11,205825.92,Dormant
509964,106551,28,Savings,2018-12-23,235049.73,Active
509965,101183,22,Savings,2018-08-31,444728.13,Active
509966,107485,39,Savings,2025-12-10,23013.12,Active
509967,106882,40,Savings,2022-04-13,9466.26,Active
509968,104657,17,Savings,2021-11-18,18008.3,Active
509969,100368,13,Savings,2023-04-17,87898.1,Active
509970,108370,22,Current,2024-01-31,37700.07,Active
509971,101431,18,Current,2022-08-23,57933.66,Active
509972,101753,13,Savings,2020-03-19,100464.39,Active
509973,105253,34,Premium,2018-08-16,98439.28,Active
509974,106024,5,Current,2021-02-15,204027.99,Active
509975,101051,23,Savings,2021-07-13,187815.77,Active
509976,104568,3,Savings,2018-03-27,135314.08,Active
509977,100448,29,Savings,2017-02-05,51209.75,Active
509978,102605,19,Savings,2024-01-07,92167.17,Active
509979,108560,15,Savings,2019-02-13,37865.78,Active
509980,100640,21,Salary,2024-12-23,58806.26,Active
509981,105213,23,Premium,2022-05-09,137472.85,Active
509982,106967,38,Savings,2025-08-05,56779.54,Active
509983,101537,2,Savings,2024-03-09,54519.41,Active
509984,106755,20,Savings,2021-03-20,94524.33,Active
509985,103527,29,Current,2020-10-06,97661.84,Dormant
509986,102862,11,Savings,2024-03-27,486310.57,Active
509987,107595,18,Salary,2024-10-18,329716.53,Active
509988,106896,28,Savings,2019-10-28,84208.6,Active
509989,104724,40,Salary,2022-01-06,724639.96,Active
509990,109315,30,Salary,2026-01-05,119913.3,Active
509991,100364,39,Premium,2024-02-15,43371.31,Active
509992,104797,16,Current,2021-12-30,23794.34,Active
509993,106026,8,Salary,2021-08-22,51027.95,Active
509994,100488,19,Salary,2023-12-02,237664.7,Active
509995,109803,16,Salary,2020-04-23,26676.81,Active
509996,103433,12,Salary,2018-12-23,442425.85,Active
509997,100216,34,Current,2025-09-04,605044.6,Active
509998,102152,22,Salary,2022-05-13,61222.4,Active
509999,100131,6,Salary,2018-04-23,68365.02,Dormant
510000,102722,31,Savings,2022-02-13,397142.27,Active
510001,106578,27,Current,2020-04-06,60823.6,Dormant
510002,109461,35,Salary,2017-10-09,30056.73,Active
510003,108894,16,Current,2018-08-01,52827.73,Closed
510004,107959,2,Savings,2017-10-08,91292.96,Active
510005,108220,2,Salary,2025-09-11,45733.61,Active
510006,101906,13,Savings,2018-05-11,125785.11,Active
510007,100268,37,Current,2020-03-13,84570.97,Active
510008,100320,27,Savings,2019-06-12,22411.89,Active
510009,100502,10,Savings,2022-07-22,98389.3,Active
510010,109561,32,Savings,2022-10-26,50421.08,Active
510011,105920,22,Salary,2024-07-06,19183.7,Active
510012,107803,29,Savings,2017-11-04,648393.62,Active
510013,107408,6,Savings,2017-08-20,101150.83,Active
510014,104312,31,Salary,2023-01-07,43925.68,Active
510015,109521,17,Salary,2020-11-23,349756.62,Active
510016,101810,7,Current,2017-01-14,45579.2,Active
510017,105984,1,Salary,2024-01-21,107081.78,Active
510018,108388,29,Salary,2024-12-06,148109.3,Active
510019,106317,8,Current,2025-01-31,48061.09,Active
510020,103105,9,Savings,2021-09-19,104152.86,Active
510021,101058,28,Savings,2022-12-25,334294.2,Dormant
510022,100231,28,Current,2018-07-14,133809.16,Closed
510023,104856,34,Savings,2023-02-17,50040.89,Active
510024,106247,1,Salary,2023-03-22,472682.88,Active
510025,103935,2,Savings,2025-01-13,53359.8,Active
510026,104738,3,Savings,2020-11-09,80604.27,Active
510027,103289,30,Savings,2025-08-14,57595.08,Active
510028,104074,2,Savings,2023-11-26,50202.9,Active
510029,104063,34,Current,2017-08-24,58152.89,Dormant
510030,104877,23,Current,2020-01-13,88087.57,Active
510031,108617,5,Salary,2019-01-05,115073.76,Active
510032,108617,38,Premium,2017-11-01,11767.06,Active
510033,102083,1,Savings,2019-03-18,664342.03,Active
510034,108319,5,Savings,2017-02-17,337083.51,Active
510035,100528,31,Savings,2020-07-13,54490.12,Active
510036,106992,2,Current,2025-12-10,271101.37,Active
510037,105481,38,Savings,2024-04-11,95801.49,Active
510038,109243,22,Salary,2018-09-02,44967.17,Active
510039,106490,23,Savings,2019-05-12,88296.68,Active
510040,107430,14,Savings,2020-12-14,88652.76,Active
510041,100769,31,Savings,2025-03-04,137045.88,Active
510042,108633,19,Current,2021-05-25,126004.69,Active
510043,107940,16,Salary,2017-12-07,20252.18,Active
510044,102335,27,Savings,2019-04-15,125097.92,Active
510045,103848,23,Current,2023-01-08,269453.11,Active
510046,100659,12,Salary,2017-05-19,56931.3,Active
510047,101822,36,Savings,2022-05-01,173520.39,Active
510048,101956,5,Salary,2022-09-03,500374.63,Active
510049,108024,35,Current,2024-10-08,157003.24,Active
510050,105422,38,Current,2022-11-28,33902.25,Active
510051,106195,10,Savings,2019-09-06,71764.57,Active
510052,103599,19,Savings,2022-08-27,171187.32,Active
510053,109681,3,Savings,2018-12-16,65086.35,Active
510054,105285,13,Current,2021-08-08,507453.5,Active
510055,105314,1,Savings,2022-11-24,177994.4,Active
510056,102157,35,Savings,2023-10-20,346223.76,Active
510057,107653,31,Savings,2019-07-05,131064.73,Active
510058,109916,34,Current,2022-01-02,112725.79,Active
510059,109482,21,Current,2017-10-07,282258.21,Active
510060,107140,5,Savings,2019-12-24,51915.11,Active
510061,100451,20,Current,2024-01-24,12332.82,Active
510062,103868,4,Current,2018-07-21,88858.38,Active
510063,106531,31,Salary,2021-03-22,216985.59,Active
510064,107915,39,Savings,2024-07-10,14208.24,Active
510065,102553,20,Current,2022-05-27,45541.19,Active
510066,106876,18,Premium,2021-04-26,2873.21,Active
510067,102045,37,Savings,2020-03-03,24416.86,Active
510068,108982,32,Salary,2020-07-12,6991.75,Active
510069,107317,27,Savings,2019-05-09,85416.82,Active
510070,102531,9,Savings,2020-08-31,111798.67,Active
510071,105392,17,Salary,2022-03-13,14740.66,Active
510072,109841,25,Savings,2022-07-31,489688.0,Active
510073,100519,28,Savings,2017-12-17,61962.2,Active
510074,105288,3,Current,2017-10-23,107237.78,Active
510075,106501,17,Savings,2024-09-20,117852.04,Active
510076,102222,14,Savings,2024-04-12,81444.24,Active
510077,107770,11,Current,2021-05-09,41918.78,Closed
510078,102971,14,Savings,2017-03-28,129851.73,Active
510079,101347,33,Savings,2017-05-11,514476.58,Active
510080,108430,35,Savings,2025-09-15,63451.6,Dormant
510081,109319,11,Savings,2022-05-16,114048.68,Active
510082,104197,5,Salary,2024-12-01,58366.23,Active
510083,101443,22,Current,2024-05-12,405766.86,Active
510084,102500,33,Savings,2017-08-14,23538.28,Active
510085,104469,6,Savings,2017-04-19,58260.32,Active
510086,107404,13,Savings,2022-09-18,89177.98,Active
510087,103382,32,Premium,2019-08-28,20119.36,Active
510088,107886,11,Current,2021-01-27,151773.24,Active
510089,107355,8,Salary,2023-12-05,9780.93,Active
510090,104470,21,Salary,2020-05-29,241639.66,Active
510091,104734,1,Salary,2018-07-22,78586.4,Active
510092,106914,40,Savings,2025-04-18,138771.04,Active
510093,104172,20,Savings,2024-07-04,65438.34,Active
510094,106885,26,Current,2023-09-16,60918.57,Active
510095,103013,1,Savings,2022-11-08,131635.57,Active
510096,100676,9,Savings,2021-08-07,56964.93,Active
510097,108241,11,Savings,2024-04-28,40010.48,Active
510098,105152,34,Savings,2019-11-24,25870.11,Active
510099,108842,5,Savings,2019-06-20,424164.71,Active
510100,107020,16,Savings,2025-06-09,173184.43,Active
510101,102997,26,Savings,2019-06-11,59887.72,Active
510102,109749,30,Savings,2017-04-01,270505.45,Active
510103,108684,2,Savings,2020-05-11,35923.65,Active
510104,107681,35,Savings,2024-04-05,31261.17,Active
510105,101404,15,Salary,2024-07-30,63392.25,Active
510106,100602,14,Current,2017-12-04,456778.58,Dormant
510107,104679,34,Current,2025-06-07,120295.5,Active
510108,100184,3,Savings,2025-01-25,225556.72,Active
510109,105043,25,Savings,2022-08-26,56582.39,Active
510110,103225,19,Salary,2019-02-09,79646.1,Active
510111,108309,9,Savings,2022-08-20,276931.91,Active
510112,107880,25,Savings,2019-12-15,54684.99,Active
510113,105493,20,Savings,2018-11-17,15066.77,Closed
510114,107166,35,Premium,2024-03-04,180712.17,Active
510115,102941,11,Current,2019-03-12,120491.24,Dormant
510116,100013,38,Savings,2019-03-06,24569.49,Active
510117,106933,15,Savings,2024-02-17,809300.92,Active
510118,101525,15,Savings,2024-05-13,164007.7,Active
510119,100281,4,Savings,2023-05-30,96399.86,Active
510120,100085,26,Savings,2023-01-22,50276.89,Active
510121,101536,4,Savings,2017-11-27,53419.83,Dormant
510122,107903,28,Salary,2017-01-30,72221.19,Closed
510123,107612,29,Savings,2017-10-07,25692.23,Active
510124,100205,36,Current,2021-09-28,56900.27,Dormant
510125,106940,40,Savings,2018-01-09,86667.42,Active
510126,101869,37,Savings,2018-03-03,100175.5,Active
510127,109641,28,Salary,2018-11-23,364807.12,Active
510128,102065,14,Savings,2019-01-04,81915.54,Active
510129,104049,5,Current,2024-02-14,47179.49,Active
510130,108313,9,Savings,2017-04-06,48330.96,Active
510131,104135,9,Salary,2017-04-16,156455.85,Active
510132,109207,34,Salary,2025-03-19,156212.82,Active
510133,104782,19,Savings,2025-01-10,37307.67,Active
510134,103143,32,Premium,2019-07-02,30223.84,Active
510135,107200,3,Salary,2022-03-13,98810.91,Active
510136,101750,1,Current,2021-09-18,271408.55,Active
510137,100822,5,Savings,2025-08-29,142504.31,Dormant
510138,101051,34,Savings,2025-12-08,29170.04,Active
510139,109428,15,Salary,2018-01-04,85567.42,Dormant
510140,109575,28,Current,2024-06-11,31656.98,Closed
510141,106131,6,Savings,2023-07-22,338844.1,Active
510142,109680,38,Current,2024-03-14,25599.08,Active
510143,103308,16,Savings,2024-02-13,68419.88,Active
510144,101526,38,Current,2021-08-21,17169.86,Active
510145,104002,39,Savings,2024-04-28,181805.2,Active
510146,108089,17,Savings,2018-02-16,22470.57,Closed
510147,109904,33,Savings,2023-10-27,197576.49,Active
510148,100940,29,Current,2019-07-07,366654.41,Active
510149,106041,18,Premium,2022-08-11,92398.31,Active
510150,104884,13,Salary,2025-03-14,82653.14,Closed
510151,108995,14,Savings,2017-01-29,70290.46,Active
510152,100925,19,Savings,2022-07-25,420719.13,Active
510153,109025,6,Savings,2022-12-21,40537.66,Active
510154,105878,32,Premium,2020-12-09,146646.08,Active
510155,105214,28,Savings,2021-01-28,162609.1,Active
510156,106871,27,Savings,2023-12-08,216255.68,Active
510157,103809,28,Salary,2024-03-25,15286.27,Active
510158,108160,15,Savings,2021-08-30,95772.04,Active
510159,100458,30,Salary,2018-08-19,140151.26,Active
510160,100110,3,Premium,2022-08-13,96748.88,Active
510161,106230,6,Salary,2022-12-18,121959.91,Active
510162,102580,2,Savings,2025-02-13,309956.25,Active
510163,101682,32,Savings,2025-01-10,59110.05,Active
510164,104109,12,Premium,2021-11-12,82749.14,Active
510165,104149,23,Current,2019-04-20,227163.81,Active
510166,105870,16,Salary,2017-10-17,44542.25,Active
510167,101927,5,Salary,2023-08-07,73372.43,Active
510168,102039,36,Salary,2022-10-11,133877.63,Dormant
510169,104375,21,Savings,2019-03-10,60447.53,Active
510170,107294,13,Salary,2022-06-07,48758.2,Active
510171,100055,3,Savings,2025-07-20,177336.22,Active
510172,106880,34,Savings,2023-05-09,35928.14,Active
510173,109303,8,Salary,2021-02-16,43849.43,Active
510174,104709,12,Salary,2018-09-10,94960.83,Active
510175,105809,23,Savings,2021-08-11,99306.06,Active
510176,103950,28,Savings,2023-12-19,271432.25,Active
510177,101413,27,Premium,2024-09-26,51864.59,Active
510178,100764,28,Savings,2020-09-02,119575.45,Active
510179,101591,22,Savings,2017-07-30,47559.89,Dormant
510180,107876,35,Savings,2020-10-14,46629.3,Active
510181,105133,20,Savings,2020-11-25,20352.2,Active
510182,102849,20,Premium,2024-04-25,74033.68,Active
510183,108527,17,Current,2020-06-18,108625.65,Active
510184,105393,38,Salary,2019-10-07,692012.35,Active
510185,102994,14,Savings,2017-11-29,23245.86,Active
510186,104134,37,Savings,2024-09-04,69907.83,Active
510187,100669,6,Savings,2024-11-01,16876.69,Active
510188,105957,36,Premium,2017-08-26,60564.99,Active
510189,106452,20,Salary,2023-11-21,105090.31,Active
510190,101621,16,Savings,2020-08-25,14536.57,Closed
510191,102950,24,Savings,2022-05-29,8435.64,Active
510192,104809,1,Savings,2022-07-28,245528.37,Active
510193,107086,12,Savings,2025-06-13,81519.36,Active
510194,109890,8,Savings,2023-09-25,165381.32,Active
510195,104691,15,Savings,2017-05-19,143168.49,Active
510196,107240,24,Savings,2019-06-07,82947.38,Active
510197,106130,17,Savings,2023-05-21,336421.55,Active
510198,103294,5,Current,2025-09-05,55032.28,Active
510199,106106,7,Savings,2025-11-20,40730.71,Active
510200,109359,32,Savings,2021-06-26,144552.97,Active
510201,101527,23,Premium,2020-11-08,81214.95,Active
510202,102098,7,Salary,2021-09-12,49794.06,Active
510203,107507,8,Salary,2021-09-22,35784.01,Active
510204,103412,28,Premium,2022-02-07,151149.5,Active
510205,106041,5,Savings,2021-12-06,121654.82,Active
510206,100878,24,Savings,2023-08-01,32123.33,Active
510207,106876,3,Current,2024-12-24,152551.97,Active
510208,102442,40,Savings,2018-09-10,57710.66,Active
510209,107966,5,Premium,2024-11-19,213863.21,Active
510210,109150,4,Current,2020-05-08,37026.07,Active
510211,101986,29,Savings,2020-06-28,584165.53,Active
510212,100622,22,Savings,2018-11-10,45395.07,Active
510213,108863,16,Current,2018-04-10,207284.27,Active
510214,100500,8,Current,2025-03-02,112419.09,Dormant
510215,100305,40,Savings,2022-03-03,203902.87,Active
510216,105192,23,Premium,2021-01-09,31246.5,Dormant
510217,101361,2,Current,2025-09-11,35333.61,Active
510218,102211,5,Savings,2017-03-26,41134.93,Active
510219,100073,1,Savings,2017-05-16,107019.27,Active
510220,108566,4,Savings,2017-11-22,116557.41,Active
510221,108693,11,Savings,2023-04-29,114935.82,Active
510222,103276,3,Savings,2022-12-21,207215.35,Active
510223,107237,4,Savings,2019-01-22,344086.59,Active
510224,103309,31,Savings,2022-02-11,63603.15,Active
510225,100510,13,Current,2018-06-03,122058.37,Active
510226,109253,1,Current,2024-09-13,38006.39,Active
510227,109247,11,Savings,2020-07-11,20997.07,Active
510228,107035,4,Savings,2017-03-16,41626.44,Active
510229,100593,4,Salary,2024-04-24,95433.02,Active
510230,106767,21,Savings,2023-01-31,111785.41,Active
510231,109959,35,Savings,2025-02-13,821708.16,Active
510232,100387,2,Current,2020-02-29,145571.74,Active
510233,101003,3,Current,2025-01-12,32564.76,Active
510234,102816,34,Savings,2020-07-28,11762.5,Active
510235,103180,27,Current,2025-12-15,463150.38,Active
510236,100511,27,Savings,2024-10-30,99114.01,Active
510237,109027,21,Salary,2021-02-03,67591.94,Active
510238,109085,20,Savings,2021-03-12,192605.69,Active
510239,108589,33,Premium,2025-11-14,23037.06,Active
510240,106115,21,Savings,2018-10-23,314150.54,Active
510241,108338,29,Current,2024-04-27,34705.57,Active
510242,108427,22,Salary,2021-01-23,442195.61,Active
510243,108321,35,Savings,2019-01-07,142034.24,Active
510244,108090,30,Savings,2023-10-25,29514.03,Active
510245,107003,28,Salary,2025-08-24,445978.85,Active
510246,101834,36,Savings,2017-06-20,72428.02,Active
510247,102316,22,Salary,2019-08-07,30879.41,Dormant
510248,101423,10,Savings,2019-10-31,23057.83,Active
510249,102877,26,Salary,2020-11-08,143798.76,Active
510250,101142,1,Current,2026-01-13,181373.24,Active
510251,107751,1,Savings,2018-09-06,153207.01,Active
510252,104693,13,Current,2018-12-20,35068.31,Active
510253,100318,3,Savings,2022-05-15,34626.01,Active
510254,103359,23,Savings,2017-09-19,107116.29,Active
510255,101452,37,Savings,2018-05-09,235374.26,Dormant
510256,109156,11,Current,2018-11-05,513634.58,Active
510257,107637,3,Savings,2017-08-28,93268.81,Active
510258,100326,40,Savings,2023-02-19,154519.48,Active
510259,103271,16,Savings,2018-02-09,94330.83,Active
510260,103037,7,Savings,2018-08-25,102170.32,Active
510261,104570,39,Savings,2019-12-15,61091.02,Active
510262,109275,24,Current,2020-11-17,97279.69,Dormant
510263,103918,5,Salary,2017-11-13,44366.05,Active
510264,108876,11,Salary,2025-02-26,37451.33,Active
510265,108243,20,Current,2019-10-18,117439.39,Closed
510266,100529,2,Savings,2020-02-02,544725.77,Active
510267,108370,5,Savings,2020-03-30,67027.11,Active
510268,107255,34,Salary,2018-04-21,98603.56,Active
510269,101239,39,Salary,2017-03-08,30507.98,Dormant
510270,102710,6,Current,2019-11-24,39672.92,Active
510271,100849,26,Savings,2017-10-09,41336.64,Active
510272,103605,26,Salary,2017-04-14,141026.44,Active
510273,100810,31,Savings,2021-06-30,24204.1,Active
510274,106792,37,Savings,2020-09-21,343437.36,Dormant
510275,101011,39,Savings,2024-01-24,22593.29,Active
510276,104355,40,Savings,2023-03-05,90588.02,Active
510277,101649,29,Premium,2017-08-06,15732.24,Active
510278,100027,11,Savings,2019-03-27,35872.77,Active
510279,100661,4,Salary,2022-01-07,16303.37,Dormant
510280,102935,13,Savings,2019-11-01,99754.78,Active
510281,105304,29,Savings,2023-06-11,353987.37,Dormant
510282,103365,31,Salary,2025-01-03,169055.77,Active
510283,108934,3,Current,2023-01-28,205606.38,Active
510284,106678,15,Salary,2019-08-13,18902.31,Active
510285,106360,7,Premium,2022-05-30,58222.27,Active
510286,103431,40,Current,2023-05-27,67985.73,Active
510287,104989,9,Salary,2020-06-02,221764.82,Active
510288,104744,22,Current,2022-10-15,97231.35,Active
510289,103088,10,Salary,2021-05-29,94489.96,Active
510290,106915,28,Savings,2023-12-24,9158.37,Active
510291,108293,16,Savings,2019-03-05,97449.69,Active
510292,109324,20,Savings,2020-07-19,203835.63,Active
510293,107841,23,Savings,2024-09-11,174000.19,Active
510294,101444,34,Savings,2019-05-03,266504.6,Active
510295,106264,5,Current,2018-11-29,56389.4,Active
510296,105713,10,Premium,2022-08-28,98119.66,Active
510297,105851,29,Savings,2020-03-24,308484.68,Active
510298,102368,25,Salary,2023-11-17,113162.12,Active
510299,106042,40,Savings,2021-01-06,34254.12,Active
510300,107771,8,Current,2017-12-23,64809.07,Active
510301,109457,38,Current,2018-07-01,28319.66,Active
510302,106083,34,Current,2021-05-05,92573.33,Active
510303,109395,13,Savings,2022-03-24,65143.46,Active
510304,102457,39,Salary,2023-12-19,23407.49,Active
510305,100079,10,Savings,2023-02-18,67711.79,Active
510306,102132,39,Savings,2025-01-08,79963.31,Active
510307,100944,37,Savings,2022-03-06,34428.79,Active
510308,107083,3,Salary,2022-11-25,76116.53,Active
510309,100303,20,Premium,2021-03-29,93503.08,Active
510310,108624,19,Current,2020-09-04,96639.47,Dormant
510311,109752,35,Current,2024-03-26,12661.68,Active
510312,107354,9,Salary,2021-07-12,159618.98,Active
510313,106926,13,Savings,2023-06-08,75023.41,Active
510314,108018,26,Savings,2021-01-19,42909.27,Active
510315,102153,7,Savings,2024-05-26,61373.64,Active
510316,102536,36,Premium,2018-01-02,46748.74,Closed
510317,108460,19,Current,2019-12-20,21344.06,Active
510318,101977,24,Savings,2023-06-07,45764.92,Active
510319,101363,30,Savings,2025-11-19,53216.85,Active
510320,108517,18,Current,2025-07-09,64498.02,Active
510321,105881,32,Savings,2021-06-05,111739.81,Active
510322,105877,19,Savings,2025-05-28,230294.25,Active
510323,102781,39,Salary,2021-07-30,84383.35,Active
510324,108352,25,Premium,2021-08-08,24347.18,Active
510325,109788,23,Savings,2022-04-18,194292.93,Active
510326,101262,28,Current,2019-01-31,272250.8,Active
510327,101827,15,Savings,2018-05-22,47386.67,Active
510328,104620,5,Premium,2018-03-17,72266.59,Active
510329,104564,21,Salary,2025-02-11,44680.79,Active
510330,104859,18,Current,2018-01-19,203965.84,Active
510331,101228,17,Savings,2022-07-14,99368.45,Active
510332,105109,13,Current,2023-09-17,57423.3,Active
510333,104652,19,Savings,2018-12-12,51195.45,Active
510334,102655,22,Savings,2023-10-03,67122.28,Active
510335,108900,29,Salary,2022-04-13,249738.51,Active
510336,106125,23,Savings,2018-01-14,20073.37,Active
510337,103475,31,Salary,2020-03-07,202225.42,Active
510338,109624,34,Current,2022-04-02,139568.28,Dormant
510339,104241,11,Salary,2019-01-31,93771.06,Active
510340,100873,29,Current,2017-04-08,65364.22,Active
510341,102300,15,Savings,2019-06-14,50544.56,Active
510342,104942,8,Savings,2024-01-25,25028.13,Active
510343,108942,3,Savings,2020-08-23,37705.81,Active
510344,100165,5,Current,2020-02-15,416289.92,Active
510345,108766,7,Current,2017-05-25,76774.18,Active
510346,107366,31,Savings,2021-10-28,226067.98,Active
510347,101583,7,Current,2017-08-03,208556.42,Active
510348,104145,33,Salary,2018-10-27,624339.04,Active
510349,102845,29,Salary,2022-03-03,130575.92,Active
510350,106935,27,Savings,2025-12-22,49930.81,Active
510351,108400,32,Savings,2018-06-10,238822.62,Active
510352,108286,26,Savings,2023-03-01,31592.94,Active
510353,109469,39,Savings,2020-01-16,26941.14,Dormant
510354,105669,31,Salary,2024-08-18,77762.37,Active
510355,100846,33,Salary,2017-10-12,36114.4,Active
510356,105255,8,Salary,2022-08-25,186806.87,Active
510357,107316,9,Savings,2017-10-04,147687.59,Active
510358,102417,24,Savings,2025-10-12,139267.28,Active
510359,108011,40,Premium,2017-01-07,69549.97,Active
510360,109346,35,Savings,2022-02-18,18853.0,Active
510361,101920,8,Salary,2017-05-23,131527.41,Active
510362,106159,16,Salary,2020-07-17,33908.68,Active
510363,109705,1,Savings,2019-10-06,60256.3,Active
510364,107699,23,Current,2022-07-15,505400.7,Active
510365,101292,6,Savings,2025-09-15,97183.31,Active
510366,107568,9,Premium,2018-01-31,43970.43,Closed
510367,108539,19,Savings,2024-04-22,56102.24,Active
510368,106343,23,Savings,2021-11-05,42514.82,Active
510369,102139,15,Salary,2020-03-31,199238.04,Active
510370,103293,33,Current,2023-01-13,289565.47,Closed
510371,104978,8,Current,2023-07-12,48195.39,Active
510372,108569,28,Savings,2020-02-02,17246.0,Active
510373,106131,7,Salary,2023-12-16,78230.94,Active
510374,107559,1,Current,2024-02-25,82854.73,Active
510375,105409,35,Current,2022-07-07,74571.24,Active
510376,108120,7,Current,2025-08-10,696633.62,Active
510377,105251,40,Savings,2018-09-25,790415.58,Active
510378,105136,16,Savings,2019-05-02,481427.09,Active
510379,105321,18,Savings,2021-10-18,115979.05,Active
510380,102774,17,Salary,2017-09-08,98581.14,Active
510381,104643,9,Savings,2022-12-17,186864.58,Active
510382,107359,15,Current,2025-01-21,45144.65,Active
510383,101634,6,Current,2021-03-09,174149.93,Active
510384,103675,35,Savings,2022-05-01,8558.73,Active
510385,109434,13,Savings,2022-04-14,83842.54,Active
510386,105927,15,Premium,2020-09-13,315121.84,Active
510387,100041,38,Salary,2021-08-19,41088.43,Active
510388,100162,1,Savings,2017-03-22,78372.01,Active
510389,107735,5,Current,2020-11-21,87044.22,Active
510390,101219,26,Premium,2023-11-20,58416.14,Active
510391,108281,26,Salary,2017-06-09,10330.58,Active
510392,108195,29,Salary,2018-10-10,311100.25,Dormant
510393,104925,2,Savings,2024-02-19,212027.55,Active
510394,102383,20,Current,2019-04-28,352840.32,Active
510395,102877,1,Current,2023-09-30,55770.93,Active
510396,109057,4,Savings,2024-05-05,386643.29,Active
510397,101636,10,Current,2017-10-04,31066.83,Active
510398,100088,23,Savings,2019-08-22,107240.04,Active
510399,101537,29,Savings,2025-12-06,66042.8,Active
510400,104996,28,Savings,2017-10-11,22124.72,Active
510401,106198,14,Premium,2023-07-25,15594.88,Active
510402,101021,27,Savings,2025-10-22,125333.07,Active
510403,108201,12,Salary,2019-11-09,69248.33,Active
510404,102786,29,Savings,2018-01-04,54279.95,Active
510405,104004,15,Premium,2025-04-24,195162.48,Active
510406,104570,9,Savings,2025-08-09,69008.01,Active
510407,107393,23,Current,2022-11-27,120835.74,Active
510408,104644,36,Savings,2020-07-30,26958.37,Active
510409,103532,40,Savings,2017-01-28,61544.87,Active
510410,102459,22,Savings,2022-10-05,98836.76,Active
510411,106582,5,Current,2020-05-18,61431.52,Active
510412,106443,35,Salary,2022-06-19,50618.53,Active
510413,100425,40,Savings,2017-08-03,88480.77,Dormant
510414,102263,29,Salary,2021-10-27,106040.2,Active
510415,105159,32,Savings,2022-08-31,68686.84,Active
510416,109049,24,Current,2021-05-23,41114.29,Active
510417,101684,32,Salary,2017-05-21,25732.25,Active
510418,102462,4,Current,2021-01-11,383723.53,Dormant
510419,104196,38,Savings,2018-10-01,84903.85,Active
510420,107300,19,Savings,2020-02-02,371385.75,Closed
510421,104448,9,Savings,2018-03-31,115851.65,Active
510422,100004,7,Savings,2022-10-26,92399.54,Active
510423,104130,8,Premium,2025-03-17,113202.93,Active
510424,100182,33,Savings,2019-12-13,202024.09,Active
510425,108290,26,Savings,2024-11-20,93972.84,Active
510426,100832,34,Savings,2025-11-11,27352.06,Active
510427,100642,24,Savings,2022-09-20,176230.09,Active
510428,102133,19,Salary,2019-09-28,319940.95,Active
510429,100750,11,Savings,2018-10-31,140879.95,Active
510430,100989,2,Savings,2023-03-15,59487.87,Active
510431,103825,3,Premium,2020-03-25,75565.55,Active
510432,109604,10,Savings,2021-11-01,126695.18,Active
510433,102513,15,Savings,2025-07-02,42083.95,Active
510434,105634,12,Savings,2019-04-13,17042.73,Active
510435,109102,34,Savings,2022-04-30,19725.4,Active
510436,109173,9,Premium,2018-05-22,9565.38,Active
510437,109539,17,Current,2017-04-08,152079.4,Active
510438,109609,29,Savings,2025-06-26,476186.53,Active
510439,107408,5,Current,2021-09-09,283085.72,Active
510440,109829,20,Salary,2020-03-10,66872.42,Active
510441,107094,8,Savings,2025-06-17,81846.27,Active
510442,102864,16,Savings,2020-06-25,262165.94,Active
510443,109672,22,Savings,2023-05-18,72027.51,Active
510444,101764,16,Savings,2020-10-21,291650.65,Active
510445,100405,10,Premium,2021-11-01,153601.08,Active
510446,108092,18,Salary,2019-12-25,80617.39,Active
510447,106229,18,Savings,2019-01-08,39842.15,Active
510448,102364,14,Savings,2018-11-10,65987.3,Active
510449,103901,31,Current,2021-05-24,58100.12,Active
510450,106410,36,Premium,2017-11-13,156375.15,Dormant
510451,100421,21,Savings,2017-08-19,112011.0,Active
510452,107440,21,Savings,2021-06-23,74784.02,Active
510453,106170,3,Savings,2018-11-28,43094.16,Active
510454,108878,27,Savings,2020-04-15,52594.51,Closed
510455,103552,33,Premium,2023-12-01,377888.75,Active
510456,104261,10,Savings,2024-12-07,34057.19,Active
510457,105476,33,Savings,2025-04-08,158619.36,Active
510458,101889,2,Current,2019-02-11,26289.13,Active
510459,103291,10,Savings,2021-11-08,69030.25,Active
510460,107817,40,Savings,2022-05-06,163592.98,Active
510461,102691,3,Savings,2021-03-08,182931.74,Active
510462,105536,13,Salary,2020-02-07,95573.51,Active
510463,101914,5,Salary,2024-01-17,84072.0,Active
510464,101630,26,Savings,2021-01-03,103419.2,Active
510465,109636,36,Savings,2022-04-06,74334.48,Active
510466,106950,1,Savings,2024-05-16,63403.96,Active
510467,109503,15,Current,2018-02-28,42740.37,Active
510468,105183,34,Savings,2020-04-02,35404.71,Dormant
510469,103672,6,Savings,2025-09-18,15464.74,Active
510470,107201,20,Current,2022-09-04,62961.95,Active
510471,106225,11,Salary,2024-08-28,132968.9,Active
510472,108419,34,Premium,2024-02-02,44885.2,Active
510473,100829,37,Savings,2023-03-06,70909.61,Active
510474,101131,5,Savings,2024-10-13,342675.52,Active
510475,104069,3,Savings,2017-06-16,27564.61,Active
510476,104174,26,Savings,2019-05-25,14693.45,Active
510477,101529,33,Savings,2021-02-06,35695.88,Active
510478,106514,36,Savings,2024-07-29,36731.48,Active
510479,101161,4,Savings,2023-09-23,106857.93,Active
510480,104500,13,Savings,2021-09-08,16278.53,Active
510481,104447,15,Savings,2020-05-06,105480.41,Active
510482,102227,10,Salary,2025-04-11,35368.86,Dormant
510483,101195,23,Current,2022-01-20,54669.84,Active
510484,104703,14,Savings,2024-03-03,139107.67,Active
510485,103030,14,Savings,2020-06-13,301364.98,Active
510486,107259,6,Savings,2024-09-14,275561.11,Active
510487,103037,7,Salary,2022-04-04,144803.1,Active
510488,104008,13,Savings,2024-06-26,7135.2,Active
510489,102397,27,Savings,2022-12-25,18952.22,Active
510490,105988,12,Salary,2019-11-03,36929.28,Active
510491,104725,4,Savings,2020-04-20,384710.15,Active
510492,105434,11,Savings,2024-12-08,166266.94,Active
510493,108584,8,Savings,2019-02-05,85158.11,Active
510494,106414,15,Premium,2018-12-11,38428.96,Active
510495,103772,22,Premium,2021-07-14,105576.4,Active
510496,100145,8,Current,2017-07-19,157791.24,Active
510497,102853,27,Savings,2024-02-13,81045.18,Active
510498,109715,30,Savings,2017-04-27,14745.03,Active
510499,105875,4,Savings,2017-08-17,172484.93,Active
510500,109211,20,Current,2018-01-07,134372.01,Active
510501,103740,38,Salary,2021-05-15,167817.42,Active
510502,105688,7,Salary,2020-04-17,23355.98,Active
510503,101531,2,Current,2019-08-13,307345.65,Dormant
510504,106176,21,Savings,2019-04-16,82344.26,Active
510505,105617,21,Savings,2021-01-17,115812.6,Closed
510506,103935,15,Current,2017-06-15,29629.34,Dormant
510507,107069,36,Salary,2021-07-01,145921.25,Active
510508,100407,15,Current,2024-12-10,8039.18,Active
510509,109397,39,Salary,2023-05-08,88096.42,Active
510510,101784,13,Current,2023-12-21,37811.53,Active
510511,103389,38,Current,2022-01-05,63422.75,Active
510512,101924,10,Savings,2019-03-19,531957.08,Active
510513,101664,6,Savings,2023-10-20,53956.85,Active
510514,107446,23,Savings,2019-12-19,68825.98,Active
510515,105053,20,Current,2020-08-09,121814.15,Active
510516,109777,31,Current,2018-02-20,63143.58,Active
510517,104233,13,Salary,2017-04-20,90228.49,Active
510518,102318,20,Savings,2025-08-27,52633.28,Active
510519,104245,23,Current,2017-06-11,11553.78,Closed
510520,104613,20,Current,2022-11-11,30517.17,Active
510521,106291,14,Savings,2021-07-02,521430.46,Active
510522,107386,23,Current,2021-11-16,139214.86,Active
510523,101819,30,Premium,2021-03-29,128267.25,Active
510524,105268,12,Salary,2020-05-06,27104.24,Active
510525,103626,8,Current,2024-09-30,72647.61,Active
510526,105303,5,Savings,2022-08-27,11265.35,Active
510527,102814,29,Salary,2018-10-04,92406.7,Active
510528,106662,17,Savings,2021-06-26,145586.95,Active
510529,108869,30,Current,2021-08-20,60108.95,Active
510530,106195,30,Savings,2024-07-17,312421.38,Active
510531,106531,33,Premium,2017-12-19,195634.28,Active
510532,104064,4,Savings,2019-01-02,50588.32,Active
510533,104932,24,Salary,2022-09-22,167684.58,Active
510534,106548,26,Savings,2019-05-10,35882.83,Active
510535,109303,27,Savings,2022-11-05,57934.37,Active
510536,101259,14,Savings,2019-06-07,42628.28,Active
510537,102517,25,Premium,2026-01-05,26949.19,Active
510538,108671,18,Savings,2017-08-29,212806.95,Closed
510539,107495,16,Salary,2022-09-08,107238.65,Active
510540,106851,26,Savings,2023-06-23,32325.51,Active
510541,107330,21,Savings,2021-09-23,96381.92,Active
510542,105997,1,Savings,2023-11-11,618268.44,Active
510543,100951,32,Salary,2022-05-13,115615.84,Active
510544,106496,11,Current,2023-12-17,134481.05,Active
510545,106442,21,Savings,2018-05-07,78949.63,Active
510546,101747,26,Premium,2021-09-16,237026.28,Active
510547,109282,13,Current,2025-10-24,30272.79,Active
510548,100946,5,Savings,2024-11-15,69277.58,Dormant
510549,105652,17,Premium,2019-02-24,100240.29,Active
510550,104319,10,Savings,2021-09-27,267830.76,Active
510551,104337,3,Premium,2018-11-26,41867.8,Active
510552,108572,8,Salary,2021-07-06,17074.71,Active
510553,105901,37,Current,2025-12-08,251565.89,Active
510554,104470,11,Savings,2017-08-19,306436.32,Active
510555,101648,11,Premium,2021-09-07,197044.44,Active
510556,108898,14,Savings,2021-01-28,921649.7,Active
510557,108239,23,Savings,2021-07-08,230521.66,Active
510558,104705,3,Current,2024-09-06,46223.14,Active
510559,108165,23,Savings,2020-03-26,30225.1,Active
510560,104055,17,Savings,2023-05-20,695165.36,Active
510561,103815,1,Premium,2019-07-06,102550.68,Active
510562,104023,28,Savings,2025-01-29,1607145.19,Active
510563,102765,40,Salary,2024-01-30,15407.06,Active
510564,105571,13,Current,2018-08-31,338930.59,Active
510565,108001,8,Savings,2023-02-11,99894.21,Dormant
510566,108541,32,Savings,2018-04-02,27906.03,Active
510567,103378,39,Savings,2017-04-20,96827.76,Active
510568,103679,8,Salary,2022-04-07,225058.46,Active
510569,107723,17,Savings,2019-05-10,95239.27,Active
510570,106571,24,Savings,2022-06-08,114682.99,Active
510571,105419,24,Savings,2017-03-19,45519.5,Active
510572,107467,8,Salary,2019-06-04,22146.96,Active
510573,107806,7,Savings,2022-09-02,14544.55,Active
510574,103173,23,Salary,2021-02-03,394625.46,Active
510575,104266,14,Savings,2024-07-09,276866.99,Active
510576,102370,4,Savings,2018-06-18,101577.77,Active
510577,107539,39,Savings,2019-06-04,11629.17,Active
510578,104829,23,Salary,2026-01-03,94676.79,Active
510579,107190,26,Premium,2021-08-16,158221.71,Active
510580,105044,4,Current,2023-11-12,85899.72,Active
510581,105082,26,Current,2022-05-14,242886.18,Closed
510582,100031,8,Savings,2020-02-07,113139.28,Active
510583,107203,23,Savings,2018-09-22,29393.08,Active
510584,109863,31,Savings,2023-03-07,34422.59,Active
510585,105120,38,Salary,2018-05-03,89733.53,Active
510586,108341,3,Premium,2022-04-05,150957.93,Active
510587,108433,39,Premium,2020-07-16,91415.41,Active
510588,106678,29,Current,2017-11-23,80283.83,Active
510589,102594,25,Savings,2020-09-22,50354.56,Active
510590,102761,19,Current,2022-12-22,332501.16,Active
510591,109843,32,Savings,2022-04-05,45510.95,Active
510592,101313,9,Current,2025-09-02,457812.39,Active
510593,106340,31,Premium,2018-08-17,352230.92,Active
510594,107077,4,Salary,2018-01-17,132970.43,Active
510595,101389,17,Premium,2020-11-09,93298.44,Active
510596,106063,4,Savings,2019-12-02,32666.42,Dormant
510597,107830,8,Savings,2019-08-06,45773.42,Active
510598,104460,19,Savings,2020-10-31,83754.18,Dormant
510599,107097,13,Current,2025-09-14,117873.77,Active
510600,105644,7,Current,2025-02-07,12512.1,Active
510601,101785,25,Savings,2025-12-13,9595.93,Active
510602,105620,38,Salary,2017-12-02,335817.01,Active
510603,108617,21,Savings,2022-11-23,74165.16,Active
510604,101953,16,Salary,2021-04-07,58443.85,Active
510605,107162,35,Current,2023-06-15,84692.32,Active
510606,105712,40,Savings,2022-09-05,249342.02,Active
510607,101223,15,Savings,2022-11-13,87778.01,Active
510608,102553,31,Current,2018-07-24,70277.97,Active
510609,107417,6,Current,2019-11-19,64421.91,Active
510610,106228,10,Current,2023-03-21,104073.42,Active
510611,103447,10,Savings,2025-05-27,1425208.86,Active
510612,102164,17,Salary,2017-08-31,670930.89,Active
510613,109964,25,Salary,2018-01-14,60866.95,Active
510614,102111,36,Premium,2024-02-15,88155.2,Active
510615,106766,2,Current,2018-10-30,212572.21,Dormant
510616,101017,38,Savings,2021-06-26,161555.83,Active
510617,107513,29,Savings,2017-01-28,16892.06,Active
510618,107845,30,Salary,2023-01-23,48247.99,Active
510619,102293,28,Premium,2023-12-13,84810.86,Active
510620,100958,34,Savings,2018-05-03,191864.03,Active
510621,101035,11,Current,2026-01-07,156887.74,Active
510622,106006,14,Savings,2021-09-16,50730.62,Active
510623,101312,39,Premium,2021-08-11,71891.87,Active
510624,109787,21,Savings,2017-10-17,338306.05,Active
510625,109814,23,Savings,2025-11-10,41338.0,Active
510626,105513,9,Savings,2024-03-22,9781.92,Active
510627,102608,30,Savings,2025-04-04,25579.94,Active
510628,108568,34,Current,2020-07-10,377132.79,Dormant
510629,103008,17,Savings,2022-10-11,28229.24,Closed
510630,103479,25,Current,2017-02-16,265010.8,Active
510631,102132,37,Savings,2023-11-09,57597.53,Active
510632,109857,14,Savings,2025-05-18,81962.23,Active
510633,103858,28,Current,2024-06-07,119364.11,Active
510634,109121,39,Savings,2018-03-30,52868.43,Active
510635,101157,5,Premium,2018-04-29,125346.37,Active
510636,109527,16,Salary,2025-06-13,224367.45,Active
510637,100663,17,Current,2018-02-21,28813.14,Active
510638,104347,27,Savings,2018-02-02,146224.64,Active
510639,107971,32,Savings,2024-05-11,71257.42,Active
510640,103673,23,Savings,2022-03-05,107812.16,Active
510641,108620,13,Savings,2025-11-18,150754.25,Active
510642,103088,10,Savings,2020-12-29,61601.54,Closed
510643,109442,8,Premium,2018-11-23,89128.54,Active
510644,106239,30,Current,2023-07-30,1107831.04,Active
510645,107857,12,Salary,2022-06-06,292417.43,Active
510646,106143,1,Premium,2025-10-16,91784.49,Active
510647,101245,12,Salary,2020-09-19,52036.98,Active
510648,109031,23,Savings,2023-07-18,57342.15,Active
510649,105977,28,Salary,2025-05-21,101862.52,Active
510650,101703,10,Salary,2023-11-03,54044.14,Active
510651,102526,36,Savings,2020-01-30,169808.74,Active
510652,109141,29,Savings,2021-10-31,180027.58,Active
510653,105258,24,Savings,2019-03-25,222806.95,Active
510654,108365,3,Savings,2023-06-05,23592.39,Active
510655,102748,7,Salary,2020-10-28,81894.57,Active
510656,102215,31,Salary,2017-12-27,28682.61,Active
510657,107023,19,Salary,2022-06-16,67670.69,Active
510658,105797,3,Savings,2023-07-04,130356.33,Active
510659,102318,26,Savings,2017-12-09,38667.78,Active
510660,101551,21,Savings,2025-01-10,24507.34,Closed
510661,103524,16,Savings,2021-12-22,204349.43,Active
510662,100301,16,Savings,2024-05-14,221249.07,Active
510663,104545,28,Current,2022-09-18,29336.76,Active
510664,107799,19,Savings,2020-12-28,19123.0,Active
510665,105616,28,Salary,2022-07-11,91141.07,Active
510666,105855,6,Savings,2020-06-16,95364.61,Active
510667,101173,17,Salary,2018-08-06,131285.05,Active
510668,100317,16,Current,2025-01-20,106444.94,Active
510669,104947,21,Current,2019-04-03,1192583.81,Active
510670,104222,30,Savings,2020-11-05,93793.64,Dormant
510671,106164,37,Current,2021-06-25,17065.53,Active
510672,105077,30,Savings,2024-04-18,26265.34,Active
510673,100801,31,Savings,2023-01-21,89983.72,Active
510674,105755,38,Current,2017-06-29,24108.63,Active
510675,105949,26,Salary,2021-10-03,137646.2,Active
510676,103768,37,Savings,2018-05-26,155671.47,Active
510677,108918,13,Savings,2025-03-30,414997.96,Active
510678,109915,40,Premium,2023-08-22,330280.81,Active
510679,100287,40,Salary,2023-05-21,8252.34,Active
510680,100466,9,Savings,2018-05-02,103444.37,Active
510681,109142,16,Savings,2017-08-19,45061.48,Active
510682,103695,14,Savings,2025-08-29,280713.11,Active
510683,105593,20,Savings,2018-01-18,69704.42,Active
510684,100785,17,Savings,2017-03-17,62285.05,Active
510685,100070,5,Current,2024-06-29,308401.77,Active
510686,105736,12,Current,2023-02-15,27043.82,Active
510687,104867,20,Premium,2023-03-10,14072.37,Active
510688,100659,19,Savings,2022-04-16,134619.41,Dormant
510689,104331,7,Salary,2020-03-14,45838.31,Active
510690,107299,29,Premium,2023-09-20,300298.74,Active
510691,103739,27,Savings,2022-05-02,34989.47,Active
510692,100044,9,Savings,2023-08-23,253822.53,Active
510693,101167,5,Current,2023-07-24,144322.13,Active
510694,107036,11,Salary,2025-12-24,28363.38,Dormant
510695,107155,10,Savings,2024-05-13,387257.8,Active
510696,104506,10,Salary,2021-06-05,67940.48,Active
510697,106178,38,Savings,2020-06-24,220339.91,Active
510698,102553,40,Premium,2020-02-06,227653.72,Active
510699,107674,39,Savings,2024-05-19,35134.08,Active
510700,103608,31,Savings,2023-03-03,52850.24,Active
510701,104517,18,Savings,2017-09-19,589580.13,Active
510702,104835,1,Current,2020-01-26,34919.36,Active
510703,105545,5,Salary,2019-12-30,152899.42,Active
510704,109843,7,Salary,2021-09-26,116422.72,Active
510705,101765,11,Current,2020-05-14,91835.61,Active
510706,109629,29,Salary,2022-07-12,23243.25,Active
510707,105971,20,Salary,2024-12-17,115802.03,Active
510708,109682,14,Savings,2023-03-11,25975.55,Active
510709,106062,20,Current,2017-02-28,20049.48,Active
510710,102883,36,Savings,2021-12-22,204896.5,Active
510711,104122,34,Salary,2018-12-08,43929.32,Active
510712,105434,33,Salary,2017-04-11,20047.64,Active
510713,100426,25,Salary,2024-08-28,93100.99,Active
510714,103543,11,Current,2025-10-23,189499.97,Active
510715,107910,21,Premium,2025-09-30,41033.03,Active
510716,107265,19,Savings,2022-01-07,49321.28,Dormant
510717,106390,8,Savings,2023-12-09,58383.82,Active
510718,106803,39,Salary,2021-06-02,144610.06,Dormant
510719,105841,31,Savings,2023-08-24,213054.11,Active
510720,105265,5,Savings,2024-09-13,29455.82,Active
510721,108185,17,Savings,2018-11-10,194463.95,Active
510722,106626,32,Savings,2017-12-07,255706.52,Active
510723,107717,6,Savings,2023-11-24,83760.27,Active
510724,101729,35,Savings,2017-04-07,65146.15,Dormant
510725,106475,29,Savings,2020-12-02,16295.41,Closed
510726,105503,30,Savings,2024-12-23,58439.2,Active
510727,104191,14,Savings,2021-03-17,53616.88,Active
510728,105343,37,Savings,2019-09-26,88449.19,Active
510729,100124,33,Savings,2023-05-11,55686.1,Active
510730,106865,3,Savings,2018-08-11,16166.02,Active
510731,105845,21,Savings,2024-05-06,438576.68,Active
510732,101462,21,Premium,2018-03-01,8943.39,Active
510733,109908,24,Current,2023-12-19,68729.11,Dormant
510734,103323,36,Current,2024-02-22,322260.89,Active
510735,107926,15,Salary,2021-03-11,58658.91,Active
510736,103747,11,Savings,2022-12-31,31354.65,Active
510737,109531,9,Salary,2024-01-31,231605.11,Active
510738,106500,31,Savings,2025-03-01,26640.42,Dormant
510739,100972,10,Savings,2022-01-17,43822.79,Active
510740,104874,17,Salary,2023-03-01,71846.59,Active
510741,100284,20,Current,2018-04-27,431778.16,Closed
510742,104110,30,Premium,2019-01-17,93179.17,Active
510743,104834,2,Savings,2024-09-07,116670.29,Active
510744,103119,15,Salary,2024-01-18,211015.82,Active
510745,105121,7,Savings,2018-06-06,69788.4,Active
510746,102844,38,Savings,2018-02-23,295516.41,Active
510747,102755,6,Current,2020-04-10,104565.43,Active
510748,107747,24,Savings,2022-12-20,38407.3,Active
510749,109269,19,Salary,2017-03-07,69451.08,Active
510750,108231,28,Savings,2021-02-14,17412.76,Active
510751,101261,39,Savings,2020-12-19,52196.65,Active
510752,101716,12,Current,2024-12-20,12152.65,Active
510753,106593,2,Premium,2021-03-17,42238.71,Active
510754,100308,34,Savings,2018-12-17,162642.37,Active
510755,105108,10,Savings,2019-02-04,94861.67,Active
510756,105591,10,Savings,2019-08-17,324237.57,Active
510757,100423,6,Salary,2018-08-17,40181.3,Active
510758,100802,37,Salary,2017-10-12,110270.79,Active
510759,104739,2,Salary,2019-07-25,73635.29,Active
510760,106025,24,Salary,2024-07-19,402626.26,Active
510761,102192,27,Savings,2021-07-28,199627.35,Active
510762,103279,37,Savings,2024-07-02,114181.58,Dormant
510763,101990,39,Salary,2023-04-08,154366.03,Active
510764,105104,4,Savings,2020-06-09,43659.58,Active
510765,100307,15,Savings,2023-08-29,712246.7,Active
510766,103562,18,Savings,2019-08-20,127476.28,Active
510767,100332,20,Current,2020-09-24,68158.63,Active
510768,106054,10,Savings,2021-07-21,68192.55,Active
510769,107654,30,Current,2017-09-05,114168.27,Active
510770,106520,17,Savings,2020-06-26,105269.51,Active
510771,100661,35,Savings,2019-01-14,119814.98,Dormant
510772,100246,19,Savings,2021-04-12,27623.71,Active
510773,101531,19,Savings,2017-10-27,194691.38,Active
510774,105352,20,Current,2024-03-09,221037.92,Active
510775,108388,14,Premium,2019-09-14,119157.77,Active
510776,109893,27,Savings,2020-10-10,8907.25,Active
510777,107427,1,Salary,2025-10-15,491857.1,Active
510778,107135,16,Savings,2024-01-31,36141.45,Active
510779,108389,17,Savings,2020-04-17,64556.88,Active
510780,108148,7,Savings,2023-02-14,64899.04,Active
510781,106061,1,Current,2023-04-30,81715.71,Active
510782,100154,19,Savings,2021-03-18,283354.05,Active
510783,108146,16,Savings,2021-11-11,57272.83,Active
510784,108715,4,Premium,2019-05-31,11093.76,Active
510785,106794,4,Savings,2024-04-22,133815.96,Active
510786,106579,1,Savings,2017-01-09,81857.5,Active
510787,103052,25,Savings,2022-05-30,36714.44,Active
510788,105184,8,Current,2023-10-05,10849.59,Active
510789,105827,14,Savings,2024-06-23,51657.99,Active
510790,102509,13,Salary,2020-08-30,38384.34,Active
510791,106655,28,Salary,2023-10-09,42493.04,Active
510792,102569,26,Savings,2022-09-22,4180.63,Active
510793,100903,32,Salary,2021-06-28,44732.34,Closed
510794,104136,3,Current,2025-10-15,115362.36,Active
510795,100186,9,Salary,2025-04-02,24369.62,Active
510796,105651,12,Current,2023-01-02,19962.58,Active
510797,109376,9,Premium,2023-11-04,93883.22,Active
510798,106064,1,Current,2021-07-04,26550.11,Active
510799,100642,16,Salary,2024-01-26,28073.56,Active
510800,107690,10,Savings,2023-01-24,414543.9,Active
510801,107779,33,Current,2025-02-23,29415.74,Active
510802,106916,25,Savings,2017-03-09,45202.54,Active
510803,104629,10,Savings,2017-09-03,41032.82,Active
510804,104784,28,Salary,2025-06-26,147675.75,Active
510805,102526,7,Savings,2018-09-07,134181.11,Dormant
510806,105578,37,Savings,2019-03-11,333542.19,Active
510807,103658,20,Savings,2025-05-14,292948.6,Active
510808,107392,10,Salary,2020-12-24,21027.03,Closed
510809,100772,4,Savings,2025-09-08,276458.08,Active
510810,103737,33,Premium,2019-03-10,376431.65,Active
510811,105633,26,Salary,2019-11-16,138218.8,Active
510812,100027,37,Savings,2024-08-04,86640.65,Active
510813,109054,36,Savings,2020-03-06,168152.72,Dormant
510814,105728,1,Salary,2017-09-21,41672.66,Dormant
510815,108228,34,Savings,2022-01-13,172591.81,Active
510816,106069,40,Savings,2025-08-13,25395.7,Active
510817,105633,2,Salary,2019-03-06,36791.43,Dormant
510818,109216,25,Salary,2019-03-01,140225.51,Active
510819,107374,39,Current,2021-07-17,231952.69,Active
510820,101407,24,Salary,2017-05-31,303558.04,Active
510821,101027,14,Salary,2020-12-09,29641.75,Closed
510822,102510,18,Savings,2018-08-13,44809.32,Active
510823,104714,8,Savings,2020-08-04,22763.58,Active
510824,107791,7,Savings,2017-01-12,261752.87,Active
510825,108971,16,Savings,2019-04-22,161726.16,Active
510826,101646,33,Salary,2024-03-11,109655.47,Active
510827,103630,9,Salary,2020-03-09,55473.2,Active
510828,105805,21,Savings,2024-09-30,5993.88,Active
510829,104938,3,Savings,2024-11-06,219676.39,Active
510830,104699,3,Savings,2025-11-09,23119.06,Dormant
510831,104286,21,Savings,2023-08-26,1257453.52,Active
510832,104735,17,Current,2017-05-15,27053.35,Active
510833,103703,37,Salary,2020-12-18,33237.67,Active
510834,101072,9,Savings,2020-08-04,116278.3,Active
510835,107264,32,Savings,2021-01-31,420654.36,Active
510836,101519,23,Savings,2021-12-18,50100.63,Active
510837,108248,36,Savings,2018-11-23,113029.91,Active
510838,102364,4,Savings,2017-07-06,233499.26,Active
510839,102596,23,Savings,2021-08-02,29623.92,Active
510840,100116,32,Savings,2020-09-30,203412.95,Active
510841,106812,11,Salary,2023-07-27,59161.48,Active
510842,101423,3,Salary,2025-12-28,63775.31,Active
510843,107229,27,Current,2024-02-03,30635.93,Active
510844,101747,18,Savings,2022-11-25,365344.5,Active
510845,105054,5,Savings,2019-08-10,56001.28,Active
510846,103415,36,Savings,2024-04-02,238906.6,Active
510847,108023,35,Savings,2024-05-22,823519.58,Active
510848,103409,24,Savings,2017-02-14,99374.12,Active
510849,100411,32,Savings,2022-09-06,222658.03,Active
510850,100008,16,Salary,2018-06-22,55410.91,Active
510851,106548,30,Current,2024-02-11,20539.84,Active
510852,102774,19,Savings,2019-12-21,61312.13,Dormant
510853,106627,15,Savings,2022-10-25,102727.45,Active
510854,106304,33,Savings,2022-08-31,235658.26,Active
510855,108965,30,Salary,2020-02-29,41730.03,Active
510856,108601,40,Savings,2017-02-06,50464.21,Active
510857,105949,4,Savings,2024-09-11,29500.32,Active
510858,107461,6,Salary,2024-08-24,87546.72,Active
510859,108743,12,Savings,2019-07-28,51250.85,Active
510860,105877,1,Premium,2023-11-12,29329.63,Active
510861,104089,9,Savings,2023-11-21,122756.61,Active
510862,101861,3,Savings,2025-11-13,122376.17,Active
510863,108469,14,Savings,2018-10-03,234920.81,Active
510864,109533,24,Savings,2021-02-06,651226.91,Active
510865,103741,13,Current,2018-06-30,118011.59,Active
510866,100446,17,Savings,2024-09-21,108720.96,Active
510867,107256,36,Premium,2024-02-16,40291.8,Closed
510868,103903,18,Savings,2017-09-14,210592.7,Dormant
510869,101989,27,Savings,2020-04-22,45988.08,Active
510870,101968,12,Savings,2021-04-15,299337.36,Active
510871,104294,14,Salary,2023-07-16,337958.14,Active
510872,108831,32,Current,2024-03-14,86868.85,Active
510873,106235,1,Savings,2024-01-07,75728.32,Active
510874,103421,36,Savings,2019-08-27,29612.08,Active
510875,109977,3,Current,2018-03-13,540899.86,Active
510876,109718,40,Savings,2017-12-06,38178.51,Active
510877,107076,20,Salary,2024-12-08,40923.06,Dormant
510878,102773,17,Savings,2018-01-03,30343.79,Dormant
510879,108220,31,Current,2017-02-23,25449.15,Dormant
510880,105446,17,Salary,2025-01-01,114009.06,Active
510881,104660,29,Salary,2019-10-17,45567.33,Active
510882,106378,6,Current,2022-04-26,412087.67,Active
510883,104428,21,Savings,2024-06-26,326328.52,Active
510884,103122,29,Salary,2021-11-17,41682.09,Active
510885,103536,33,Premium,2023-12-23,125897.17,Active
510886,104850,37,Current,2025-04-09,163256.44,Active
510887,100420,12,Current,2025-03-05,13977.82,Active
510888,103025,26,Savings,2022-07-10,135480.58,Active
510889,101457,19,Current,2024-12-04,180511.73,Active
510890,101485,18,Savings,2020-01-04,83414.73,Active
510891,101978,37,Savings,2025-02-27,336580.37,Active
510892,102983,23,Salary,2023-03-31,188191.56,Active
510893,108616,28,Savings,2020-06-01,129751.76,Active
510894,103757,22,Savings,2019-09-07,71181.07,Active
510895,109022,4,Salary,2025-06-25,67232.72,Active
510896,102863,27,Current,2018-07-18,67131.31,Closed
510897,100520,19,Savings,2019-08-21,47843.94,Dormant
510898,106647,1,Current,2022-09-22,166587.82,Active
510899,106923,26,Savings,2021-09-24,247133.35,Active
510900,108033,25,Savings,2021-05-28,53498.0,Active
510901,102236,23,Savings,2020-10-28,66160.92,Active
510902,108771,31,Savings,2020-11-07,572284.13,Active
510903,108341,25,Savings,2023-08-12,8336.75,Active
510904,108661,39,Savings,2019-09-02,127740.69,Active
510905,106009,6,Salary,2025-04-27,182910.61,Active
510906,109773,19,Current,2020-12-15,300561.78,Active
510907,103318,16,Salary,2018-01-29,36915.63,Active
510908,107916,26,Salary,2021-03-28,113096.61,Active
510909,103808,36,Premium,2024-02-23,112990.31,Active
510910,100212,11,Salary,2020-11-23,450529.75,Active
510911,103934,19,Savings,2021-06-02,32080.38,Active
510912,106677,6,Savings,2018-10-15,423881.6,Active
510913,108968,2,Savings,2020-11-18,21778.79,Active
510914,103055,9,Savings,2024-03-20,872073.35,Active
510915,102379,12,Salary,2020-06-06,36433.91,Active
510916,107343,7,Savings,2018-10-23,118400.41,Active
510917,100266,36,Current,2025-12-04,351555.65,Active
510918,105860,29,Salary,2020-12-17,107207.46,Active
510919,104129,26,Savings,2017-04-22,37714.11,Active
510920,109084,32,Premium,2019-09-15,43674.41,Active
510921,100693,36,Savings,2017-11-23,18957.1,Active
510922,100972,8,Savings,2018-06-06,126605.88,Active
510923,100147,17,Savings,2017-08-24,168884.53,Active
510924,104569,25,Salary,2018-02-09,48074.52,Active
510925,109456,13,Savings,2017-04-15,79891.99,Active
510926,102556,19,Savings,2023-03-15,64508.64,Active
510927,109954,16,Salary,2025-05-10,400381.07,Active
510928,105870,38,Savings,2022-12-14,62505.24,Active
510929,100619,13,Savings,2021-03-27,974007.71,Active
510930,102613,9,Savings,2020-01-31,160857.28,Active
510931,105944,29,Current,2020-01-27,19379.36,Active
510932,107159,32,Current,2020-05-19,127569.77,Active
510933,109464,29,Premium,2019-11-10,34001.07,Active
510934,107968,24,Premium,2024-04-05,63019.19,Active
510935,107466,27,Premium,2019-04-10,100497.67,Dormant
510936,106675,20,Premium,2025-12-11,99035.18,Active
510937,101249,15,Savings,2025-07-16,19799.02,Active
510938,108674,29,Premium,2023-06-29,138946.46,Active
510939,101804,40,Savings,2021-01-02,33521.5,Active
510940,105942,34,Savings,2024-12-09,352230.08,Active
510941,104525,9,Current,2022-03-15,101306.33,Active
510942,104673,31,Savings,2018-12-08,19115.75,Active
510943,102036,40,Savings,2024-02-11,44325.32,Active
510944,102674,17,Savings,2023-04-02,107256.51,Active
510945,103275,40,Salary,2024-02-06,57290.46,Active
510946,100686,23,Savings,2022-11-18,33195.46,Active
510947,105274,21,Current,2021-08-09,54775.58,Active
510948,107771,7,Current,2018-06-15,47392.96,Active
510949,107230,10,Salary,2020-05-22,137639.6,Active
510950,106387,6,Salary,2022-10-23,136227.65,Active
510951,105587,33,Savings,2020-01-24,307809.8,Dormant
510952,106315,31,Salary,2024-12-31,112424.38,Active
510953,102304,10,Salary,2019-09-30,24441.98,Active
510954,108218,5,Salary,2022-02-24,26510.2,Active
510955,105103,12,Savings,2019-02-22,77887.5,Active
510956,104772,37,Savings,2020-10-31,397837.23,Active
510957,101902,10,Savings,2024-04-21,133935.11,Active
510958,101770,2,Current,2023-02-25,291845.11,Active
510959,108577,20,Salary,2017-05-27,19709.66,Active
510960,101147,5,Savings,2024-12-23,1429587.74,Active
510961,108278,15,Savings,2018-06-01,15603.48,Active
510962,103071,38,Savings,2018-11-22,158681.39,Active
510963,104689,35,Salary,2017-09-05,53312.22,Active
510964,104465,5,Current,2021-01-16,515806.45,Dormant
510965,109278,3,Savings,2019-04-16,17158.5,Active
510966,106178,14,Current,2019-01-28,42692.92,Active
510967,104584,21,Savings,2023-02-18,162062.76,Active
510968,103452,11,Savings,2024-08-25,203101.69,Active
510969,108147,24,Savings,2022-03-15,28462.38,Active
510970,104219,30,Salary,2024-04-25,331300.58,Active
510971,102757,28,Premium,2023-07-02,131111.58,Active
510972,104950,39,Savings,2020-07-02,16757.08,Active
510973,104036,22,Premium,2017-04-28,129107.51,Active
510974,101456,40,Savings,2021-01-18,19594.77,Active
510975,105995,15,Salary,2023-02-20,61039.34,Active
510976,100160,37,Premium,2019-09-09,2242840.31,Active
510977,105572,24,Salary,2020-06-16,14920.69,Active
510978,102161,16,Current,2021-01-01,42362.2,Active
510979,101975,18,Premium,2024-02-10,446803.54,Active
510980,104096,37,Current,2018-01-24,555135.25,Active
510981,104516,39,Savings,2018-07-24,47302.92,Active
510982,109564,24,Current,2017-11-25,29528.4,Active
510983,104309,16,Savings,2023-08-24,14340.17,Active
510984,108632,20,Savings,2017-01-21,38647.18,Dormant
510985,102773,12,Premium,2019-01-15,254030.76,Active
510986,102705,9,Current,2021-01-27,97913.89,Active
510987,102869,1,Premium,2018-09-19,187400.83,Active
510988,109971,20,Savings,2020-11-21,496058.88,Active
510989,102274,30,Savings,2019-08-02,211770.9,Active
510990,105663,14,Current,2021-08-18,377928.84,Active
510991,107300,28,Salary,2020-03-21,18831.07,Active
510992,105912,36,Savings,2025-10-09,60157.22,Active
510993,104585,30,Current,2018-06-07,409742.84,Active
510994,108629,19,Savings,2020-07-31,71361.07,Active
510995,107607,5,Current,2023-09-14,88810.52,Active
510996,103161,34,Savings,2023-02-09,38199.84,Active
510997,105601,24,Salary,2021-05-02,204288.39,Active
510998,105601,39,Current,2025-04-09,385242.22,Dormant
510999,103378,36,Current,2019-12-31,60566.63,Active
511000,107516,22,Savings,2024-12-20,30228.58,Active
511001,107520,22,Savings,2017-08-15,48527.51,Active
511002,103393,18,Premium,2017-09-09,70719.98,Active
511003,102657,21,Current,2019-02-18,610157.0,Active
511004,103571,8,Savings,2018-11-13,33351.36,Active
511005,105402,25,Salary,2025-04-22,141705.36,Active
511006,100313,9,Salary,2024-09-15,61400.79,Active
511007,106055,26,Salary,2020-11-16,70590.12,Active
511008,103255,25,Current,2023-04-30,17239.03,Active
511009,109507,23,Salary,2024-04-13,167241.36,Active
511010,101692,30,Savings,2021-01-05,19404.19,Active
511011,105631,35,Current,2024-12-13,30174.99,Active
511012,105288,21,Current,2020-03-25,138569.24,Active
511013,106972,31,Current,2025-03-30,16489.51,Active
511014,109343,26,Savings,2023-10-14,33782.51,Active
511015,105525,16,Salary,2018-05-12,16857.84,Active
511016,106172,13,Salary,2019-09-23,90099.73,Active
511017,108252,34,Current,2023-12-14,21114.67,Active
511018,101114,38,Current,2020-10-10,512725.91,Active
511019,102696,30,Savings,2020-05-09,22828.67,Dormant
511020,107242,24,Savings,2020-02-15,133692.73,Active
511021,109917,1,Savings,2024-08-23,14386.92,Dormant
511022,102766,7,Current,2017-02-21,117532.04,Active
511023,103579,19,Salary,2025-03-30,233806.6,Closed
511024,107260,27,Savings,2024-12-19,82724.26,Active
511025,101383,15,Current,2024-09-28,26042.01,Active
511026,108315,6,Savings,2022-12-26,294714.59,Active
511027,104596,15,Savings,2020-10-29,170388.68,Active
511028,102478,8,Salary,2022-10-05,235397.95,Closed
511029,108828,31,Savings,2023-12-27,156706.03,Active
511030,106121,9,Savings,2021-07-08,38156.79,Active
511031,107363,23,Salary,2019-12-29,93884.35,Active
511032,101626,3,Savings,2021-03-08,258847.12,Active
511033,101996,9,Savings,2022-02-28,129982.26,Active
511034,102481,5,Current,2022-10-13,56028.48,Active
511035,107602,32,Savings,2019-12-04,118482.53,Active
511036,106347,32,Savings,2021-07-08,243746.64,Dormant
511037,107931,22,Savings,2020-01-30,41862.0,Active
511038,102566,9,Salary,2018-03-09,57821.31,Active
511039,100159,40,Savings,2025-08-21,68051.07,Active
511040,104455,28,Savings,2024-07-19,49065.94,Active
511041,106701,20,Savings,2019-02-15,27605.28,Active
511042,104670,12,Savings,2021-08-31,376919.56,Active
511043,104900,38,Current,2025-10-08,21754.91,Active
511044,106512,20,Salary,2020-03-28,52802.59,Active
511045,103652,39,Current,2022-10-20,16396.55,Active
511046,107530,4,Savings,2019-12-14,67029.65,Active
511047,107251,2,Savings,2022-06-23,46606.57,Active
511048,109665,39,Salary,2021-07-04,24113.71,Active
511049,108196,39,Salary,2025-05-29,392479.58,Active
511050,105535,11,Current,2021-03-07,382544.41,Active
511051,106865,36,Savings,2019-05-11,62370.78,Active
511052,105113,4,Current,2021-05-13,82159.44,Active
511053,108046,40,Savings,2019-08-26,139344.87,Active
511054,107797,5,Premium,2023-11-28,35458.75,Active
511055,107802,31,Savings,2023-11-23,48033.54,Active
511056,105574,35,Savings,2022-09-26,57210.04,Active
511057,105640,5,Savings,2023-10-14,178091.95,Dormant
511058,105175,26,Savings,2022-08-08,1046479.14,Active
511059,105131,6,Current,2023-07-18,12689.26,Active
511060,105837,13,Current,2017-02-09,170146.13,Active
511061,105500,23,Salary,2025-10-31,258182.94,Active
511062,105749,39,Savings,2019-10-05,52752.68,Active
511063,102094,36,Salary,2025-01-04,51792.77,Active
511064,106564,11,Savings,2018-05-11,101174.83,Active
511065,101547,3,Salary,2022-09-30,35605.36,Active
511066,101125,37,Savings,2020-02-07,351663.56,Active
511067,101848,1,Savings,2023-03-23,73587.14,Active
511068,106526,27,Savings,2022-02-05,81775.53,Active
511069,103751,36,Savings,2023-12-14,49289.0,Active
511070,107324,38,Savings,2019-11-04,283991.38,Active
511071,100824,34,Current,2023-12-05,33118.22,Active
511072,107770,28,Premium,2021-08-27,35025.22,Active
511073,104077,33,Savings,2020-10-25,77177.2,Active
511074,102436,29,Salary,2024-02-09,508025.21,Dormant
511075,100864,16,Savings,2021-08-04,64218.08,Active
511076,108849,14,Current,2021-01-28,75623.62,Active
511077,104262,26,Savings,2017-07-04,87125.14,Active
511078,109929,2,Savings,2020-06-26,43809.82,Active
511079,103630,23,Savings,2025-01-29,75880.67,Active
511080,100750,29,Savings,2020-01-04,147292.66,Active
511081,107368,1,Current,2018-05-05,19119.62,Active
511082,105635,11,Premium,2023-12-08,18074.59,Active
511083,106317,24,Current,2022-04-28,33075.89,Active
511084,106165,15,Savings,2022-04-19,20354.41,Active
511085,102146,38,Current,2019-09-24,205982.72,Active
511086,106908,33,Salary,2022-07-02,19000.47,Active
511087,102368,11,Savings,2017-06-26,38023.12,Active
511088,109183,27,Savings,2017-09-23,32281.33,Active
511089,103338,30,Savings,2020-09-10,671405.77,Active
511090,105182,16,Savings,2019-05-27,384318.56,Dormant
511091,103739,14,Savings,2019-03-16,565190.14,Active
511092,106526,18,Premium,2021-09-23,110396.44,Active
511093,101224,5,Salary,2025-04-11,119417.24,Active
511094,105475,37,Current,2023-08-07,41156.45,Dormant
511095,109807,24,Premium,2018-10-30,77459.53,Active
511096,107312,17,Salary,2022-11-19,48151.97,Active
511097,104951,35,Savings,2022-05-24,88847.09,Active
511098,105084,4,Current,2025-11-23,264678.46,Active
511099,105151,15,Salary,2018-01-31,29220.03,Active
511100,109172,38,Savings,2018-03-11,84343.02,Active
511101,109153,5,Current,2023-04-21,19238.16,Active
511102,108813,27,Savings,2018-01-31,42898.34,Active
511103,109418,6,Premium,2023-04-06,82199.3,Active
511104,103600,9,Premium,2025-09-19,54322.6,Closed
511105,105097,32,Savings,2021-06-29,88799.59,Active
511106,109762,37,Salary,2025-05-02,924411.36,Active
511107,104093,7,Current,2021-10-19,88523.12,Closed
511108,108035,34,Savings,2020-09-27,348687.49,Active
511109,102986,18,Salary,2019-09-26,128069.27,Active
511110,108282,28,Salary,2017-05-14,75710.33,Active
511111,102789,18,Savings,2020-12-13,55076.53,Active
511112,109558,32,Salary,2019-10-12,39180.75,Active
511113,102237,12,Savings,2017-03-19,57884.74,Active
511114,108405,32,Savings,2019-07-31,244400.39,Active
511115,107173,17,Salary,2019-10-17,111508.19,Active
511116,106235,16,Savings,2019-06-18,126610.67,Active
511117,102399,26,Savings,2025-05-24,66135.94,Closed
511118,104998,4,Savings,2024-09-26,18837.45,Active
511119,100586,33,Savings,2023-08-04,62721.54,Active
511120,101549,22,Salary,2020-03-22,138666.72,Active
511121,100312,19,Savings,2024-11-02,211127.09,Active
511122,101467,3,Salary,2020-07-09,67077.19,Active
511123,107779,21,Savings,2017-08-16,91779.51,Active
511124,104678,14,Current,2021-12-04,351351.31,Active
511125,100560,9,Current,2020-04-28,22055.01,Active
511126,101933,23,Salary,2019-01-17,65563.9,Active
511127,105611,1,Savings,2025-11-02,117941.95,Active
511128,102393,24,Current,2024-10-26,17829.79,Active
511129,106861,22,Current,2020-11-13,179630.91,Active
511130,109094,29,Current,2025-12-22,123937.02,Active
511131,107321,30,Salary,2023-06-02,25457.15,Active
511132,105175,26,Savings,2025-12-05,25215.35,Active
511133,105649,40,Savings,2022-11-02,33694.62,Active
511134,109611,38,Savings,2020-08-14,69653.59,Closed
511135,101147,2,Salary,2019-03-13,49681.91,Dormant
511136,101884,22,Salary,2019-05-20,88686.3,Active
511137,106199,5,Salary,2021-06-07,30120.18,Active
511138,107767,17,Savings,2017-08-04,203383.9,Active
511139,102962,37,Current,2017-10-11,765937.76,Active
511140,106602,38,Savings,2025-12-27,153264.1,Active
511141,106519,28,Savings,2017-11-03,34869.99,Active
511142,100745,3,Savings,2024-05-22,153270.05,Dormant
511143,105088,36,Savings,2024-04-17,112857.1,Active
511144,108263,24,Salary,2020-12-12,148572.27,Active
511145,101268,20,Salary,2019-12-03,30372.08,Active
511146,104320,2,Salary,2017-07-31,120898.92,Active
511147,104288,7,Salary,2018-01-24,102173.37,Active
511148,101940,21,Savings,2018-05-25,27007.74,Active
511149,108779,4,Premium,2020-12-03,483653.21,Active
511150,109003,28,Current,2024-01-18,67283.12,Active
511151,107800,31,Savings,2021-05-20,57420.24,Active
511152,107344,4,Salary,2024-01-26,43354.58,Active
511153,109182,5,Savings,2022-07-11,360901.89,Active
511154,106947,34,Salary,2018-08-17,59963.97,Active
511155,100738,11,Current,2022-11-13,32188.83,Dormant
511156,107639,20,Salary,2017-02-09,289905.06,Active
511157,104806,37,Salary,2019-10-01,301503.37,Active
511158,101293,33,Salary,2024-07-21,36950.03,Closed
511159,103670,24,Savings,2018-03-20,81592.78,Active
511160,107576,5,Current,2025-12-28,59654.11,Active
511161,102586,21,Savings,2021-08-27,62752.71,Dormant
511162,104689,9,Savings,2021-11-09,430976.16,Active
511163,104404,39,Premium,2019-08-02,56918.74,Active
511164,108312,38,Savings,2017-04-24,28994.23,Active
511165,109024,4,Current,2022-05-25,1650650.53,Active
511166,107758,10,Salary,2020-04-09,60784.02,Active
511167,100402,34,Salary,2023-12-15,57768.7,Active
511168,103945,5,Salary,2024-03-07,44884.49,Active
511169,103027,14,Current,2019-09-18,56668.92,Active
511170,108179,29,Savings,2017-10-29,123570.29,Active
511171,109234,7,Savings,2025-07-12,36448.03,Active
511172,105911,19,Savings,2024-06-09,29470.73,Active
511173,103510,5,Savings,2020-05-26,154925.12,Active
511174,104681,12,Salary,2025-04-22,128120.2,Active
511175,108437,30,Savings,2025-04-03,14980.79,Active
511176,103637,23,Savings,2024-04-08,13308.61,Active
511177,109491,32,Savings,2022-02-10,46657.46,Active
511178,103598,17,Savings,2020-11-30,170964.87,Active
511179,100603,29,Savings,2023-05-24,131384.46,Active
511180,109803,39,Savings,2024-03-21,137894.57,Active
511181,108571,1,Salary,2020-03-27,321588.45,Active
511182,101138,26,Savings,2018-10-06,4078.8,Active
511183,109106,27,Savings,2018-09-06,274614.11,Closed
511184,109271,27,Salary,2024-12-27,161689.23,Active
511185,103925,13,Savings,2018-05-08,636230.65,Active
511186,108193,37,Salary,2022-03-16,16462.22,Active
511187,102206,10,Savings,2018-01-28,229556.92,Dormant
511188,108136,21,Salary,2018-12-20,132362.46,Active
511189,104159,12,Savings,2024-07-26,113160.59,Closed
511190,103354,37,Premium,2025-03-14,50726.38,Active
511191,109823,34,Current,2019-04-11,90409.73,Active
511192,106624,9,Savings,2017-10-31,422584.83,Dormant
511193,103212,16,Savings,2025-03-23,1233445.87,Active
511194,109436,14,Savings,2017-10-15,38383.04,Active
511195,102245,32,Salary,2018-11-05,183364.65,Active
511196,108956,22,Savings,2018-02-16,232536.03,Active
511197,104349,31,Savings,2020-03-14,670104.8,Active
511198,106767,30,Current,2019-12-09,56994.42,Active
511199,106232,39,Salary,2019-05-25,86349.38,Active
511200,106292,38,Savings,2021-09-21,147986.03,Active
511201,109925,21,Salary,2018-06-12,20252.94,Dormant
511202,107287,9,Savings,2022-10-09,294642.05,Active
511203,101938,40,Savings,2017-03-21,381503.92,Active
511204,101127,30,Savings,2023-08-24,42131.33,Active
511205,106870,27,Savings,2019-01-16,75582.07,Active
511206,103254,4,Current,2022-11-29,25094.49,Active
511207,105787,13,Current,2019-03-21,165324.19,Active
511208,108492,19,Savings,2021-02-13,333109.62,Active
511209,107382,26,Savings,2025-04-24,82069.94,Active
511210,105277,16,Savings,2024-09-16,752051.56,Active
511211,109822,30,Current,2021-11-18,728244.49,Active
511212,101472,40,Current,2022-01-02,88833.82,Active
511213,105451,3,Savings,2017-05-26,138042.58,Active
511214,109050,2,Salary,2023-08-16,167086.31,Dormant
511215,104445,33,Savings,2019-07-11,33608.99,Active
511216,107965,36,Salary,2018-03-20,103434.24,Active
511217,100966,6,Savings,2017-02-10,550414.95,Active
511218,106875,11,Current,2020-01-25,38582.27,Active
511219,103869,23,Savings,2021-12-29,79735.02,Active
511220,102121,23,Savings,2020-08-14,532437.91,Active
511221,107916,16,Savings,2020-10-15,15046.49,Active
511222,101617,1,Salary,2025-08-29,76485.89,Active
511223,104871,4,Premium,2017-04-08,200555.7,Active
511224,108169,37,Salary,2021-07-18,29229.31,Active
511225,103163,20,Salary,2023-08-14,138159.56,Active
511226,101919,32,Salary,2020-06-14,28683.05,Active
511227,105779,22,Savings,2024-06-15,53152.95,Active
511228,107866,10,Savings,2017-09-02,65009.26,Active
511229,107192,19,Current,2023-07-09,393297.1,Active
511230,103980,25,Salary,2024-11-28,78591.03,Active
511231,102397,14,Savings,2025-08-09,272193.63,Active
511232,101842,37,Savings,2023-08-08,40463.06,Active
511233,109421,39,Salary,2024-10-12,34904.11,Active
511234,103736,36,Savings,2019-12-25,279815.31,Active
511235,100615,1,Savings,2022-10-12,89105.01,Dormant
511236,101186,30,Savings,2022-12-12,503569.16,Active
511237,109016,38,Savings,2025-06-30,63372.56,Dormant
511238,100690,38,Savings,2025-07-01,18712.32,Active
511239,108191,27,Savings,2017-01-16,285397.08,Active
511240,108622,38,Salary,2023-12-08,111902.06,Active
511241,101771,12,Current,2023-09-14,115688.22,Active
511242,103965,23,Salary,2018-05-23,7820.75,Dormant
511243,106478,37,Savings,2017-06-15,17219.54,Active
511244,104950,18,Savings,2022-06-18,45793.9,Active
511245,101388,26,Salary,2021-02-05,65432.55,Active
511246,101209,7,Current,2024-09-27,15542.31,Active
511247,103196,40,Savings,2021-06-25,509410.86,Active
511248,105059,16,Current,2023-02-18,307777.21,Active
511249,100118,4,Premium,2025-06-26,36756.94,Dormant
511250,109821,26,Savings,2020-10-01,281123.62,Active
511251,103695,23,Savings,2017-12-09,213258.34,Active
511252,108264,38,Current,2020-10-02,111957.7,Active
511253,104292,32,Savings,2019-12-28,63662.84,Active
511254,106768,22,Current,2024-10-14,328071.26,Active
511255,100210,39,Current,2022-04-19,186284.71,Active
511256,105145,13,Premium,2021-08-20,39857.21,Active
511257,102943,27,Current,2022-10-12,34315.29,Dormant
511258,103449,15,Salary,2022-03-21,121969.88,Active
511259,104079,14,Savings,2019-07-06,63022.0,Active
511260,106437,25,Salary,2022-10-13,142782.03,Active
511261,104257,5,Savings,2022-09-01,15996.09,Active
511262,103670,32,Current,2019-02-12,18004.82,Active
511263,102494,26,Current,2022-07-05,1100423.1,Active
511264,104681,11,Savings,2020-09-11,41354.98,Active
511265,104776,31,Current,2025-12-27,186920.72,Active
511266,109764,22,Salary,2017-09-02,53782.71,Active
511267,104917,15,Salary,2024-06-21,287505.47,Active
511268,107148,31,Premium,2022-12-29,19595.41,Active
511269,103898,27,Premium,2025-02-08,170642.0,Active
511270,107220,21,Premium,2020-12-04,22544.36,Active
511271,105763,1,Savings,2025-05-27,36783.12,Active
511272,100167,26,Premium,2025-04-30,157933.5,Active
511273,101341,7,Salary,2020-10-04,19083.36,Active
511274,105038,32,Salary,2018-11-27,66023.21,Active
511275,104662,10,Savings,2022-04-06,71247.41,Active
511276,103862,28,Savings,2018-09-04,18158.7,Active
511277,103512,37,Salary,2021-01-14,17120.24,Active
511278,109889,35,Savings,2017-01-28,63194.05,Active
511279,108064,32,Salary,2020-08-01,35056.26,Active
511280,101291,21,Savings,2023-10-12,95240.04,Active
511281,104190,1,Salary,2017-01-21,377689.53,Active
511282,108802,24,Current,2020-06-16,125836.49,Active
511283,102151,4,Salary,2022-10-01,21205.49,Dormant
511284,104652,7,Savings,2025-03-30,67479.04,Active
511285,103189,9,Premium,2020-06-02,171191.59,Active
511286,104421,4,Salary,2018-06-05,55760.85,Closed
511287,109496,9,Savings,2017-07-03,90743.38,Closed
511288,103426,4,Salary,2025-02-19,77382.08,Closed
511289,103606,18,Premium,2021-02-12,81697.47,Active
511290,104864,16,Savings,2017-12-09,43100.97,Active
511291,106487,15,Current,2025-11-11,84890.65,Active
511292,104182,28,Current,2017-06-04,116718.07,Active
511293,103085,35,Savings,2024-08-28,92670.17,Active
511294,100582,25,Salary,2017-07-15,29116.73,Active
511295,106573,25,Savings,2023-12-06,64172.82,Active
511296,105013,13,Current,2020-04-15,12170.78,Active
511297,105595,11,Premium,2024-03-21,104619.39,Active
511298,106272,39,Savings,2023-10-05,122197.54,Closed
511299,105110,7,Savings,2017-04-13,33195.78,Active
511300,101156,2,Savings,2019-06-22,138557.41,Active
511301,100604,22,Current,2020-09-10,30397.96,Active
511302,101737,29,Savings,2025-02-25,451609.94,Active
511303,109061,24,Salary,2019-02-26,8316.22,Active
511304,100962,24,Salary,2017-07-24,381125.05,Active
511305,107893,36,Salary,2019-08-11,46417.9,Active
511306,108125,37,Current,2019-06-28,29513.21,Active
511307,102887,30,Current,2025-04-07,600642.78,Active
511308,107949,24,Savings,2021-09-05,243405.64,Active
511309,102337,22,Savings,2017-08-30,97382.11,Active
511310,104085,36,Savings,2021-03-11,52606.2,Closed
511311,104324,5,Current,2023-01-01,111419.09,Active
511312,108476,15,Current,2019-05-08,123290.46,Active
511313,100770,15,Savings,2025-07-23,80402.72,Active
511314,102469,20,Salary,2018-06-25,40907.31,Active
511315,108552,19,Current,2024-10-15,162636.22,Active
511316,103262,6,Savings,2023-08-20,53651.09,Active
511317,105301,31,Premium,2019-07-23,182884.01,Active
511318,106352,9,Savings,2019-06-23,16526.66,Active
511319,106923,17,Savings,2018-01-20,84866.47,Closed
511320,102394,22,Current,2023-05-29,141930.96,Active
511321,108635,5,Savings,2018-11-05,145053.76,Active
511322,106122,17,Savings,2021-10-23,132580.51,Active
511323,105094,18,Savings,2018-09-20,42734.46,Active
511324,108996,26,Current,2023-07-19,104664.58,Active
511325,104618,35,Salary,2019-10-08,226336.91,Active
511326,106352,24,Savings,2018-12-12,8742.92,Active
511327,109304,33,Salary,2025-04-13,372335.03,Active
511328,106450,4,Savings,2022-01-13,145197.68,Active
511329,107491,30,Savings,2023-10-26,24814.85,Active
511330,102316,14,Savings,2025-04-02,7812.55,Active
511331,104812,14,Salary,2020-04-25,49945.61,Active
511332,107389,20,Savings,2022-06-18,101790.02,Active
511333,104606,32,Current,2019-05-08,70255.86,Active
511334,107434,5,Current,2017-01-29,53843.39,Active
511335,100391,28,Salary,2018-12-31,271588.42,Active
511336,105263,22,Salary,2019-06-18,41437.5,Active
511337,107345,29,Savings,2019-11-29,382110.53,Active
511338,100059,4,Current,2025-01-21,191734.64,Active
511339,108493,8,Salary,2022-06-14,85837.61,Active
511340,106534,5,Savings,2024-06-20,65030.85,Active
511341,101065,34,Salary,2017-08-15,15138.58,Active
511342,108551,25,Salary,2024-06-09,77922.7,Active
511343,108355,10,Savings,2020-05-02,39831.34,Active
511344,106042,33,Savings,2023-03-10,258551.43,Active
511345,101190,10,Salary,2025-02-02,81485.6,Active
511346,100379,12,Premium,2018-11-20,98934.59,Active
511347,103916,28,Premium,2021-02-24,24463.86,Dormant
511348,100513,1,Savings,2017-06-24,35374.66,Active
511349,109856,13,Savings,2021-05-13,87602.61,Active
511350,103157,36,Current,2025-10-23,220717.0,Active
511351,105018,5,Savings,2025-04-22,67255.7,Active
511352,103097,29,Salary,2020-11-01,82567.34,Active
511353,108803,29,Salary,2017-02-13,77769.24,Active
511354,100683,30,Savings,2017-02-23,14331.3,Active
511355,100231,15,Current,2021-09-09,32682.93,Active
511356,101414,14,Savings,2025-07-03,58356.46,Active
511357,106135,3,Current,2018-12-14,73475.18,Active
511358,100371,34,Savings,2019-03-20,98073.33,Active
511359,106825,26,Current,2025-05-30,34043.62,Dormant
511360,105079,32,Current,2021-04-01,30791.05,Dormant
511361,106317,25,Salary,2020-08-13,329157.79,Active
511362,109157,19,Savings,2019-06-19,463201.79,Closed
511363,106728,31,Savings,2025-06-24,115866.48,Active
511364,109767,27,Premium,2022-05-18,108717.69,Active
511365,100715,40,Current,2017-10-24,156343.16,Active
511366,107704,6,Savings,2023-06-14,77213.79,Active
511367,101632,40,Current,2023-07-30,797721.07,Dormant
511368,105392,20,Savings,2022-06-02,36476.75,Active
511369,107343,6,Salary,2018-07-02,542554.81,Active
511370,106444,25,Savings,2022-12-01,922662.64,Active
511371,108374,1,Savings,2022-02-02,67190.24,Active
511372,103939,32,Current,2025-04-22,1109340.39,Active
511373,106240,26,Savings,2021-11-25,83649.01,Active
511374,107473,6,Savings,2024-12-26,81231.86,Active
511375,108834,9,Current,2022-11-09,99942.75,Active
511376,101111,21,Current,2020-11-15,15201.79,Active
511377,103640,7,Savings,2025-12-28,193902.16,Active
511378,107252,18,Savings,2025-08-09,140827.18,Active
511379,106849,19,Salary,2024-08-04,65013.6,Active
511380,107534,20,Savings,2023-12-29,401171.38,Active
511381,109331,9,Savings,2018-07-18,106107.75,Active
511382,106843,31,Salary,2024-05-09,42508.15,Active
511383,104182,2,Savings,2019-05-10,355089.49,Active
511384,107194,1,Savings,2021-06-07,159154.86,Active
511385,105268,30,Current,2018-12-02,816160.33,Active
511386,101090,31,Salary,2023-12-16,83121.39,Active
511387,100051,25,Salary,2023-05-22,317008.37,Dormant
511388,100591,36,Salary,2023-05-01,99514.36,Active
511389,109012,14,Premium,2017-10-25,104659.49,Dormant
511390,109971,24,Salary,2017-01-05,50429.99,Active
511391,102440,11,Savings,2023-10-09,104362.05,Active
511392,109022,11,Salary,2023-05-31,14654.55,Active
511393,100813,3,Savings,2025-04-05,7188.5,Active
511394,107056,30,Savings,2018-04-16,98494.46,Active
511395,104299,11,Salary,2017-11-08,74197.5,Active
511396,103546,23,Current,2017-02-23,40456.81,Active
511397,106176,24,Current,2025-10-14,26542.78,Active
511398,106402,1,Savings,2023-06-28,117668.13,Active
511399,108296,9,Savings,2017-02-10,36080.38,Active
511400,109335,38,Savings,2023-05-01,84186.01,Active
511401,103244,37,Current,2023-05-23,11946.51,Active
511402,103994,4,Savings,2022-06-15,373889.3,Active
511403,105058,14,Salary,2022-06-05,47620.29,Active
511404,106131,5,Savings,2022-12-24,14270.1,Active
511405,106771,34,Current,2018-08-14,47827.69,Active
511406,106432,33,Savings,2025-11-14,7232.51,Active
511407,108436,1,Savings,2022-02-02,63040.57,Active
511408,100462,1,Savings,2024-09-27,307593.32,Active
511409,104312,37,Premium,2023-12-27,100471.04,Active
511410,109126,33,Savings,2018-03-20,770607.15,Active
511411,105498,31,Salary,2024-12-03,38123.31,Active
511412,107628,32,Current,2019-02-17,45364.27,Active
511413,101247,22,Savings,2024-05-26,35309.05,Active
511414,104547,33,Savings,2023-07-06,27991.97,Active
511415,101950,22,Savings,2022-02-07,212586.83,Active
511416,103296,8,Current,2020-12-05,44785.64,Active
511417,106969,40,Salary,2023-07-06,203108.83,Active
511418,102191,20,Savings,2020-12-09,201009.64,Active
511419,105724,25,Savings,2025-12-18,449009.82,Closed
511420,108813,5,Savings,2020-05-28,124116.89,Active
511421,104811,4,Savings,2019-09-20,19490.76,Active
511422,105035,24,Salary,2017-02-27,35806.99,Active
511423,104751,24,Savings,2021-05-05,86229.23,Active
511424,107266,32,Current,2017-03-24,57160.46,Active
511425,108964,11,Salary,2020-11-06,118496.41,Active
511426,108549,34,Savings,2019-05-31,287075.12,Active
511427,102756,19,Current,2022-07-22,36136.18,Active
511428,101010,10,Premium,2022-02-11,90801.04,Dormant
511429,105039,9,Savings,2024-11-01,549055.13,Active
511430,100351,11,Current,2022-02-04,211144.08,Active
511431,100905,28,Savings,2017-08-04,323596.19,Active
511432,103477,34,Premium,2019-07-16,478592.73,Active
511433,103905,28,Savings,2020-12-13,21662.75,Active
511434,107352,3,Salary,2017-02-23,49241.94,Active
511435,108704,9,Savings,2021-10-03,72250.26,Active
511436,107292,19,Savings,2021-03-17,151606.73,Active
511437,103962,6,Salary,2019-07-20,25181.42,Active
511438,103735,11,Savings,2019-10-31,68737.33,Active
511439,105845,32,Savings,2018-06-08,206312.94,Active
511440,105456,22,Savings,2024-01-03,300031.3,Active
511441,109687,12,Current,2018-02-17,17107.71,Active
511442,108442,36,Salary,2022-10-14,105009.5,Active
511443,100959,2,Savings,2025-03-19,155079.21,Dormant
511444,105915,29,Current,2024-02-21,78832.06,Active
511445,100606,11,Savings,2017-11-19,59638.74,Active
511446,101750,8,Current,2019-12-08,12010.11,Active
511447,104454,34,Savings,2017-03-07,770377.18,Dormant
511448,100912,2,Savings,2023-10-30,86107.25,Active
511449,102189,13,Salary,2019-10-22,21612.59,Active
511450,107936,29,Salary,2021-10-01,7489.51,Active
511451,100688,10,Current,2021-08-03,259163.05,Active
511452,105316,10,Salary,2021-02-15,27453.6,Active
511453,104216,31,Savings,2021-08-23,140291.28,Active
511454,108234,39,Salary,2017-03-03,462038.39,Active
511455,106951,10,Savings,2023-11-14,20684.75,Active
511456,105014,30,Savings,2020-01-20,24307.28,Active
511457,103675,29,Salary,2021-09-24,641579.25,Active
511458,103028,35,Savings,2018-09-01,57395.59,Active
511459,103915,20,Savings,2024-01-07,55066.94,Active
511460,109081,32,Savings,2024-05-05,57463.95,Active
511461,109714,11,Salary,2020-06-28,166522.87,Active
511462,105712,26,Savings,2025-09-02,154575.2,Active
511463,109088,40,Premium,2018-07-05,22274.68,Active
511464,107164,8,Salary,2019-05-17,14331.37,Dormant
511465,102363,27,Current,2021-11-06,19698.95,Active
511466,107607,21,Current,2019-12-12,164702.89,Active
511467,107226,13,Savings,2018-11-21,177793.3,Active
511468,103930,4,Salary,2018-01-31,124077.24,Active
511469,106747,39,Savings,2020-04-24,154826.86,Active
511470,101061,38,Savings,2025-10-12,66243.15,Dormant
511471,105525,3,Savings,2017-08-07,10686.35,Active
511472,103784,26,Premium,2023-05-14,485254.39,Active
511473,101636,4,Current,2023-10-31,276859.11,Active
511474,102326,35,Premium,2017-04-20,100275.64,Active
511475,102717,31,Current,2019-01-26,53840.65,Active
511476,107337,19,Savings,2025-08-19,54562.66,Active
511477,106741,26,Savings,2023-07-05,110724.67,Active
511478,104829,33,Savings,2021-01-18,67446.49,Active
511479,105007,5,Savings,2018-09-10,47420.38,Active
511480,103935,31,Premium,2017-03-11,166418.01,Closed
511481,100334,39,Salary,2020-11-05,116972.09,Active
511482,105516,40,Salary,2017-01-20,246467.69,Active
511483,108246,23,Savings,2025-08-20,64061.2,Active
511484,104221,40,Savings,2025-09-22,29065.67,Active
511485,100238,7,Current,2024-08-05,41667.09,Active
511486,102863,3,Premium,2023-01-29,222320.06,Active
511487,105285,26,Savings,2025-06-07,42711.75,Active
511488,104841,5,Salary,2025-01-24,38504.66,Active
511489,109334,20,Savings,2020-09-06,57603.41,Active
511490,102434,23,Savings,2020-11-05,42559.36,Active
511491,106532,15,Salary,2017-03-22,107027.19,Active
511492,101652,30,Savings,2024-12-29,180016.84,Active
511493,100656,5,Current,2024-07-07,49978.17,Active
511494,101597,40,Current,2025-04-04,53753.74,Active
511495,109003,19,Salary,2018-08-16,27500.65,Active
511496,108177,34,Premium,2017-08-28,35058.61,Active
511497,101585,23,Savings,2025-05-02,49605.1,Active
511498,107875,37,Salary,2024-07-30,67305.25,Active
511499,105882,19,Savings,2022-02-12,54772.35,Closed
511500,106918,23,Savings,2023-07-14,130770.24,Dormant
511501,101955,1,Salary,2024-12-21,64628.61,Active
511502,100115,34,Savings,2024-05-03,42414.53,Dormant
511503,101378,38,Savings,2025-01-01,99922.92,Active
511504,103582,25,Savings,2021-11-06,148135.27,Active
511505,104672,24,Savings,2020-09-10,35520.12,Active
511506,100998,37,Savings,2020-10-11,11911.07,Active
511507,103594,27,Savings,2023-01-02,152354.39,Active
511508,107024,31,Premium,2025-05-28,65640.51,Active
511509,102412,2,Salary,2019-07-27,22544.71,Closed
511510,106514,4,Salary,2022-05-18,46596.62,Active
511511,100415,1,Savings,2017-09-19,77977.14,Active
511512,109913,38,Savings,2022-05-30,41072.29,Active
511513,107248,7,Savings,2025-06-11,24458.52,Active
511514,106441,14,Salary,2020-03-25,13999.43,Active
511515,102359,8,Premium,2023-01-27,54806.08,Active
511516,109994,18,Savings,2023-02-23,202591.12,Active
511517,100726,40,Salary,2022-06-02,51724.48,Active
511518,103675,22,Premium,2018-03-05,24598.08,Active
511519,109822,13,Salary,2022-07-01,236921.67,Active
511520,104966,25,Savings,2017-10-01,63699.24,Dormant
511521,107007,39,Current,2024-05-19,77832.28,Active
511522,107232,11,Current,2023-07-11,47158.17,Active
511523,109246,20,Savings,2021-08-08,15157.73,Active
511524,100836,30,Savings,2018-01-22,120302.05,Active
511525,104228,35,Current,2025-06-29,66914.76,Active
511526,108053,17,Savings,2021-06-29,151144.4,Active
511527,101101,17,Savings,2024-07-24,27194.69,Active
511528,101054,37,Savings,2019-07-17,260105.58,Active
511529,107074,37,Salary,2023-01-06,86355.76,Active
511530,104966,24,Current,2021-07-07,25906.16,Active
511531,104316,12,Savings,2023-06-07,76364.39,Closed
511532,108870,21,Salary,2017-11-30,12615.82,Active
511533,107015,11,Savings,2019-02-16,108454.61,Active
511534,107763,15,Savings,2018-06-23,354229.79,Active
511535,105094,17,Salary,2022-07-21,282706.18,Active
511536,105947,1,Savings,2019-12-20,78224.59,Active
511537,100519,25,Premium,2020-08-29,221168.5,Active
511538,101791,37,Savings,2025-03-12,311058.05,Dormant
511539,100713,15,Current,2023-08-10,111090.12,Active
511540,107351,33,Current,2024-08-26,38961.89,Active
511541,108347,35,Savings,2020-11-04,110123.97,Active
511542,100464,31,Savings,2020-05-27,105710.49,Active
511543,103641,23,Current,2022-08-29,210073.64,Active
511544,108485,10,Savings,2020-02-15,67881.97,Active
511545,104821,23,Savings,2018-11-26,122874.09,Dormant
511546,108867,30,Salary,2023-09-05,634403.06,Active
511547,104319,38,Savings,2024-01-30,233448.31,Dormant
511548,105241,37,Salary,2019-07-01,162582.43,Active
511549,103660,34,Premium,2023-04-12,79998.98,Active
511550,102095,20,Savings,2024-10-01,258126.84,Active
511551,103511,15,Salary,2025-12-04,82757.46,Active
511552,100194,9,Salary,2024-09-07,34316.55,Active
511553,102449,6,Savings,2023-05-01,13740.83,Active
511554,105454,36,Savings,2020-12-15,362053.44,Active
511555,105871,31,Savings,2018-02-10,97402.99,Closed
511556,101397,29,Salary,2024-01-03,15552.93,Active
511557,100631,34,Current,2022-11-16,152984.32,Closed
511558,100954,33,Savings,2017-01-23,83393.03,Active
511559,108880,9,Savings,2018-08-02,378938.08,Active
511560,105582,19,Savings,2021-07-14,57417.21,Active
511561,105491,19,Premium,2018-07-27,225317.7,Active
511562,104974,31,Salary,2020-01-13,31452.28,Active
511563,103625,20,Current,2018-09-05,96237.78,Active
511564,104587,27,Current,2022-03-13,24859.97,Active
511565,106648,32,Salary,2023-07-04,62773.56,Closed
511566,100323,21,Salary,2017-11-05,210468.3,Active
511567,109086,21,Savings,2020-09-06,29888.11,Active
511568,107897,28,Salary,2018-10-24,100436.01,Active
511569,107886,12,Savings,2017-03-07,99823.34,Active
511570,101055,9,Savings,2017-01-11,28715.43,Active
511571,100510,29,Savings,2021-07-10,122425.96,Active
511572,107815,36,Savings,2019-11-22,49238.93,Active
511573,106785,39,Savings,2021-03-20,98680.7,Active
511574,101337,16,Salary,2021-04-08,655159.39,Dormant
511575,102244,34,Premium,2017-10-24,218084.22,Active
511576,108716,3,Premium,2017-06-30,28644.98,Active
511577,104483,16,Current,2020-05-14,27470.86,Active
511578,106765,3,Savings,2022-06-13,39834.17,Active
511579,102012,6,Savings,2018-03-09,94888.32,Active
511580,106913,10,Savings,2022-08-17,103706.03,Active
511581,101790,22,Savings,2020-09-23,197432.03,Active
511582,104586,26,Savings,2024-02-20,92329.28,Active
511583,108698,15,Savings,2024-04-05,5575.75,Active
511584,104937,9,Savings,2022-03-07,61069.78,Active
511585,102155,2,Savings,2023-12-27,801951.13,Active
511586,104987,29,Current,2022-04-05,23578.68,Active
511587,100281,39,Salary,2024-10-27,125157.38,Active
511588,103536,13,Savings,2024-11-29,26400.72,Active
511589,103383,18,Savings,2018-01-15,142188.13,Active
511590,102482,34,Salary,2021-12-19,130007.29,Active
511591,106364,39,Current,2023-06-06,192727.32,Active
511592,107798,21,Salary,2017-07-04,25414.12,Dormant
511593,106229,38,Savings,2021-11-16,117083.04,Active
511594,104127,14,Salary,2019-08-26,31087.91,Active
511595,101183,12,Savings,2020-10-03,57380.71,Dormant
511596,102816,3,Savings,2025-07-17,58876.53,Active
511597,106103,31,Savings,2025-06-23,13403.2,Active
511598,103264,33,Savings,2018-06-17,21779.78,Closed
511599,108200,30,Salary,2024-03-10,46788.79,Active
511600,102780,16,Savings,2025-07-18,442912.72,Active
511601,101659,11,Premium,2021-01-14,46698.7,Active
511602,100144,23,Savings,2022-12-16,178056.22,Active
511603,108820,21,Savings,2020-11-07,86431.21,Active
511604,109293,29,Savings,2025-08-14,129898.4,Active
511605,100673,37,Savings,2019-05-02,277647.14,Active
511606,103692,3,Savings,2023-12-06,14000.69,Active
511607,105923,15,Savings,2017-09-24,62535.98,Active
511608,100870,31,Premium,2024-03-30,39375.89,Active
511609,100234,37,Savings,2021-04-17,63161.55,Active
511610,102390,15,Savings,2020-05-03,88716.93,Active
511611,104636,27,Savings,2018-07-07,328170.07,Active
511612,106575,6,Savings,2018-04-28,14840.48,Active
511613,106316,14,Salary,2024-03-21,243969.26,Active
511614,104684,40,Salary,2017-02-25,118926.39,Active
511615,103820,34,Salary,2017-05-15,26772.74,Active
511616,106069,23,Salary,2024-09-09,23176.29,Active
511617,105777,12,Savings,2017-11-08,162109.59,Active
511618,108663,17,Savings,2017-08-04,52192.62,Active
511619,101278,21,Salary,2024-06-18,58371.82,Active
511620,102187,18,Premium,2019-08-12,60372.77,Active
511621,100609,31,Savings,2021-03-18,290346.34,Active
511622,102289,35,Current,2025-07-22,44004.61,Active
511623,107921,16,Salary,2023-02-11,206409.51,Active
511624,103009,21,Premium,2024-01-13,152713.42,Active
511625,109966,12,Savings,2018-01-04,68191.1,Active
511626,101827,11,Current,2025-09-20,128826.13,Active
511627,103979,32,Current,2024-01-25,144159.28,Active
511628,106892,5,Current,2017-07-31,11921.12,Active
511629,106787,33,Premium,2022-03-25,42608.3,Active
511630,109622,12,Current,2024-11-08,51080.42,Active
511631,103298,1,Premium,2024-09-07,23061.52,Active
511632,109897,4,Salary,2021-06-13,104454.17,Dormant
511633,103205,12,Savings,2022-05-28,145118.22,Active
511634,102313,12,Salary,2019-09-07,29177.36,Dormant
511635,107827,28,Savings,2023-07-16,148160.53,Active
511636,109399,37,Current,2019-07-24,238612.6,Active
511637,104150,4,Current,2024-01-14,66492.59,Active
511638,106869,40,Salary,2024-11-27,502748.15,Dormant
511639,103004,38,Savings,2020-02-07,72096.89,Active
511640,104457,28,Savings,2017-12-06,277745.02,Active
511641,107737,15,Current,2020-10-28,57565.77,Active
511642,108512,37,Current,2025-08-23,141136.87,Active
511643,101804,25,Savings,2023-08-19,46132.64,Active
511644,108233,33,Savings,2022-06-11,23582.85,Closed
511645,108784,26,Current,2021-08-25,172144.81,Active
511646,107938,16,Current,2021-07-10,55354.74,Dormant
511647,106683,34,Current,2020-10-11,44740.44,Active
511648,103143,19,Savings,2022-02-16,35091.12,Active
511649,100746,30,Savings,2018-09-30,18051.0,Active
511650,106458,17,Savings,2018-09-27,186807.45,Active
511651,100833,38,Savings,2024-12-21,141282.68,Active
511652,108551,14,Salary,2023-03-30,32574.13,Active
511653,101884,13,Savings,2024-09-25,64652.53,Active
511654,104760,22,Salary,2024-08-15,359253.09,Dormant
511655,103237,15,Salary,2023-11-26,108549.5,Active
511656,104586,14,Savings,2022-12-04,301639.34,Active
511657,105619,20,Savings,2023-03-17,58802.17,Dormant
511658,102428,22,Current,2017-01-26,2049728.62,Active
511659,107227,22,Savings,2024-03-22,55062.31,Active
511660,103386,19,Current,2022-12-26,418018.15,Active
511661,105358,1,Savings,2022-08-24,194400.27,Dormant
511662,108120,6,Current,2019-04-26,50277.03,Active
511663,109175,10,Savings,2019-11-18,39778.43,Active
511664,104867,14,Savings,2025-06-12,102770.16,Active
511665,109925,40,Salary,2018-05-30,44966.09,Active
511666,100304,34,Salary,2025-06-28,105482.58,Active
511667,100228,25,Current,2022-12-10,44754.12,Active
511668,108168,26,Savings,2025-11-07,34065.51,Active
511669,102484,32,Current,2021-03-02,114058.05,Active
511670,107581,11,Salary,2018-09-08,13211.07,Active
511671,100516,1,Savings,2020-02-27,27596.29,Active
511672,107557,32,Savings,2025-10-11,40162.52,Active
511673,100821,27,Savings,2020-05-10,113339.42,Active
511674,106383,18,Savings,2024-09-16,144685.67,Dormant
511675,107929,40,Salary,2017-08-06,42189.3,Active
511676,103008,25,Current,2024-02-18,42777.67,Active
511677,103540,40,Savings,2020-11-17,10903.1,Active
511678,101088,7,Salary,2017-03-02,13866.44,Active
511679,100645,39,Savings,2018-05-31,24008.5,Active
511680,108157,28,Savings,2022-10-16,233344.29,Active
511681,107811,26,Premium,2022-04-08,82529.97,Active
511682,107730,11,Savings,2025-10-29,29418.09,Active
511683,100707,35,Savings,2024-06-05,345673.92,Active
511684,105126,22,Savings,2025-10-26,148912.95,Active
511685,100146,30,Savings,2022-03-23,130252.94,Dormant
511686,105072,39,Savings,2020-10-04,121195.65,Active
511687,106641,25,Savings,2019-01-13,79018.7,Active
511688,105493,10,Savings,2021-04-06,41873.12,Active
511689,101640,10,Current,2021-05-17,35929.89,Active
511690,100168,37,Savings,2019-10-09,82894.85,Active
511691,109785,11,Savings,2018-11-18,200676.8,Active
511692,107946,2,Salary,2018-09-08,170894.68,Active
511693,100422,39,Salary,2020-11-05,550038.64,Active
511694,107342,22,Salary,2019-06-25,114227.42,Dormant
511695,106816,26,Savings,2022-07-21,63780.54,Active
511696,103869,19,Savings,2025-03-28,71970.51,Active
511697,106987,14,Savings,2017-07-09,80758.99,Active
511698,107945,37,Savings,2018-08-26,158668.69,Active
511699,107704,28,Current,2022-02-22,30879.29,Active
511700,103362,12,Current,2022-05-30,104016.7,Active
511701,108363,13,Current,2021-10-19,14824.47,Dormant
511702,109886,16,Salary,2025-06-29,31413.01,Active
511703,100636,14,Salary,2017-04-21,149038.09,Dormant
511704,107570,35,Savings,2022-05-13,236892.49,Active
511705,101219,38,Salary,2025-08-25,40876.71,Active
511706,103166,38,Salary,2025-01-12,166517.77,Active
511707,109443,34,Savings,2017-05-23,165290.57,Active
511708,108170,8,Current,2020-11-13,85936.28,Active
511709,100879,39,Savings,2024-11-01,36768.59,Active
511710,108672,18,Savings,2017-11-19,59045.55,Active
511711,108286,18,Salary,2021-02-21,35608.4,Active
511712,107417,26,Salary,2024-11-05,120140.37,Dormant
511713,101072,7,Savings,2021-01-09,29175.92,Active
511714,105103,32,Premium,2019-02-03,100563.56,Active
511715,106542,5,Salary,2021-08-12,48793.2,Active
511716,105830,22,Savings,2024-02-22,196334.39,Active
511717,103503,29,Savings,2025-02-28,102660.04,Active
511718,104768,25,Salary,2018-05-27,20553.87,Active
511719,102766,1,Savings,2022-10-13,181770.02,Active
511720,104489,18,Current,2021-11-27,173781.37,Dormant
511721,100089,31,Savings,2018-01-19,66277.47,Active
511722,103767,11,Salary,2022-12-09,173654.49,Active
511723,107501,14,Premium,2019-09-24,64703.51,Active
511724,107332,15,Current,2019-10-07,137278.6,Active
511725,105018,33,Savings,2023-06-04,158691.86,Active
511726,102384,17,Salary,2023-06-15,91748.69,Active
511727,109190,14,Savings,2023-05-22,255343.71,Active
511728,109911,3,Savings,2017-10-06,68023.17,Active
511729,105617,15,Premium,2025-06-24,65981.59,Active
511730,101500,33,Savings,2019-09-13,61256.98,Active
511731,102297,36,Salary,2019-09-24,46427.7,Active
511732,104389,16,Salary,2024-06-12,29935.1,Active
511733,107332,16,Savings,2023-12-31,57098.68,Active
511734,108802,36,Current,2020-11-27,304840.06,Active
511735,104041,5,Savings,2023-05-18,60266.73,Active
511736,102425,30,Salary,2017-01-11,211456.59,Active
511737,104755,25,Savings,2017-01-09,632170.71,Active
511738,107665,5,Premium,2020-03-24,105635.89,Active
511739,105161,1,Savings,2024-06-01,113874.99,Active
511740,103042,40,Savings,2018-11-07,79201.32,Dormant
511741,100051,6,Savings,2022-12-29,56608.46,Active
511742,106294,36,Savings,2019-10-19,60504.39,Active
511743,102326,8,Savings,2021-12-20,1307998.67,Dormant
511744,105587,37,Savings,2018-12-12,63331.07,Active
511745,102897,23,Salary,2023-05-14,26557.85,Active
511746,102907,34,Salary,2018-06-14,153141.11,Active
511747,101667,20,Salary,2018-04-30,134230.56,Active
511748,109963,4,Salary,2017-12-16,26771.32,Active
511749,102399,25,Savings,2020-10-12,110827.96,Active
511750,108926,34,Savings,2018-07-08,82943.94,Active
511751,108205,12,Savings,2020-05-04,32380.85,Dormant
511752,101615,13,Savings,2019-12-08,49368.74,Dormant
511753,108197,13,Savings,2024-07-24,25289.42,Active
511754,100906,9,Savings,2017-12-01,572346.06,Active
511755,103293,33,Savings,2022-11-29,52596.64,Active
511756,103933,7,Savings,2025-01-25,89323.67,Closed
511757,108782,32,Savings,2026-01-12,24077.52,Active
511758,108423,37,Savings,2025-02-05,229422.5,Active
511759,105168,25,Savings,2018-11-22,19717.44,Active
511760,104193,2,Premium,2023-11-21,125171.88,Active
511761,104248,18,Current,2021-05-26,322030.34,Active
511762,103175,40,Salary,2020-06-28,52407.01,Active
511763,108033,3,Savings,2021-06-16,260593.24,Active
511764,101568,16,Current,2017-11-24,246304.03,Active
511765,106219,34,Salary,2021-07-20,78221.92,Active
511766,103991,1,Savings,2022-07-18,136113.21,Active
511767,103130,32,Salary,2021-04-13,103819.85,Active
511768,105621,38,Savings,2021-12-17,153404.64,Active
511769,107769,12,Salary,2019-01-26,337571.4,Active
511770,106641,22,Savings,2023-12-16,117776.33,Active
511771,103455,14,Salary,2024-02-03,62655.69,Dormant
511772,100982,40,Savings,2019-10-19,448886.9,Active
511773,109443,1,Savings,2022-12-16,240078.26,Active
511774,104430,10,Salary,2018-11-04,17295.73,Active
511775,105173,26,Savings,2020-09-03,68407.48,Active
511776,102683,14,Current,2017-01-27,65691.57,Active
511777,106944,11,Salary,2024-03-20,24102.37,Active
511778,107022,8,Savings,2018-12-25,191751.61,Active
511779,104999,15,Savings,2021-11-11,200128.18,Active
511780,101284,4,Current,2023-03-20,8203.51,Active
511781,104265,8,Savings,2020-08-11,80433.96,Closed
511782,108192,20,Salary,2021-12-06,68305.48,Active
511783,109185,33,Savings,2023-01-13,102924.07,Active
511784,108017,29,Salary,2020-08-31,71349.72,Active
511785,107077,4,Current,2025-11-01,10965.58,Active
511786,101881,30,Salary,2017-12-01,6594.27,Active
511787,101988,26,Savings,2023-10-23,102209.88,Dormant
511788,107326,40,Current,2023-06-23,15480.62,Dormant
511789,107361,4,Savings,2018-01-02,50601.5,Active
511790,108590,29,Current,2023-06-13,83788.13,Active
511791,100044,36,Savings,2018-08-22,64947.63,Active
511792,101611,34,Savings,2024-01-16,29591.22,Active
511793,103508,3,Savings,2017-05-03,41349.3,Active
511794,108444,20,Current,2023-02-28,127929.38,Active
511795,103954,9,Savings,2019-01-31,262513.36,Active
511796,105451,32,Savings,2023-11-03,73155.93,Active
511797,108848,17,Current,2018-11-06,50004.76,Active
511798,101545,31,Current,2025-12-18,288609.44,Active
511799,104188,35,Salary,2023-01-26,119194.75,Active
511800,108065,14,Savings,2022-12-21,40606.09,Active
511801,101743,2,Savings,2017-07-29,118609.64,Active
511802,107948,2,Current,2021-08-18,361066.57,Active
511803,102418,28,Current,2019-02-10,21718.12,Closed
511804,101940,23,Savings,2017-03-11,251040.42,Active
511805,103501,25,Savings,2021-12-01,154776.7,Active
511806,109316,29,Current,2022-12-16,60191.48,Active
511807,106358,38,Savings,2021-03-06,29770.25,Active
511808,100604,7,Current,2019-06-08,457998.07,Active
511809,104130,24,Savings,2023-05-03,784230.88,Active
511810,106519,5,Salary,2017-11-05,792451.86,Active
511811,102070,33,Savings,2024-02-14,87986.85,Active
511812,101520,11,Savings,2022-02-11,75246.85,Active
511813,104169,9,Savings,2018-05-28,45379.18,Active
511814,100971,20,Savings,2020-01-14,71760.06,Dormant
511815,109205,23,Savings,2023-06-19,120791.63,Active
511816,102487,10,Current,2021-02-15,219551.4,Active
511817,108558,33,Savings,2018-08-16,163105.93,Active
511818,102708,35,Premium,2021-09-26,85520.78,Active
511819,101692,19,Savings,2022-05-19,19852.78,Active
511820,104256,26,Savings,2018-10-13,31613.04,Active
511821,103793,19,Savings,2021-05-05,351691.98,Active
511822,105762,39,Salary,2018-12-04,43770.41,Active
511823,100020,36,Savings,2023-05-14,129903.89,Active
511824,105302,22,Savings,2025-12-03,605738.67,Active
511825,106852,35,Savings,2024-11-02,134631.22,Active
511826,107461,24,Savings,2022-02-23,33919.54,Dormant
511827,101769,30,Savings,2025-04-17,151211.8,Active
511828,102960,7,Salary,2025-07-14,204939.9,Active
511829,108439,11,Salary,2020-02-10,22758.59,Active
511830,106738,28,Savings,2025-09-03,91772.2,Active
511831,104852,38,Savings,2020-09-05,27080.06,Dormant
511832,105713,36,Savings,2017-05-18,126950.87,Active
511833,105549,12,Current,2021-12-25,179528.03,Active
511834,109026,23,Premium,2017-05-22,177027.52,Active
511835,103044,36,Savings,2020-04-19,377677.83,Active
511836,109191,32,Current,2024-02-18,140632.82,Active
511837,101187,36,Savings,2021-11-24,265600.9,Dormant
511838,107459,8,Premium,2024-05-05,183908.91,Active
511839,106955,16,Savings,2023-02-16,228648.61,Active
511840,103674,9,Salary,2023-05-22,364514.32,Active
511841,101979,6,Savings,2020-03-11,225293.83,Active
511842,100574,33,Premium,2022-06-24,76554.99,Active
511843,100058,31,Salary,2023-10-14,63423.31,Active
511844,102492,39,Savings,2023-05-03,34859.82,Active
511845,102867,32,Premium,2019-03-04,128305.74,Active
511846,103280,35,Salary,2024-10-28,980562.42,Active
511847,104896,27,Savings,2018-02-08,114818.3,Active
511848,102209,2,Current,2021-05-10,39092.89,Dormant
511849,102019,32,Savings,2023-10-04,70847.74,Active
511850,104668,15,Current,2018-12-24,42888.04,Active
511851,106505,37,Current,2020-11-16,124182.13,Active
511852,101897,16,Savings,2018-11-10,229019.75,Active
511853,102320,11,Salary,2022-12-08,50338.58,Active
511854,102549,24,Savings,2017-03-11,345039.95,Dormant
511855,109123,38,Savings,2023-10-14,72133.15,Active
511856,106089,36,Salary,2021-01-05,295115.38,Active
511857,102532,1,Salary,2019-04-28,20820.27,Active
511858,100421,7,Savings,2017-12-07,88853.89,Active
511859,103050,31,Savings,2025-07-16,16844.78,Active
511860,100998,16,Salary,2019-02-26,95982.94,Active
511861,104518,30,Savings,2024-11-10,292974.94,Active
511862,109466,4,Savings,2017-07-09,149500.4,Dormant
511863,108036,39,Savings,2021-02-08,74881.53,Active
511864,101169,37,Premium,2018-09-09,18065.01,Active
511865,106913,27,Savings,2023-01-12,218832.68,Active
511866,105023,39,Savings,2017-01-21,156364.18,Active
511867,100392,28,Savings,2018-06-01,57616.44,Active
511868,107215,37,Premium,2021-06-14,52266.24,Active
511869,103604,24,Savings,2025-08-26,39132.52,Active
511870,105695,13,Savings,2018-03-06,59106.86,Active
511871,104699,10,Premium,2020-05-25,39375.7,Active
511872,106267,31,Current,2022-10-16,400894.39,Dormant
511873,109253,22,Salary,2023-09-25,598096.94,Active
511874,106047,3,Savings,2021-05-18,222135.48,Dormant
511875,107298,3,Savings,2025-05-20,259562.16,Active
511876,100903,23,Savings,2022-08-27,501374.1,Active
511877,106795,1,Savings,2017-11-04,176261.48,Active
511878,108369,4,Savings,2020-06-13,78896.03,Active
511879,106067,11,Salary,2024-09-23,103180.85,Active
511880,102724,3,Premium,2024-10-18,279055.01,Active
511881,106932,1,Premium,2020-09-13,147742.71,Active
511882,105806,37,Savings,2023-11-07,120795.0,Active
511883,103307,29,Savings,2020-08-02,158795.83,Active
511884,105284,3,Savings,2022-05-20,152706.7,Dormant
511885,102857,8,Savings,2018-12-16,14537.69,Active
511886,103631,25,Current,2019-07-16,53381.25,Dormant
511887,105435,18,Salary,2023-06-19,26282.35,Closed
511888,101665,20,Savings,2023-01-30,158645.27,Active
511889,107943,11,Savings,2020-07-15,308437.86,Active
511890,107781,12,Salary,2024-12-07,9570.52,Active
511891,101742,20,Savings,2019-05-21,90735.98,Active
511892,103620,23,Salary,2025-09-08,497083.94,Active
511893,105821,28,Salary,2024-02-07,76625.2,Active
511894,100781,4,Savings,2021-12-15,188973.0,Active
511895,105311,7,Salary,2021-06-23,653243.8,Active
511896,100047,5,Current,2025-05-07,87602.63,Active
511897,101525,12,Savings,2021-12-15,39322.44,Active
511898,106430,39,Savings,2018-03-15,61856.24,Active
511899,103558,24,Salary,2022-03-02,247742.18,Active
511900,109487,9,Current,2019-01-25,116130.27,Active
511901,107833,40,Salary,2022-02-10,26591.67,Active
511902,109906,35,Savings,2017-08-12,47052.9,Active
511903,100622,21,Current,2022-05-15,34664.65,Active
511904,102031,4,Salary,2024-09-03,260590.93,Active
511905,106192,22,Savings,2021-03-31,541560.95,Active
511906,103164,20,Savings,2017-02-23,82366.54,Active
511907,109420,18,Savings,2025-02-06,111341.45,Active
511908,100634,3,Current,2020-02-07,228529.36,Active
511909,104930,40,Salary,2020-02-23,623980.57,Active
511910,105167,37,Premium,2021-10-01,66855.24,Active
511911,102894,14,Savings,2025-12-28,165198.99,Active
511912,102985,5,Current,2018-08-01,117452.83,Active
511913,107041,17,Salary,2022-09-03,17968.01,Active
511914,106183,2,Savings,2025-11-16,148031.54,Active
511915,101160,8,Current,2017-12-07,9751.86,Active
511916,101356,4,Savings,2023-05-24,168165.91,Active
511917,101179,38,Current,2025-02-07,48833.08,Active
511918,109331,31,Savings,2018-09-17,888367.68,Active
511919,103418,36,Savings,2020-01-08,37415.38,Active
511920,101591,2,Premium,2023-06-14,36542.24,Active
511921,102609,37,Savings,2023-03-19,228013.3,Active
511922,100349,21,Current,2018-12-06,43018.63,Active
511923,100176,38,Premium,2020-07-26,10096.01,Active
511924,105765,11,Savings,2024-03-28,41738.99,Active
511925,107221,28,Current,2025-03-15,108061.79,Active
511926,108325,31,Current,2021-04-28,166665.13,Active
511927,103164,30,Savings,2025-10-29,245614.79,Active
511928,105338,31,Premium,2022-12-29,43495.63,Active
511929,100328,10,Salary,2022-06-25,117685.38,Active
511930,101789,28,Savings,2022-01-02,18514.94,Active
511931,107372,9,Salary,2023-01-05,288124.13,Active
511932,100959,30,Current,2025-08-16,205551.9,Dormant
511933,106586,29,Savings,2019-03-27,145936.44,Active
511934,103149,10,Savings,2019-05-23,246607.99,Active
511935,107605,25,Salary,2017-02-21,91314.31,Active
511936,108635,23,Savings,2020-11-11,177936.67,Active
511937,107048,13,Savings,2021-04-01,20692.92,Active
511938,103009,14,Savings,2023-08-11,134680.56,Active
511939,103353,15,Salary,2019-06-05,34096.56,Active
511940,105912,31,Savings,2025-09-15,44514.91,Active
511941,109529,35,Savings,2021-11-12,9854.01,Active
511942,105412,30,Current,2020-02-13,80575.75,Active
511943,106566,27,Savings,2018-12-24,139587.49,Active
511944,101343,25,Current,2017-05-15,159616.79,Active
511945,107755,12,Savings,2019-01-21,242410.4,Active
511946,104805,29,Savings,2020-06-16,176448.04,Active
511947,106639,7,Salary,2025-09-15,126893.81,Active
511948,102714,38,Savings,2025-02-25,167211.14,Active
511949,104523,33,Savings,2021-12-03,9272.81,Active
511950,107543,25,Salary,2023-08-10,64199.13,Active
511951,109055,2,Savings,2023-10-13,119643.02,Active
511952,100005,37,Savings,2017-09-26,277507.12,Active
511953,106735,11,Savings,2018-05-16,93913.0,Active
511954,105469,18,Savings,2024-12-23,68463.27,Active
511955,109947,27,Salary,2025-08-05,680357.4,Active
511956,108332,21,Salary,2025-06-11,404398.73,Active
511957,101910,24,Current,2022-07-03,325438.34,Active
511958,105651,2,Savings,2025-06-04,16790.06,Active
511959,107106,12,Current,2023-06-15,41276.91,Dormant
511960,106360,35,Savings,2024-12-16,92264.63,Active
511961,109629,32,Salary,2024-02-03,64218.3,Active
511962,103901,25,Current,2018-01-15,49252.64,Active
511963,107437,40,Salary,2021-03-24,60497.81,Active
511964,104130,5,Savings,2023-09-04,347922.11,Active
511965,101060,17,Savings,2019-08-01,119448.08,Active
511966,108185,10,Savings,2017-10-05,162686.87,Active
511967,107092,8,Savings,2024-02-13,124842.88,Active
511968,108494,40,Savings,2025-11-24,42568.74,Active
511969,104345,37,Current,2017-01-04,31607.03,Active
511970,108166,27,Salary,2017-03-28,251298.53,Active
511971,104742,35,Savings,2025-05-03,92080.5,Active
511972,108872,21,Salary,2021-06-15,123484.0,Active
511973,104595,38,Salary,2025-03-14,397154.28,Active
511974,103959,20,Savings,2021-03-29,76927.21,Active
511975,109371,3,Savings,2025-03-08,418583.06,Active
511976,108624,20,Savings,2025-09-29,22057.22,Active
511977,104677,10,Salary,2018-11-10,285448.35,Active
511978,106685,21,Savings,2025-05-17,48297.25,Active
511979,104928,26,Savings,2020-07-23,124763.47,Active
511980,108617,31,Current,2026-01-11,115982.37,Active
511981,101805,25,Current,2021-08-29,608748.09,Active
511982,101502,7,Savings,2025-04-23,87035.82,Closed
511983,101703,27,Salary,2024-05-30,59491.35,Active
511984,104789,15,Current,2020-11-26,83395.71,Active
511985,106357,33,Savings,2023-07-22,97431.26,Active
511986,102293,33,Savings,2017-06-11,248878.03,Active
511987,104643,28,Premium,2018-03-27,50355.64,Active
511988,101043,21,Current,2021-11-01,34585.53,Active
511989,107260,7,Savings,2021-04-13,50868.81,Active
511990,101423,11,Current,2021-11-21,88726.44,Active
511991,106665,29,Salary,2019-10-02,255615.19,Active
511992,101782,37,Savings,2022-08-28,18837.6,Active
511993,109421,37,Salary,2023-10-12,109678.75,Active
511994,107154,21,Savings,2017-12-21,19567.73,Closed
511995,108373,28,Savings,2020-07-01,19365.12,Active
511996,101200,25,Savings,2021-01-27,264460.97,Active
511997,107995,18,Savings,2023-10-17,10453.84,Active
511998,108075,22,Savings,2022-08-18,26748.37,Active
511999,104924,9,Savings,2025-02-17,227971.48,Active
512000,102956,39,Salary,2023-10-28,27797.68,Dormant
512001,108415,27,Premium,2021-10-06,173557.65,Dormant
512002,106665,4,Savings,2024-03-21,120330.11,Active
512003,101339,25,Savings,2020-06-07,108995.94,Active
512004,106197,23,Salary,2019-01-04,185380.75,Active
512005,102241,13,Savings,2020-07-04,131414.8,Active
512006,108909,28,Savings,2021-12-20,182248.82,Active
512007,100373,40,Salary,2018-10-04,45919.58,Dormant
512008,109717,40,Savings,2025-09-15,49983.19,Active
512009,108922,28,Premium,2025-10-28,49690.84,Active
512010,109633,13,Current,2024-06-07,44900.66,Active
512011,105805,15,Salary,2020-02-09,32983.11,Active
512012,102034,34,Salary,2017-01-09,20987.92,Active
512013,107295,30,Savings,2021-01-04,101007.92,Active
512014,104952,19,Savings,2022-09-12,102147.38,Active
512015,108608,17,Salary,2018-06-13,996804.77,Active
512016,102328,21,Savings,2020-07-17,234769.93,Active
512017,102106,33,Savings,2020-03-25,237034.28,Active
512018,104652,25,Savings,2021-09-16,117596.48,Active
512019,102460,24,Salary,2025-07-17,220225.93,Active
512020,103858,16,Salary,2022-02-22,95493.16,Active
512021,102053,39,Savings,2021-09-18,5999.65,Active
512022,106673,22,Current,2020-04-29,29082.9,Active
512023,106208,17,Current,2020-12-18,186905.07,Active
512024,102470,32,Savings,2021-12-03,277818.43,Active
512025,107061,19,Salary,2021-01-06,98121.34,Active
512026,108252,10,Salary,2023-06-28,356657.56,Active
512027,107122,9,Salary,2025-04-21,19383.65,Active
512028,106646,35,Salary,2021-04-19,44504.52,Active
512029,105214,40,Savings,2019-05-21,305664.97,Active
512030,102253,8,Savings,2019-08-01,121019.59,Active
512031,100572,11,Savings,2023-01-11,152936.03,Dormant
512032,101207,25,Savings,2025-12-09,28758.03,Active
512033,106627,22,Savings,2025-11-24,117434.43,Active
512034,105732,9,Savings,2017-08-03,99865.52,Active
512035,109545,5,Salary,2024-01-30,13299.9,Dormant
512036,106460,35,Savings,2017-12-20,62263.64,Active
512037,104826,30,Salary,2020-04-29,25783.49,Active
512038,102673,24,Savings,2023-12-19,62603.85,Active
512039,104080,37,Current,2018-02-27,86572.19,Active
512040,103838,11,Premium,2017-03-27,610969.23,Active
512041,105895,22,Savings,2022-08-29,860418.41,Active
512042,109512,38,Savings,2021-09-28,168615.38,Active
512043,101055,5,Current,2017-07-20,203062.65,Dormant
512044,107305,1,Savings,2022-07-14,22842.15,Active
512045,101003,19,Savings,2017-06-29,138047.54,Active
512046,105752,28,Salary,2024-08-29,39286.91,Active
512047,101197,10,Savings,2021-02-14,33444.93,Active
512048,103249,33,Current,2018-01-25,27330.41,Active
512049,104441,6,Savings,2021-09-12,59931.94,Dormant
512050,105753,37,Savings,2020-05-27,24255.46,Active
512051,104791,15,Premium,2017-11-02,56467.25,Active
512052,103728,26,Salary,2021-01-07,45171.03,Active
512053,107700,23,Savings,2021-11-17,44892.13,Active
512054,106486,35,Savings,2017-01-11,92244.36,Active
512055,102136,9,Savings,2019-12-10,191481.44,Active
512056,109028,1,Savings,2020-08-21,27453.15,Active
512057,105378,13,Savings,2023-06-01,100967.6,Active
512058,103623,11,Savings,2025-04-04,27959.73,Active
512059,100227,12,Salary,2018-07-23,29722.09,Active
512060,106200,8,Current,2022-11-15,108164.14,Active
512061,103409,33,Savings,2022-07-20,115604.94,Active
512062,100576,14,Salary,2021-10-11,593097.51,Dormant
512063,100186,13,Salary,2024-07-14,91217.25,Active
512064,109794,29,Salary,2018-03-31,44871.4,Active
512065,102114,3,Current,2020-06-02,190899.79,Dormant
512066,105201,31,Current,2019-03-04,216924.36,Active
512067,100178,4,Current,2018-05-31,10360.61,Dormant
512068,101800,13,Savings,2024-05-25,238838.53,Closed
512069,107450,13,Savings,2021-12-14,65231.81,Active
512070,107617,35,Premium,2018-01-17,126406.07,Active
512071,107588,12,Savings,2025-01-06,112628.95,Active
512072,109079,31,Salary,2020-12-06,7898.78,Active
512073,100767,12,Savings,2018-05-23,116179.34,Active
512074,102441,39,Savings,2025-10-03,146824.92,Active
512075,104068,23,Premium,2017-10-31,49361.06,Active
512076,106686,29,Savings,2025-01-24,73533.6,Active
512077,109834,39,Savings,2021-08-09,74945.8,Active
512078,105179,13,Savings,2018-10-03,188115.73,Active
512079,107699,3,Salary,2023-07-06,52226.09,Active
512080,109787,17,Savings,2025-08-24,294653.47,Active
512081,100122,34,Current,2019-09-06,76483.58,Active
512082,107852,13,Premium,2020-10-14,140831.8,Active
512083,104635,12,Savings,2023-11-09,25793.02,Active
512084,108988,26,Premium,2023-03-18,13754.97,Active
512085,102047,5,Current,2025-04-11,68669.83,Active
512086,101009,19,Salary,2020-06-30,27453.84,Active
512087,106698,15,Salary,2019-09-19,53743.44,Active
512088,105044,12,Savings,2025-05-10,47716.65,Active
512089,102124,13,Savings,2023-12-24,15602.68,Active
512090,105750,23,Savings,2022-08-03,1240045.33,Active
512091,104188,23,Savings,2019-06-26,170731.84,Active
512092,102348,34,Salary,2024-11-18,156470.39,Active
512093,105290,24,Savings,2022-04-22,234508.59,Active
512094,102501,40,Savings,2021-07-15,916010.75,Active
512095,105170,11,Savings,2024-08-05,414116.27,Active
512096,106708,37,Savings,2018-08-13,125777.98,Active
512097,100594,7,Savings,2023-05-09,22151.61,Active
512098,108095,40,Savings,2021-04-09,711101.22,Active
512099,108614,28,Savings,2024-07-07,161849.54,Active
512100,103306,7,Savings,2022-04-15,446967.0,Active
512101,101385,2,Savings,2022-05-12,522828.18,Active
512102,104680,21,Savings,2017-12-01,245621.48,Active
512103,100513,2,Savings,2018-06-09,80390.48,Dormant
512104,100284,11,Savings,2017-05-31,35376.21,Active
512105,109349,5,Savings,2024-06-17,94609.12,Active
512106,102287,35,Savings,2022-12-26,37311.07,Active
512107,106072,36,Savings,2025-07-04,380006.12,Active
512108,100802,4,Savings,2021-09-27,23637.5,Active
512109,100161,32,Savings,2025-09-20,18622.08,Active
512110,106367,14,Salary,2021-02-25,144724.96,Dormant
512111,107244,6,Salary,2022-05-08,154292.32,Active
512112,108099,26,Savings,2019-07-31,78978.47,Dormant
512113,106308,2,Current,2023-12-23,622725.16,Active
512114,101289,22,Savings,2017-07-11,275044.56,Active
512115,109500,36,Savings,2020-11-10,73503.48,Closed
512116,104999,11,Savings,2017-02-28,46223.63,Active
512117,109750,20,Current,2018-03-18,271849.21,Active
512118,105791,40,Premium,2024-08-09,245563.4,Active
512119,101905,22,Savings,2017-10-20,50345.26,Active
512120,107237,30,Salary,2017-01-03,41732.23,Active
512121,100780,37,Salary,2019-03-04,57526.48,Active
512122,102878,18,Salary,2021-05-20,34675.17,Active
512123,107428,19,Savings,2025-03-19,132589.73,Active
512124,105288,14,Salary,2024-03-25,118823.14,Active
512125,106316,31,Savings,2018-12-31,124956.6,Active
512126,102654,24,Current,2017-05-08,30654.45,Active
512127,108189,21,Savings,2025-09-19,155359.41,Active
512128,100283,2,Current,2019-08-18,44910.6,Dormant
512129,104001,5,Savings,2017-10-06,280505.2,Active
512130,107066,2,Savings,2021-04-15,36107.83,Active
512131,103962,31,Savings,2020-05-22,101276.35,Active
512132,101114,2,Salary,2020-01-22,12447.53,Active
512133,108228,13,Savings,2024-08-30,28820.76,Active
512134,106096,3,Savings,2019-03-25,77268.23,Active
512135,106382,9,Savings,2017-05-10,170253.65,Active
512136,102519,5,Salary,2020-10-19,174878.45,Dormant
512137,105658,26,Savings,2017-05-24,104991.3,Active
512138,103773,25,Savings,2021-12-26,37055.34,Active
512139,104219,2,Salary,2025-07-30,92171.04,Active
512140,101233,24,Premium,2020-03-09,67646.55,Active
512141,101283,20,Savings,2019-05-24,200199.56,Active
512142,100053,21,Savings,2020-01-29,53741.8,Active
512143,106149,33,Savings,2023-10-27,276770.17,Active
512144,106591,20,Savings,2025-03-20,107868.22,Active
512145,100890,1,Savings,2024-02-16,68007.55,Active
512146,102509,11,Savings,2018-09-20,70439.81,Active
512147,109514,10,Premium,2025-02-06,35983.09,Active
512148,105418,23,Current,2023-05-25,59975.08,Dormant
512149,105092,20,Current,2023-04-30,45133.24,Active
512150,100284,17,Savings,2019-09-21,74515.42,Active
512151,101280,7,Savings,2020-10-02,101097.72,Active
512152,104722,36,Savings,2024-02-10,65397.2,Active
512153,100382,29,Salary,2024-07-01,13945.55,Active
512154,101138,11,Salary,2019-05-29,60831.74,Closed
512155,106598,20,Salary,2020-02-02,48212.64,Active
512156,108424,6,Premium,2023-12-17,225195.91,Active
512157,105491,38,Savings,2019-07-02,17297.01,Active
512158,101901,28,Savings,2020-03-10,44506.32,Dormant
512159,100678,26,Savings,2024-12-23,81249.22,Active
512160,104049,21,Savings,2020-02-06,56178.14,Active
512161,106139,21,Savings,2022-06-02,22769.51,Active
512162,103628,23,Premium,2020-08-02,107833.95,Active
512163,105370,20,Current,2022-04-18,96897.09,Active
512164,101973,20,Savings,2018-06-28,129963.53,Active
512165,101626,33,Premium,2019-03-19,148397.36,Active
512166,107623,33,Current,2020-05-09,69371.4,Active
512167,104359,27,Current,2022-03-25,16828.83,Active
512168,108377,22,Savings,2025-06-24,737101.1,Active
512169,104338,17,Savings,2022-03-11,32346.82,Active
512170,104166,36,Savings,2022-06-11,91246.48,Active
512171,103071,25,Current,2023-02-04,143245.11,Active
512172,109562,21,Savings,2021-10-31,50859.39,Dormant
512173,103733,18,Savings,2025-04-25,279886.59,Active
512174,101524,11,Current,2022-06-28,109777.55,Active
512175,100248,6,Savings,2024-01-18,49201.56,Closed
512176,105012,23,Salary,2018-02-24,200387.72,Active
512177,107504,23,Salary,2021-04-05,584697.95,Active
512178,102719,23,Savings,2024-07-31,37039.73,Closed
512179,101285,11,Premium,2019-11-15,115999.3,Active
512180,105387,26,Savings,2020-04-01,38934.86,Active
512181,101125,15,Salary,2021-03-30,8983.73,Active
512182,101864,4,Current,2023-07-15,32833.32,Active
512183,109520,28,Savings,2020-04-14,29332.83,Active
512184,108938,7,Savings,2017-05-20,582987.35,Active
512185,101116,8,Savings,2025-10-11,71540.85,Active
512186,104748,1,Savings,2020-11-18,58628.97,Active
512187,105796,39,Savings,2019-12-03,254557.14,Active
512188,103405,7,Salary,2025-02-28,51540.54,Dormant
512189,100778,12,Savings,2021-02-12,248119.77,Active
512190,106641,38,Savings,2020-12-25,55289.26,Active
512191,109063,30,Savings,2020-10-11,76019.04,Active
512192,105802,28,Savings,2022-09-24,49801.14,Active
512193,108614,3,Savings,2020-06-13,797556.9,Dormant
512194,108341,5,Savings,2024-06-14,386485.4,Dormant
512195,105451,8,Savings,2020-12-12,36707.66,Active
512196,103117,3,Salary,2017-03-10,56512.13,Closed
512197,100397,34,Savings,2025-01-04,69797.8,Active
512198,101695,37,Savings,2017-03-15,107340.58,Active
512199,108803,11,Current,2017-08-08,139254.71,Active
512200,103778,36,Premium,2024-04-23,19609.61,Active
512201,103953,13,Salary,2023-08-28,111770.24,Active
512202,103966,4,Savings,2018-05-23,23132.51,Active
512203,102597,7,Premium,2017-10-15,10920.75,Active
512204,107382,24,Salary,2022-09-01,146952.63,Active
512205,100079,17,Savings,2021-03-14,66557.99,Active
512206,101441,20,Salary,2017-02-27,70478.38,Active
512207,105792,40,Savings,2025-07-07,174274.05,Closed
512208,107098,14,Salary,2019-07-11,281723.53,Active
512209,108968,22,Salary,2021-11-23,333778.09,Active
512210,106424,20,Savings,2019-01-06,46870.45,Dormant
512211,103378,11,Savings,2024-03-01,163576.73,Active
512212,102932,20,Savings,2022-04-09,213396.93,Active
512213,100528,3,Savings,2024-05-23,24723.33,Active
512214,105649,18,Salary,2018-10-01,116561.18,Active
512215,103101,36,Savings,2020-07-24,153463.15,Active
512216,100051,33,Savings,2022-06-14,38919.52,Active
512217,109667,15,Savings,2024-03-15,16550.85,Active
512218,100815,31,Savings,2021-11-26,153365.64,Active
512219,109035,27,Current,2022-05-18,180469.64,Active
512220,102673,19,Savings,2018-03-15,92798.99,Active
512221,101851,35,Savings,2020-03-18,236102.33,Active
512222,104511,40,Savings,2023-06-04,259379.83,Closed
512223,100528,4,Salary,2024-10-09,177376.52,Active
512224,107074,6,Savings,2025-04-04,284366.61,Active
512225,105686,30,Savings,2023-05-03,57266.33,Active
512226,107758,21,Savings,2024-08-25,51452.33,Active
512227,108244,5,Savings,2024-08-30,87799.11,Active
512228,106429,31,Savings,2017-06-27,51334.35,Active
512229,104756,1,Current,2025-06-17,81453.74,Active
512230,109575,19,Salary,2022-06-06,262089.83,Dormant
512231,108026,16,Salary,2021-11-09,53392.47,Active
512232,105575,37,Salary,2018-02-16,56459.48,Active
512233,100900,19,Current,2025-01-29,43133.69,Dormant
512234,106505,27,Savings,2017-10-29,40866.22,Active
512235,106934,19,Current,2024-08-18,24058.08,Active
512236,101056,29,Salary,2017-08-13,131249.36,Active
512237,104685,29,Current,2017-08-28,87892.04,Active
512238,104543,1,Savings,2024-01-25,52529.91,Active
512239,107969,2,Salary,2025-01-16,506157.43,Active
512240,100520,26,Current,2018-05-15,54277.64,Active
512241,104030,19,Savings,2022-04-19,625860.34,Active
512242,109032,28,Premium,2021-07-02,20960.27,Active
512243,102924,22,Salary,2020-08-29,127298.13,Active
512244,100360,38,Premium,2023-03-27,85560.76,Active
512245,103772,4,Current,2019-03-20,26452.18,Active
512246,103368,14,Savings,2018-03-26,12438.7,Active
512247,109546,7,Salary,2018-12-10,57987.51,Active
512248,101484,37,Savings,2021-10-11,55673.32,Active
512249,100358,22,Salary,2020-12-19,107251.34,Active
512250,105084,9,Current,2023-06-28,350554.58,Closed
512251,103016,25,Current,2018-08-09,42833.09,Active
512252,105548,40,Salary,2024-09-02,19439.72,Active
512253,101988,35,Premium,2022-03-19,180416.92,Active
512254,105253,9,Premium,2025-08-22,717718.96,Active
512255,109718,35,Salary,2024-01-02,81483.68,Dormant
512256,102785,38,Savings,2022-05-31,83474.17,Active
512257,100720,18,Savings,2021-03-24,17279.36,Active
512258,106597,8,Premium,2020-04-29,50228.92,Dormant
512259,100277,32,Salary,2021-10-24,21421.1,Active
512260,103282,6,Savings,2017-12-21,320975.68,Active
512261,104207,29,Savings,2023-11-07,15903.64,Active
512262,108251,16,Savings,2017-01-08,26942.81,Active
512263,105296,3,Savings,2021-04-05,355423.11,Active
512264,106352,20,Savings,2022-02-14,378096.97,Active
512265,109511,13,Savings,2021-09-01,32316.04,Active
512266,107577,11,Salary,2019-01-25,66172.84,Active
512267,101013,10,Salary,2019-11-11,480562.22,Active
512268,108731,7,Savings,2022-04-24,226878.04,Active
512269,101734,4,Salary,2017-05-23,157603.99,Active
512270,105189,33,Savings,2024-09-30,79292.59,Dormant
512271,100667,28,Premium,2022-09-28,627189.35,Active
512272,109255,11,Salary,2021-11-01,80973.08,Active
512273,104392,1,Savings,2017-02-06,203048.27,Active
512274,106137,25,Savings,2017-03-28,7836.56,Active
512275,108866,2,Savings,2025-10-29,105761.1,Active
512276,102699,11,Savings,2018-03-18,270239.98,Dormant
512277,101941,8,Salary,2025-02-20,191279.33,Active
512278,107667,9,Current,2022-07-22,30921.95,Active
512279,102189,14,Savings,2020-05-30,28527.24,Active
512280,108869,33,Savings,2019-07-07,395100.85,Active
512281,102242,26,Savings,2022-11-13,570881.99,Active
512282,102402,35,Savings,2022-06-04,182801.47,Active
512283,100563,10,Salary,2020-11-21,24776.86,Active
512284,105315,15,Savings,2018-03-27,566118.6,Closed
512285,108266,35,Savings,2024-09-22,118622.02,Active
512286,109057,23,Savings,2025-09-07,112546.15,Active
512287,107165,29,Premium,2020-02-06,145131.79,Active
512288,104694,18,Salary,2023-10-25,35924.75,Active
512289,108477,12,Salary,2017-09-16,56309.27,Active
512290,102714,18,Current,2022-04-02,162480.86,Active
512291,101177,30,Savings,2019-01-22,15827.42,Closed
512292,102028,17,Premium,2023-09-04,678517.95,Dormant
512293,104029,39,Savings,2022-08-20,44786.92,Active
512294,108248,36,Savings,2020-01-01,56648.93,Active
512295,109662,1,Savings,2023-08-18,37761.74,Closed
512296,104791,32,Savings,2018-08-23,8444.57,Active
512297,107095,35,Salary,2022-07-13,60579.83,Active
512298,100299,23,Salary,2017-01-22,96748.26,Active
512299,102476,19,Savings,2023-07-05,9388.25,Dormant
512300,106732,32,Savings,2021-10-28,82775.2,Dormant
512301,100600,17,Current,2017-02-18,305042.13,Active
512302,107735,24,Savings,2023-11-01,63495.04,Active
512303,102453,2,Savings,2022-06-12,21490.25,Active
512304,102907,29,Current,2023-12-27,110341.5,Active
512305,102551,36,Savings,2023-05-24,210120.81,Active
512306,106835,1,Salary,2018-02-15,15858.85,Active
512307,100827,24,Savings,2023-04-06,334617.39,Active
512308,104473,34,Current,2021-04-03,547105.18,Active
512309,100039,7,Salary,2021-01-04,88926.42,Active
512310,107757,32,Salary,2022-11-06,92307.16,Active
512311,103078,25,Salary,2023-04-24,73203.73,Dormant
512312,109623,9,Premium,2020-05-16,364072.78,Active
512313,107754,22,Savings,2018-06-22,35803.69,Active
512314,105557,2,Savings,2021-03-11,64918.37,Active
512315,105642,24,Current,2021-12-31,109753.09,Active
512316,105529,23,Savings,2017-07-11,36316.42,Active
512317,107430,5,Salary,2025-03-13,376846.54,Active
512318,107650,36,Salary,2024-01-30,17612.32,Active
512319,103672,23,Savings,2019-01-10,67727.52,Active
512320,108153,24,Current,2019-11-16,86139.09,Active
512321,101947,29,Premium,2018-02-19,21557.69,Active
512322,104494,39,Salary,2022-02-02,10003.35,Active
512323,106137,14,Savings,2022-12-29,47750.47,Active
512324,107906,36,Savings,2021-08-15,81869.58,Active
512325,105815,21,Savings,2023-09-15,173659.36,Active
512326,104632,33,Current,2019-07-21,44757.7,Active
512327,103567,2,Salary,2021-03-10,157180.94,Active
512328,108064,8,Savings,2025-02-18,187599.69,Active
512329,103178,9,Savings,2018-03-16,108566.02,Active
512330,108644,4,Savings,2018-07-30,9509.94,Active
512331,104262,16,Savings,2017-11-18,346092.39,Active
512332,102249,24,Salary,2021-04-06,167270.72,Active
512333,106413,37,Current,2022-01-02,81744.06,Active
512334,105100,22,Savings,2024-04-16,175120.34,Active
512335,103948,38,Current,2019-07-22,41033.19,Active
512336,106486,37,Savings,2017-07-19,20585.47,Active
512337,102778,33,Salary,2025-02-16,97545.39,Active
512338,103499,22,Current,2020-11-08,42094.21,Active
512339,100197,21,Savings,2020-11-02,48568.81,Dormant
512340,104158,35,Salary,2022-10-29,55694.08,Active
512341,101283,40,Current,2018-06-08,69614.86,Active
512342,106729,8,Savings,2024-02-01,77920.9,Active
512343,107492,39,Savings,2020-03-18,130035.36,Active
512344,101395,28,Premium,2017-06-24,94426.07,Active
512345,109545,11,Savings,2022-08-18,49233.23,Active
512346,105114,23,Premium,2018-11-11,27865.31,Active
512347,101863,19,Savings,2023-06-14,116429.21,Dormant
512348,100149,2,Savings,2021-04-13,17158.0,Active
512349,100304,27,Current,2018-02-25,17184.34,Active
512350,105133,11,Current,2019-12-26,44816.09,Active
512351,106161,4,Current,2022-03-29,284892.57,Active
512352,106716,15,Salary,2024-09-20,48548.12,Active
512353,101481,3,Salary,2020-09-19,24491.08,Active
512354,102540,24,Savings,2019-01-28,70145.2,Active
512355,109231,14,Current,2022-11-18,42940.75,Active
512356,101710,37,Savings,2021-05-30,39189.66,Active
512357,103492,20,Savings,2023-04-03,26829.38,Active
512358,109516,17,Salary,2021-07-05,401057.05,Active
512359,102236,20,Premium,2023-08-18,46329.29,Active
512360,102135,33,Current,2023-12-17,31944.08,Active
512361,101504,38,Savings,2025-10-06,114441.59,Active
512362,106133,32,Savings,2019-07-22,77172.84,Active
512363,108071,12,Savings,2020-04-27,83795.97,Active
512364,106586,39,Current,2023-12-10,122681.99,Dormant
512365,104522,5,Savings,2025-02-12,39282.48,Active
512366,106864,11,Current,2017-10-08,51624.76,Active
512367,101738,31,Salary,2024-05-22,110480.37,Active
512368,103968,31,Current,2024-04-03,161137.92,Closed
512369,101310,25,Savings,2025-02-24,216826.63,Closed
512370,106450,39,Savings,2017-11-12,39568.64,Active
512371,103449,28,Premium,2021-03-14,110854.92,Active
512372,101912,38,Premium,2023-03-23,72053.64,Closed
512373,108539,24,Savings,2018-03-13,247679.08,Active
512374,102400,31,Savings,2024-02-02,74404.4,Active
512375,105986,36,Premium,2025-05-27,58145.97,Active
512376,109868,6,Savings,2023-12-25,78189.98,Active
512377,104539,22,Savings,2019-05-24,148021.13,Active
512378,100581,20,Salary,2023-02-01,68427.84,Active
512379,100147,40,Savings,2018-07-09,38056.54,Active
512380,104010,34,Premium,2025-03-22,47708.8,Active
512381,104022,24,Salary,2021-09-06,54778.59,Active
512382,107346,40,Savings,2022-10-09,121962.63,Active
512383,108096,36,Current,2021-02-03,251891.0,Active
512384,103620,21,Savings,2025-08-21,116478.56,Active
512385,108466,11,Savings,2024-01-06,128150.51,Active
512386,108361,27,Salary,2023-05-23,64473.22,Active
512387,102570,7,Savings,2024-08-22,68675.87,Active
512388,105568,33,Savings,2019-03-27,110344.06,Active
512389,109096,22,Savings,2025-11-11,258986.4,Active
512390,108210,14,Savings,2021-06-16,39093.9,Active
512391,107681,1,Salary,2022-05-14,137704.33,Dormant
512392,109176,27,Current,2020-05-19,107336.86,Active
512393,104729,6,Savings,2019-04-18,157860.01,Active
512394,103700,36,Savings,2023-07-16,198683.04,Active
512395,100917,39,Savings,2021-11-06,16269.51,Active
512396,108177,39,Premium,2025-09-07,24565.13,Active
512397,104258,32,Salary,2024-09-18,208399.66,Active
512398,106428,30,Premium,2024-11-29,179451.57,Active
512399,100100,8,Premium,2017-01-07,28725.34,Active
512400,105381,13,Salary,2025-12-15,43212.23,Closed
512401,109886,40,Salary,2019-06-27,97615.7,Active
512402,100093,9,Savings,2023-04-25,976157.78,Dormant
512403,104726,40,Savings,2020-08-17,171650.59,Active
512404,105390,6,Savings,2024-02-15,99187.78,Active
512405,107286,30,Savings,2017-02-07,90097.83,Active
512406,100831,40,Savings,2023-11-04,43796.76,Active
512407,101023,30,Current,2020-09-11,85230.94,Active
512408,105656,18,Savings,2018-09-02,49185.29,Active
512409,109999,6,Salary,2020-02-26,383589.6,Active
512410,107854,20,Current,2022-08-01,147647.32,Active
512411,103040,6,Savings,2025-08-28,31511.77,Active
512412,104877,28,Savings,2017-01-14,162783.31,Active
512413,105960,26,Current,2023-10-18,221877.19,Active
512414,102291,11,Savings,2017-04-03,200609.36,Active
512415,105077,21,Current,2022-02-18,253039.31,Active
512416,106937,19,Current,2018-11-03,144547.89,Active
512417,103794,32,Savings,2020-09-18,16235.16,Active
512418,109522,28,Savings,2025-01-19,53594.02,Active
512419,100028,29,Current,2024-01-05,35254.09,Active
512420,100887,30,Savings,2023-07-08,106247.0,Active
512421,103500,31,Savings,2017-04-05,240633.04,Active
512422,102361,10,Savings,2020-11-08,225431.32,Active
512423,101477,4,Current,2024-04-09,19022.43,Active
512424,108341,35,Current,2022-12-22,93278.19,Active
512425,101657,16,Salary,2019-02-04,58059.12,Dormant
512426,107100,31,Savings,2020-12-20,12819.71,Active
512427,107752,38,Current,2019-12-18,8233.77,Active
512428,109189,9,Savings,2020-08-12,15162.13,Active
512429,101948,21,Salary,2023-10-21,39885.95,Active
512430,108354,11,Savings,2020-11-14,97431.38,Active
512431,108624,8,Premium,2017-08-11,73222.82,Active
512432,104005,31,Savings,2020-07-29,89306.8,Dormant
512433,100565,31,Salary,2025-03-21,74955.18,Active
512434,104878,11,Salary,2023-02-21,33548.71,Active
512435,100056,39,Savings,2022-11-05,143145.6,Active
512436,105107,19,Current,2022-08-08,111311.55,Dormant
512437,105741,35,Savings,2018-07-02,163659.29,Active
512438,107629,22,Savings,2018-08-17,47191.57,Active
512439,109390,18,Savings,2018-08-23,263401.27,Active
512440,107918,3,Savings,2018-03-24,147965.04,Active
512441,105160,26,Salary,2020-08-05,85574.44,Active
512442,106602,23,Salary,2020-06-01,44026.99,Active
512443,107213,8,Savings,2024-12-16,29826.49,Active
512444,108281,35,Savings,2024-07-16,21541.02,Active
512445,106923,7,Savings,2023-05-21,75196.0,Active
512446,104841,24,Salary,2019-05-02,275062.85,Active
512447,106891,16,Premium,2019-06-18,81785.93,Active
512448,101004,19,Savings,2025-04-08,120414.56,Dormant
512449,104147,16,Current,2017-03-29,492136.78,Active
512450,101080,38,Savings,2020-10-30,291568.39,Active
512451,109185,19,Savings,2025-06-14,9740.31,Active
512452,104697,37,Salary,2025-12-13,210812.52,Closed
512453,102639,22,Current,2021-09-12,70530.47,Active
512454,108483,4,Salary,2022-04-07,38449.52,Active
512455,109791,7,Salary,2019-04-28,25863.9,Active
512456,105604,16,Salary,2017-08-26,91926.57,Active
512457,108574,29,Savings,2019-04-22,80009.5,Active
512458,104013,10,Salary,2025-04-25,68414.7,Active
512459,102875,13,Salary,2019-09-21,231754.51,Active
512460,107762,39,Savings,2024-06-10,77209.95,Active
512461,107356,26,Salary,2019-07-02,151068.72,Active
512462,105290,6,Salary,2019-12-09,43820.87,Active
512463,109618,21,Salary,2018-06-27,64376.23,Dormant
512464,106756,7,Savings,2021-04-08,121320.64,Dormant
512465,105112,2,Premium,2021-04-26,424779.35,Active
512466,103188,12,Savings,2019-01-13,578279.8,Active
512467,106244,9,Savings,2018-01-24,87334.58,Active
512468,103133,34,Savings,2018-12-23,105293.74,Active
512469,107240,5,Savings,2018-04-24,19998.44,Active
512470,100464,5,Savings,2019-04-22,164744.38,Active
512471,106390,34,Savings,2024-09-02,68104.01,Active
512472,101778,24,Salary,2022-11-09,30622.55,Active
512473,101938,33,Salary,2017-05-26,553579.66,Active
512474,105362,22,Salary,2022-05-01,35319.46,Active
512475,101889,13,Salary,2024-11-26,53390.47,Active
512476,102645,38,Premium,2023-12-19,17023.53,Active
512477,105497,25,Savings,2022-09-05,250636.29,Active
512478,106602,37,Premium,2023-11-23,43848.07,Active
512479,109885,20,Savings,2018-01-06,399121.73,Active
512480,100051,30,Savings,2023-01-11,10420.96,Active
512481,109598,13,Savings,2019-03-28,75635.76,Active
512482,100506,18,Salary,2024-10-21,14825.85,Active
512483,108325,13,Savings,2020-03-01,140998.33,Active
512484,109382,6,Savings,2017-03-14,35018.36,Active
512485,106648,33,Savings,2022-03-08,44407.85,Active
512486,106137,8,Savings,2025-09-10,143858.03,Active
512487,109332,7,Savings,2021-07-18,62961.0,Active
512488,103805,36,Salary,2024-08-25,28327.67,Active
512489,104706,1,Savings,2022-03-23,167503.31,Active
512490,103235,20,Salary,2019-04-19,73726.41,Active
512491,109121,37,Savings,2023-03-04,79935.28,Active
512492,106045,9,Salary,2017-01-27,193801.29,Active
512493,108334,25,Savings,2020-12-28,72132.69,Active
512494,106542,6,Savings,2023-02-03,190815.78,Active
512495,108482,28,Savings,2022-11-29,29541.05,Active
512496,101222,20,Savings,2020-06-02,54203.77,Active
512497,105958,20,Savings,2024-02-08,318262.97,Active
512498,107035,31,Savings,2018-03-13,106463.77,Active
512499,105650,30,Savings,2018-10-08,95870.51,Active
512500,109899,8,Savings,2018-06-08,25641.42,Active
512501,102952,2,Savings,2019-04-28,36122.16,Active
512502,100612,7,Current,2019-10-03,59120.06,Active
512503,107022,36,Savings,2022-02-25,19865.82,Active
512504,103814,6,Savings,2024-08-28,41871.73,Active
512505,106149,3,Salary,2022-01-03,61300.7,Active
512506,103272,40,Savings,2022-07-23,149711.2,Active
512507,104756,30,Savings,2019-01-06,84611.21,Active
512508,107828,25,Premium,2017-01-07,489239.99,Active
512509,106456,4,Savings,2022-05-06,131045.81,Active
512510,108887,29,Salary,2022-01-17,345659.73,Active
512511,105756,25,Current,2017-04-05,38147.47,Closed
512512,107760,30,Salary,2019-08-21,417207.75,Active
512513,101716,7,Savings,2020-05-25,65494.17,Active
512514,108819,14,Current,2022-02-26,95700.89,Active
512515,104938,7,Premium,2021-11-21,38083.36,Active
512516,100762,25,Salary,2023-09-17,509948.89,Active
512517,109797,16,Savings,2021-05-05,281891.38,Active
512518,109903,32,Salary,2022-12-23,58419.38,Active
512519,109328,29,Savings,2025-12-10,59166.44,Active
512520,105802,4,Savings,2020-12-30,29513.41,Active
512521,107141,23,Savings,2018-02-04,103282.97,Active
512522,105827,30,Current,2017-06-14,478146.22,Active
512523,100614,5,Salary,2024-11-08,61121.07,Active
512524,105088,26,Current,2023-01-20,44208.71,Active
512525,102773,33,Savings,2019-07-30,122553.56,Active
512526,100677,27,Current,2025-07-16,119741.19,Active
512527,101139,35,Current,2019-08-28,1998893.11,Active
512528,106262,14,Salary,2018-03-31,38277.02,Active
512529,105389,11,Current,2020-04-06,43325.31,Active
512530,109707,13,Savings,2017-05-19,14823.1,Active
512531,100024,33,Savings,2025-02-20,8538.42,Active
512532,104331,4,Salary,2023-08-06,48388.26,Dormant
512533,106159,16,Current,2024-08-27,403182.21,Active
512534,107958,21,Salary,2025-07-22,79465.35,Active
512535,100091,23,Current,2021-10-02,38826.33,Active
512536,104377,18,Savings,2019-10-02,164474.5,Active
512537,108537,13,Savings,2018-03-11,39617.7,Dormant
512538,101453,17,Savings,2020-02-13,225541.66,Active
512539,101504,39,Savings,2019-11-07,695178.52,Active
512540,108030,3,Premium,2017-03-11,130292.56,Active
512541,107892,6,Savings,2025-12-09,147990.7,Active
512542,106112,13,Salary,2020-02-27,142742.49,Active
512543,107495,6,Current,2019-09-03,38867.79,Active
512544,109919,31,Savings,2018-12-09,93867.41,Active
512545,102946,23,Current,2025-12-09,65982.75,Active
512546,101202,11,Premium,2022-05-31,29217.89,Active
512547,108808,24,Premium,2023-06-18,289735.21,Active
512548,107479,26,Salary,2019-08-25,39520.43,Active
512549,100821,30,Current,2022-08-03,63320.23,Active
512550,109511,31,Current,2020-01-02,300779.11,Active
512551,104054,38,Salary,2019-06-22,102902.2,Dormant
512552,102231,14,Savings,2024-06-25,72251.63,Active
512553,109657,9,Salary,2019-01-08,55028.17,Active
512554,103938,29,Savings,2019-08-27,71243.05,Active
512555,103828,10,Salary,2026-01-07,54248.47,Active
512556,108869,22,Savings,2020-05-31,61149.72,Dormant
512557,106844,30,Salary,2021-04-26,72832.89,Active
512558,100459,39,Current,2025-05-13,4647.82,Active
512559,105817,8,Savings,2021-06-09,152575.62,Active
512560,107897,28,Savings,2021-01-28,522741.75,Active
512561,103153,22,Savings,2023-09-19,34508.01,Active
512562,109016,19,Premium,2024-06-06,19053.91,Active
512563,108662,33,Savings,2020-11-19,45889.55,Active
512564,102048,22,Salary,2020-03-12,56542.44,Active
512565,102315,17,Savings,2020-10-07,140668.07,Active
512566,106149,21,Savings,2019-02-24,124033.16,Active
512567,100215,20,Current,2021-03-07,12475.37,Active
512568,105371,28,Current,2019-06-01,237110.26,Active
512569,102725,6,Savings,2019-01-13,48515.21,Active
512570,102705,35,Salary,2018-10-16,61350.47,Dormant
512571,103634,18,Salary,2021-04-14,30388.08,Active
512572,109507,5,Salary,2018-12-31,39868.28,Active
512573,103508,7,Current,2018-11-22,64458.98,Active
512574,102739,20,Savings,2019-04-19,37360.67,Active
512575,106453,32,Salary,2025-07-14,76591.14,Active
512576,105079,7,Savings,2020-05-12,17812.16,Dormant
512577,106553,5,Premium,2019-02-04,12076.77,Active
512578,102153,10,Current,2020-06-13,174804.62,Active
512579,105185,14,Savings,2020-03-15,1470039.03,Active
512580,107794,27,Salary,2020-02-12,249790.47,Active
512581,104503,33,Salary,2021-07-10,264688.07,Active
512582,104529,12,Salary,2018-02-02,103753.94,Active
512583,107993,38,Current,2022-12-25,176226.77,Active
512584,109570,6,Salary,2025-06-29,66789.26,Dormant
512585,106133,25,Savings,2022-05-01,45569.13,Active
512586,109276,27,Savings,2018-02-12,20105.7,Active
512587,105148,10,Current,2021-10-07,22785.48,Active
512588,106349,14,Savings,2024-11-04,42320.7,Active
512589,102838,5,Salary,2018-12-08,76282.33,Active
512590,105129,31,Salary,2024-09-23,37080.32,Dormant
512591,101050,35,Savings,2022-05-14,226573.76,Active
512592,109967,7,Savings,2020-06-01,40335.27,Active
512593,108389,7,Savings,2024-03-12,92593.34,Active
512594,103952,33,Savings,2017-02-18,42770.95,Active
512595,106692,2,Current,2023-09-20,56154.9,Active
512596,102637,37,Savings,2023-05-17,134060.09,Active
512597,106757,33,Savings,2018-03-23,123322.55,Active
512598,101162,35,Premium,2022-05-27,203373.26,Active
512599,105564,18,Current,2019-02-15,17804.11,Active
512600,102981,28,Current,2018-01-02,38197.33,Active
512601,107462,26,Savings,2017-07-09,55041.63,Active
512602,103085,17,Savings,2020-01-29,23591.9,Active
512603,103267,3,Premium,2024-02-05,67381.9,Active
512604,108981,16,Savings,2020-11-04,144612.44,Active
512605,103385,31,Savings,2023-09-16,477613.12,Active
512606,108553,23,Salary,2019-05-27,30387.15,Active
512607,100038,17,Savings,2022-01-07,26214.99,Active
512608,104494,34,Savings,2025-12-31,73642.15,Active
512609,109687,4,Current,2020-08-20,329703.45,Active
512610,103871,13,Premium,2024-12-20,128681.07,Active
512611,102730,19,Salary,2023-12-29,164978.8,Active
512612,106472,9,Salary,2019-10-18,286125.09,Active
512613,108323,23,Current,2018-10-13,90208.49,Active
512614,109609,23,Salary,2022-12-24,666110.43,Active
512615,100434,8,Salary,2019-07-18,16463.53,Active
512616,109694,39,Savings,2020-07-23,28439.31,Active
512617,102055,15,Salary,2023-02-04,56172.2,Active
512618,100044,32,Savings,2017-04-21,83707.74,Active
512619,103652,1,Premium,2025-01-07,18840.92,Active
512620,106454,38,Savings,2018-06-11,83023.58,Active
512621,106744,20,Current,2022-02-02,10454.47,Active
512622,101703,33,Salary,2022-07-13,63317.23,Active
512623,106231,17,Savings,2024-06-02,50664.5,Active
512624,101970,11,Savings,2017-09-05,116807.19,Active
512625,104771,5,Current,2025-12-25,87789.9,Active
512626,107900,28,Savings,2024-10-29,120957.46,Active
512627,106424,38,Premium,2023-04-15,176567.0,Active
512628,108812,32,Savings,2019-06-03,29691.26,Active
512629,104157,4,Savings,2022-03-27,22500.73,Active
512630,102181,33,Current,2022-09-01,2972934.27,Active
512631,106414,23,Current,2018-02-24,68988.34,Active
512632,101053,10,Savings,2023-07-19,70737.05,Closed
512633,100681,4,Salary,2023-06-20,27996.08,Active
512634,103556,1,Savings,2018-10-17,358962.96,Active
512635,107516,15,Premium,2023-03-21,10878.31,Active
512636,103048,28,Savings,2025-08-04,14690.1,Active
512637,100406,5,Savings,2021-03-15,226809.56,Active
512638,100723,39,Current,2023-08-08,26588.09,Active
512639,102033,38,Premium,2022-09-17,24585.86,Active
512640,109098,25,Salary,2021-07-27,111585.69,Active
512641,102038,3,Salary,2017-06-29,111630.61,Active
512642,103725,19,Salary,2017-09-16,48553.46,Dormant
512643,102649,13,Savings,2025-05-08,100976.94,Closed
512644,106564,17,Savings,2022-10-22,139445.03,Active
512645,104702,23,Current,2018-05-15,48717.79,Active
512646,105311,40,Salary,2024-08-13,102444.44,Active
512647,104796,5,Savings,2019-01-07,44627.51,Active
512648,102229,24,Current,2018-08-03,62543.44,Active
512649,107303,7,Current,2021-06-11,288556.15,Active
512650,108697,29,Savings,2021-05-30,112884.01,Active
512651,108424,15,Savings,2022-05-03,37294.46,Active
512652,107337,17,Savings,2023-04-10,91189.51,Active
512653,101521,19,Savings,2019-03-27,99482.57,Active
512654,108035,26,Savings,2023-04-01,79409.58,Active
512655,108530,29,Current,2024-08-05,40093.45,Active
512656,107251,35,Savings,2018-05-30,77385.47,Active
512657,109679,14,Savings,2018-03-19,21359.28,Active
512658,105908,31,Current,2025-10-20,59673.78,Active
512659,102798,11,Savings,2024-07-07,38339.61,Active
512660,109238,4,Salary,2021-06-29,38263.77,Active
512661,100238,40,Salary,2021-04-12,19102.03,Active
512662,106707,12,Savings,2022-05-27,156514.22,Active
512663,109309,27,Premium,2025-09-29,59820.83,Active
512664,108380,7,Savings,2022-03-06,193287.26,Active
512665,109892,19,Savings,2025-01-02,297088.5,Active
512666,100415,11,Premium,2019-07-18,141676.81,Active
512667,106780,11,Savings,2018-01-02,120821.48,Active
512668,105558,6,Savings,2021-09-16,56061.83,Active
512669,106031,24,Current,2018-02-08,117890.33,Active
512670,100122,19,Savings,2023-06-30,10908.45,Active
512671,108751,3,Salary,2018-11-05,16229.99,Active
512672,109888,7,Salary,2017-10-11,152481.88,Active
512673,104386,2,Savings,2020-02-17,25696.39,Active
512674,103783,29,Savings,2017-12-04,105161.01,Active
512675,100441,34,Current,2017-03-01,46958.29,Active
512676,102361,26,Current,2021-06-26,468087.99,Active
512677,105812,14,Current,2023-01-05,44298.0,Active
512678,106957,37,Savings,2020-08-12,40680.31,Active
512679,101091,25,Salary,2019-01-08,35850.88,Active
512680,105342,16,Current,2018-08-01,100223.09,Active
512681,108386,17,Savings,2017-08-27,82601.0,Active
512682,104472,22,Salary,2018-10-08,198601.27,Dormant
512683,109234,33,Savings,2025-03-19,771264.53,Active
512684,101632,4,Savings,2019-10-21,56417.69,Active
512685,106280,28,Savings,2020-05-14,32891.71,Active
512686,100532,19,Savings,2023-08-10,31519.82,Active
512687,106427,4,Savings,2023-06-28,39646.24,Active
512688,106763,26,Savings,2019-01-10,31352.11,Active
512689,104322,39,Premium,2018-05-08,30703.91,Active
512690,105509,33,Premium,2019-04-24,140075.85,Dormant
512691,107269,25,Salary,2021-01-19,97706.01,Active
512692,105193,14,Premium,2019-06-10,54546.32,Active
512693,100428,36,Savings,2019-02-19,11640.39,Active
512694,105658,21,Salary,2021-04-28,52651.99,Active
512695,105458,7,Premium,2023-05-18,181908.01,Active
512696,102639,10,Savings,2024-05-14,15654.06,Closed
512697,101350,1,Salary,2025-05-02,169488.05,Dormant
512698,100578,16,Savings,2021-02-14,42317.52,Active
512699,108373,36,Current,2018-01-20,80206.39,Active
512700,104554,6,Savings,2017-11-06,28811.35,Active
512701,104822,31,Savings,2020-06-26,52635.93,Active
512702,109613,11,Premium,2025-03-26,44506.33,Active
512703,106755,19,Savings,2018-03-23,103944.3,Active
512704,103003,39,Current,2017-01-27,59980.54,Active
512705,107110,27,Savings,2017-11-27,106289.39,Active
512706,109966,6,Savings,2023-05-24,48798.86,Active
512707,109474,21,Premium,2023-06-09,144100.11,Active
512708,103849,1,Salary,2018-11-19,187422.39,Dormant
512709,101755,4,Savings,2017-08-01,143724.22,Active
512710,101864,2,Savings,2019-07-16,177589.0,Active
512711,104637,26,Current,2025-05-13,40671.77,Active
512712,101579,27,Savings,2023-11-25,259010.28,Active
512713,104166,3,Savings,2022-10-11,88953.82,Active
512714,102114,31,Savings,2019-07-31,878733.5,Active
512715,107241,8,Savings,2024-01-01,57363.76,Active
512716,105232,25,Salary,2022-11-22,51641.15,Active
512717,109497,38,Savings,2021-01-21,31111.15,Active
512718,107107,21,Salary,2017-08-06,15614.09,Active
512719,108203,4,Savings,2020-12-16,64536.34,Dormant
512720,109291,40,Savings,2022-11-27,124700.67,Active
512721,107614,39,Salary,2021-07-28,54951.44,Active
512722,101537,31,Savings,2018-03-30,193840.55,Active
512723,107473,6,Savings,2019-03-13,1155934.4,Active
512724,108931,37,Salary,2018-07-04,64170.79,Active
512725,108840,2,Salary,2021-12-14,117296.76,Active
512726,101920,35,Savings,2018-07-28,9642.33,Active
512727,101924,19,Savings,2018-07-05,149377.63,Active
512728,107877,16,Current,2017-02-04,13291.4,Active
512729,107121,28,Current,2023-04-26,60258.5,Active
512730,104132,12,Salary,2021-12-18,63133.96,Active
512731,101960,5,Savings,2021-12-28,10184.17,Active
512732,109172,16,Savings,2025-04-27,190606.52,Active
512733,102592,6,Premium,2024-12-03,80205.12,Active
512734,107082,39,Salary,2022-11-09,75704.05,Active
512735,104778,1,Savings,2023-08-24,181528.71,Active
512736,101828,37,Current,2024-02-08,17975.87,Active
512737,105665,29,Salary,2021-12-02,41380.98,Active
512738,107695,10,Savings,2017-12-27,30766.19,Dormant
512739,104656,17,Salary,2025-03-26,141942.91,Active
512740,102001,2,Current,2020-07-01,25788.02,Active
512741,105195,11,Savings,2024-12-12,9492.47,Active
512742,106959,28,Savings,2020-02-02,172786.51,Active
512743,100960,37,Current,2026-01-08,46151.55,Active
512744,105478,6,Current,2017-09-05,194747.11,Closed
512745,100234,38,Savings,2020-08-04,27582.51,Active
512746,102024,26,Savings,2018-07-05,95167.72,Active
512747,106374,38,Salary,2018-02-11,55467.53,Active
512748,108254,19,Current,2025-06-19,57453.4,Active
512749,100882,40,Savings,2018-05-03,31944.3,Dormant
512750,106377,30,Savings,2017-07-25,32236.22,Active
512751,106474,19,Savings,2022-02-07,73206.0,Active
512752,101736,11,Salary,2023-12-01,152349.77,Active
512753,106120,31,Savings,2021-05-06,208189.5,Active
512754,102128,36,Current,2025-08-13,454818.27,Active
512755,106634,8,Salary,2023-01-22,20852.67,Dormant
512756,107314,7,Savings,2025-02-24,51761.89,Active
512757,103988,24,Current,2022-11-30,150995.87,Active
512758,100618,40,Savings,2020-03-28,188425.49,Active
512759,106975,37,Current,2022-03-13,219446.31,Active
512760,100072,17,Salary,2019-04-26,232331.46,Active
512761,102529,17,Current,2022-05-02,232153.77,Closed
512762,104231,12,Salary,2019-10-29,14101.09,Active
512763,103443,31,Current,2019-12-19,263908.63,Active
512764,108477,28,Savings,2020-12-04,122864.72,Active
512765,108659,10,Savings,2018-01-20,19078.04,Active
512766,107708,22,Savings,2021-11-13,100593.42,Active
512767,108063,21,Salary,2017-08-16,57525.65,Active
512768,102247,32,Savings,2021-07-13,94984.82,Active
512769,109024,15,Savings,2023-04-07,122954.9,Active
512770,105914,18,Savings,2023-09-06,88730.27,Active
512771,107721,36,Premium,2020-05-06,87636.04,Active
512772,106471,7,Savings,2017-03-23,73445.8,Active
512773,101446,27,Savings,2019-05-14,283658.33,Active
512774,105362,40,Savings,2021-09-06,1044281.54,Active
512775,101526,36,Salary,2025-10-01,102944.43,Active
512776,107645,6,Current,2023-12-13,68461.71,Active
512777,103113,29,Savings,2020-07-21,126823.65,Active
512778,106540,12,Salary,2019-08-15,973051.7,Active
512779,104185,28,Salary,2023-08-04,92615.07,Active
512780,109917,1,Salary,2022-01-29,66375.85,Active
512781,109272,38,Savings,2019-09-16,70672.04,Active
512782,103840,26,Premium,2020-06-18,96254.17,Active
512783,109579,2,Salary,2024-05-13,35987.44,Active
512784,106179,16,Premium,2019-02-02,237459.21,Active
512785,101902,37,Salary,2022-02-11,40870.13,Active
512786,108275,34,Savings,2020-06-28,162193.4,Active
512787,107854,10,Savings,2022-08-19,53445.12,Active
512788,105031,8,Savings,2018-07-01,524692.63,Active
512789,101072,8,Premium,2023-08-15,28181.61,Active
512790,100418,12,Savings,2017-06-04,177831.05,Active
512791,102260,1,Savings,2018-08-07,27531.55,Active
512792,103352,9,Savings,2023-06-26,93266.12,Active
512793,101129,40,Savings,2019-03-25,86310.18,Active
512794,100433,28,Premium,2018-03-04,147239.54,Active
512795,104489,17,Savings,2018-07-04,105460.41,Active
512796,103602,40,Current,2019-05-21,697501.22,Active
512797,102809,37,Salary,2020-09-15,205862.45,Active
512798,100260,16,Salary,2019-08-06,67740.46,Active
512799,108919,25,Salary,2020-06-12,46165.95,Dormant
512800,106775,28,Premium,2018-12-02,90442.15,Active
512801,109997,24,Savings,2019-06-08,63132.66,Active
512802,100893,10,Savings,2024-03-03,41678.5,Closed
512803,103192,9,Savings,2018-03-24,173936.56,Active
512804,105815,19,Savings,2021-02-23,104043.1,Active
512805,108882,5,Salary,2025-04-15,587848.41,Active
512806,104035,31,Savings,2018-02-22,294481.22,Dormant
512807,108023,36,Premium,2022-05-15,141035.37,Active
512808,103149,4,Savings,2022-03-02,24875.3,Active
512809,107211,35,Savings,2021-02-03,86761.02,Dormant
512810,104094,5,Salary,2022-08-20,195395.37,Active
512811,105723,1,Savings,2018-04-26,121676.04,Active
512812,100475,3,Savings,2017-05-27,38653.1,Active
512813,102328,33,Savings,2018-05-28,74932.42,Active
512814,102560,5,Savings,2020-06-20,62338.49,Active
512815,106358,28,Savings,2023-09-06,389381.92,Active
512816,104691,16,Savings,2022-07-12,87587.57,Active
512817,106067,4,Savings,2018-10-18,410254.81,Active
512818,102171,35,Premium,2019-01-05,173344.05,Active
512819,109164,33,Savings,2018-01-12,53717.44,Active
512820,106136,26,Current,2019-02-21,92821.15,Active
512821,101340,26,Savings,2017-07-31,106226.95,Active
512822,101762,33,Savings,2019-12-30,66952.08,Active
512823,105374,27,Savings,2020-05-17,33251.86,Active
512824,107767,22,Salary,2019-12-20,362833.7,Active
512825,105226,14,Salary,2024-07-18,76713.77,Active
512826,102500,36,Savings,2022-07-15,586057.67,Active
512827,103698,15,Salary,2017-10-07,24885.48,Active
512828,103114,31,Savings,2025-12-07,10270.06,Active
512829,109358,38,Premium,2017-04-22,71278.27,Active
512830,107072,1,Savings,2023-12-03,31894.93,Active
512831,109475,23,Savings,2025-02-05,104470.21,Closed
512832,104448,18,Savings,2022-02-14,114458.94,Active
512833,106906,4,Savings,2024-05-14,148528.48,Active
512834,106814,22,Savings,2018-11-08,178994.35,Active
512835,102147,24,Savings,2023-02-10,179942.56,Active
512836,100488,6,Current,2019-05-28,135564.12,Active
512837,101874,23,Savings,2025-05-14,54202.72,Active
512838,105766,13,Current,2025-09-20,126855.27,Active
512839,101852,35,Salary,2020-04-10,53370.03,Active
512840,107994,40,Salary,2017-05-03,129946.64,Active
512841,103756,36,Savings,2018-04-06,1129261.41,Active
512842,105050,22,Current,2023-04-14,40787.45,Active
512843,102965,3,Salary,2025-10-06,493209.1,Active
512844,104616,17,Savings,2025-11-24,5864.87,Active
512845,105882,39,Savings,2023-12-04,109201.35,Active
512846,101762,22,Savings,2021-01-31,528091.97,Dormant
512847,105434,7,Savings,2025-09-13,43013.7,Active
512848,102385,29,Savings,2022-10-28,59958.65,Active
512849,102473,2,Salary,2019-10-18,47569.65,Active
512850,105252,9,Salary,2021-11-20,183197.91,Active
512851,106640,39,Savings,2018-04-15,57458.25,Active
512852,108893,34,Salary,2017-08-09,82404.8,Active
512853,104762,27,Savings,2020-07-29,69963.45,Active
512854,102180,5,Salary,2023-06-23,46745.97,Dormant
512855,101947,10,Current,2019-12-23,126966.43,Active
512856,105459,9,Savings,2019-09-09,82930.0,Active
512857,108621,15,Premium,2017-09-20,218668.8,Active
512858,108155,19,Savings,2021-06-11,81380.88,Active
512859,106587,39,Savings,2024-09-30,161241.76,Active
512860,104138,34,Savings,2019-05-25,36852.18,Active
512861,102813,17,Current,2023-06-20,312767.12,Active
512862,108755,16,Premium,2024-02-13,10029.09,Active
512863,105013,11,Savings,2017-11-17,66236.01,Active
512864,100047,18,Salary,2018-06-09,89016.14,Active
512865,106628,35,Savings,2018-10-23,23379.18,Active
512866,100260,25,Savings,2021-06-19,219384.31,Active
512867,104716,10,Savings,2017-09-25,471211.43,Active
512868,106965,14,Salary,2020-04-08,54862.88,Active
512869,100813,39,Current,2020-08-15,76856.07,Active
512870,103783,3,Savings,2022-03-01,97497.81,Active
512871,103160,18,Savings,2017-05-26,92798.6,Active
512872,105162,36,Savings,2018-01-26,11384.26,Active
512873,103893,9,Premium,2023-05-25,11485.89,Active
512874,102707,13,Salary,2021-06-10,88473.3,Active
512875,106928,27,Current,2022-08-25,123868.84,Active
512876,107005,19,Savings,2020-06-05,52593.28,Closed
512877,100558,36,Savings,2020-09-23,52085.82,Active
512878,106463,7,Current,2021-09-12,176692.28,Active
512879,104701,12,Salary,2019-10-28,225401.0,Active
512880,104791,30,Salary,2017-03-16,340766.8,Active
512881,101998,9,Premium,2018-01-20,459047.14,Active
512882,101963,24,Premium,2019-03-22,404094.74,Active
512883,107228,4,Savings,2017-02-16,34036.7,Active
512884,105666,9,Savings,2024-05-08,72673.11,Active
512885,103939,11,Savings,2022-09-01,319747.57,Active
512886,109260,37,Current,2025-01-25,30229.44,Dormant
512887,109141,37,Savings,2019-07-04,193171.59,Active
512888,101281,4,Current,2020-08-28,13710.22,Active
512889,101778,35,Savings,2025-02-02,43094.7,Active
512890,105554,30,Salary,2020-06-11,307307.1,Active
512891,109250,11,Savings,2023-10-26,47741.16,Active
512892,103881,25,Savings,2020-05-10,281080.42,Active
512893,107829,18,Premium,2024-09-16,59845.82,Active
512894,109877,15,Current,2025-11-07,185292.0,Active
512895,108794,4,Savings,2025-03-21,67422.69,Active
512896,100038,17,Salary,2018-07-03,33416.62,Dormant
512897,107527,8,Savings,2023-04-05,422098.49,Active
512898,109390,24,Savings,2023-02-12,139513.72,Active
512899,104427,29,Savings,2020-08-21,26772.11,Active
512900,109810,17,Savings,2017-06-07,295469.38,Active
512901,103714,26,Savings,2018-12-12,102909.27,Active
512902,104519,39,Salary,2021-05-19,98365.66,Active
512903,101809,4,Salary,2017-01-21,64262.52,Active
512904,102316,24,Savings,2022-02-01,481933.07,Active
512905,102453,20,Salary,2017-10-22,133736.96,Active
512906,107723,31,Savings,2021-11-23,52612.37,Active
512907,102136,4,Salary,2023-12-16,160983.54,Active
512908,103454,16,Savings,2023-08-03,102316.02,Active
512909,100402,36,Savings,2020-08-08,85242.9,Active
512910,106330,38,Savings,2022-01-14,146057.44,Dormant
512911,103651,27,Savings,2018-05-10,35969.09,Active
512912,104865,12,Savings,2022-10-31,57298.0,Active
512913,102691,12,Savings,2021-07-17,40501.12,Active
512914,102968,15,Current,2019-04-14,154340.14,Active
512915,109373,33,Current,2019-09-02,31404.31,Active
512916,104795,17,Current,2023-04-27,124237.37,Active
512917,106790,1,Salary,2024-06-26,426540.6,Active
512918,100772,32,Salary,2025-06-22,19944.14,Active
512919,100756,31,Savings,2021-11-13,69900.95,Active
512920,103086,5,Salary,2019-10-06,59849.28,Active
512921,103538,11,Savings,2020-08-23,252448.73,Active
512922,109313,12,Salary,2025-11-01,297976.76,Active
512923,100382,24,Current,2020-08-31,137792.2,Active
512924,101232,25,Premium,2024-01-31,22196.99,Active
512925,106388,28,Premium,2018-07-07,57688.37,Active
512926,109248,37,Current,2022-04-04,294728.61,Active
512927,101866,18,Savings,2017-11-13,199831.87,Active
512928,104107,8,Salary,2024-11-07,21614.39,Dormant
512929,100492,5,Salary,2023-01-23,85834.35,Active
512930,108393,37,Salary,2018-11-21,38074.05,Dormant
512931,106872,36,Salary,2020-01-20,52272.29,Active
512932,104124,31,Current,2019-09-10,18546.0,Active
512933,105091,19,Savings,2017-03-30,272725.15,Active
512934,102298,37,Premium,2020-09-15,377117.6,Active
512935,105399,23,Current,2021-04-29,121179.45,Active
512936,108825,17,Current,2022-02-09,32435.86,Active
512937,101214,21,Premium,2020-08-11,129980.43,Active
512938,108160,15,Savings,2021-11-24,57070.41,Active
512939,108338,38,Savings,2019-09-24,244050.66,Active
512940,105648,31,Savings,2023-03-02,50892.37,Active
512941,100609,25,Savings,2019-09-28,479368.93,Active
512942,104902,15,Savings,2019-02-16,26508.38,Active
512943,108516,15,Premium,2023-09-24,164381.36,Active
512944,109900,38,Current,2024-10-23,210168.86,Active
512945,100802,6,Salary,2018-07-23,46845.21,Dormant
512946,109114,27,Current,2025-04-27,21310.2,Active
512947,108464,24,Salary,2021-05-09,47302.43,Dormant
512948,102200,10,Current,2025-11-30,155035.0,Closed
512949,103385,36,Savings,2021-09-22,71970.32,Active
512950,102865,29,Salary,2018-09-05,51303.73,Active
512951,106268,19,Savings,2022-01-12,27403.48,Active
512952,107392,37,Premium,2025-12-31,127126.22,Active
512953,102761,19,Savings,2020-10-04,34084.88,Active
512954,107191,6,Premium,2022-11-20,33373.69,Active
512955,106764,39,Savings,2020-10-03,145468.5,Active
512956,107776,35,Savings,2025-05-24,33105.84,Dormant
512957,101007,26,Current,2024-12-25,30372.85,Active
512958,102331,14,Savings,2024-11-29,41506.45,Active
512959,109138,11,Savings,2018-12-15,58381.97,Active
512960,109971,36,Premium,2019-01-19,52461.02,Active
512961,105897,9,Savings,2019-01-25,33960.29,Active
512962,107125,28,Current,2017-10-25,225933.18,Active
512963,101170,29,Savings,2018-08-12,98956.28,Active
512964,102849,32,Current,2023-12-21,130887.79,Active
512965,103695,12,Premium,2022-03-30,255591.39,Active
512966,100595,19,Savings,2025-07-07,32935.52,Active
512967,106711,37,Current,2022-11-20,42626.64,Active
512968,101168,18,Savings,2018-10-17,109622.47,Active
512969,107520,14,Premium,2019-03-10,246519.77,Active
512970,105525,20,Current,2025-01-26,46881.53,Active
512971,101159,34,Savings,2021-12-09,1107051.9,Active
512972,102958,5,Premium,2019-09-21,167594.69,Active
512973,101961,2,Savings,2023-09-25,32648.81,Active
512974,102709,25,Current,2022-06-09,59232.67,Dormant
512975,100139,8,Savings,2021-04-18,32212.12,Active
512976,109097,38,Savings,2023-12-24,38138.66,Active
512977,107279,31,Current,2020-06-25,31519.97,Active
512978,107993,30,Savings,2024-06-13,131046.23,Active
512979,105400,29,Savings,2018-01-11,52281.06,Active
512980,101303,1,Salary,2017-02-08,29391.43,Active
512981,109337,38,Savings,2018-05-31,12288.38,Active
512982,104099,16,Salary,2023-08-09,267106.76,Active
512983,105980,21,Savings,2024-09-26,277790.83,Active
512984,101640,29,Salary,2018-07-06,824217.41,Active
512985,106562,36,Savings,2020-08-16,124242.56,Active
512986,108183,20,Current,2024-03-20,45743.54,Active
512987,109606,10,Savings,2020-07-17,225042.5,Active
512988,106142,12,Savings,2021-08-02,278689.97,Active
512989,103261,27,Premium,2017-01-25,128218.5,Active
512990,108207,30,Savings,2023-12-04,224050.78,Active
512991,100425,7,Savings,2022-09-12,7793.81,Active
512992,104645,11,Savings,2025-06-10,507498.84,Active
512993,103175,27,Current,2025-06-03,65718.05,Active
512994,108581,36,Current,2021-09-07,443461.97,Active
512995,109517,25,Salary,2020-12-22,104227.38,Active
512996,107488,36,Current,2022-01-17,183684.49,Active
512997,101950,38,Savings,2017-02-07,28601.43,Active
512998,102212,6,Savings,2018-08-25,7075.61,Active
512999,101811,7,Savings,2020-03-12,171271.39,Active
513000,104556,11,Salary,2024-07-15,46024.53,Active
513001,100340,28,Savings,2017-07-07,237849.15,Dormant
513002,106152,31,Savings,2025-11-04,65052.61,Active
513003,103519,24,Current,2025-09-10,223751.91,Active
513004,106504,15,Savings,2026-01-13,102794.39,Active
513005,100113,15,Savings,2019-02-25,8276.59,Active
513006,100864,24,Savings,2019-09-21,220034.84,Active
513007,105448,5,Salary,2022-01-08,162828.33,Active
513008,101526,33,Savings,2022-03-06,235360.75,Closed
513009,104524,6,Current,2020-09-23,246714.74,Active
513010,106439,17,Savings,2023-05-31,112974.85,Active
513011,108989,12,Savings,2018-07-27,288745.03,Active
513012,104208,22,Savings,2023-02-20,16844.37,Active
513013,108545,14,Savings,2017-12-13,23397.15,Active
513014,106597,3,Savings,2025-08-19,15659.03,Active
513015,109447,9,Premium,2017-07-26,1073568.64,Active
513016,109855,27,Savings,2021-06-25,410226.95,Active
513017,109303,36,Current,2022-09-15,83824.25,Dormant
513018,108745,9,Savings,2025-07-29,20133.92,Active
513019,105678,36,Savings,2022-02-13,322130.2,Dormant
513020,102036,28,Premium,2020-10-10,273961.35,Active
513021,100945,28,Salary,2023-04-28,117262.85,Active
513022,108394,13,Savings,2017-09-21,59268.75,Active
513023,106792,20,Premium,2023-10-19,23881.34,Active
513024,107400,24,Current,2018-08-30,141689.07,Active
513025,105943,11,Savings,2019-10-16,37196.06,Active
513026,101134,1,Savings,2022-04-03,103384.27,Active
513027,107959,22,Savings,2024-04-23,9160.51,Active
513028,109504,19,Savings,2019-11-13,103865.81,Active
513029,100204,12,Savings,2020-10-26,326545.64,Active
513030,101893,22,Savings,2022-10-05,30057.54,Active
513031,102672,8,Savings,2019-09-16,83515.11,Active
513032,107506,38,Premium,2019-06-09,107468.09,Active
513033,105786,40,Savings,2017-03-12,107463.94,Active
513034,107403,14,Current,2021-01-05,167500.33,Active
513035,107209,12,Savings,2017-02-19,98400.61,Active
513036,100673,23,Savings,2017-07-04,1801579.94,Active
513037,102795,18,Salary,2025-09-03,248808.47,Active
513038,107636,13,Savings,2018-02-09,34991.38,Active
513039,104089,1,Savings,2023-12-29,432750.94,Active
513040,105272,23,Current,2022-03-15,187785.23,Dormant
513041,109225,25,Salary,2023-06-14,152501.39,Active
513042,103220,2,Current,2021-04-16,142644.22,Active
513043,109404,14,Savings,2021-07-24,36263.07,Active
513044,103528,35,Savings,2022-11-21,152420.28,Active
513045,101647,1,Premium,2019-06-14,107777.16,Active
513046,102905,35,Savings,2020-01-04,154115.56,Active
513047,105005,28,Premium,2023-02-27,330830.12,Active
513048,103387,32,Savings,2021-03-20,84160.8,Active
513049,103612,16,Salary,2023-01-07,447622.02,Active
513050,102551,14,Savings,2019-08-22,107620.55,Active
513051,106642,36,Current,2022-07-01,20841.85,Active
513052,104787,11,Savings,2019-02-23,191801.74,Active
513053,104248,31,Savings,2023-12-25,299470.16,Active
513054,103701,30,Savings,2024-07-20,107280.43,Active
513055,102639,15,Premium,2025-07-16,50267.59,Active
513056,101875,11,Savings,2017-08-11,50924.53,Active
513057,102459,35,Current,2019-03-03,11941.3,Active
513058,101564,33,Savings,2024-03-14,598737.73,Active
513059,108752,30,Savings,2019-08-12,74375.0,Active
513060,100679,14,Savings,2025-08-06,52251.33,Closed
513061,103282,35,Savings,2017-01-06,66116.01,Active
513062,101267,38,Savings,2025-06-14,158279.46,Active
513063,100955,22,Savings,2019-06-20,128842.44,Active
513064,102897,14,Savings,2023-09-26,39661.51,Active
513065,103305,11,Savings,2021-05-16,269895.21,Active
513066,102271,24,Current,2022-04-05,132996.3,Active
513067,109183,20,Salary,2025-04-01,387592.41,Active
513068,109751,1,Current,2019-03-17,174863.34,Active
513069,108134,1,Premium,2021-12-31,54609.8,Active
513070,100804,11,Salary,2020-08-26,50637.1,Active
513071,103023,32,Savings,2021-01-03,620174.51,Active
513072,103788,4,Savings,2023-04-19,570535.12,Active
513073,107469,26,Savings,2017-07-12,51380.43,Active
513074,108246,7,Savings,2018-05-27,66963.22,Active
513075,108437,6,Savings,2018-06-07,110874.69,Active
513076,105321,18,Premium,2024-09-01,104725.33,Active
513077,108929,17,Savings,2020-05-24,79901.35,Active
513078,102598,11,Savings,2020-11-14,110161.24,Active
513079,105443,1,Salary,2018-09-28,59585.16,Active
513080,107216,28,Premium,2024-01-16,231245.86,Active
513081,103970,34,Current,2025-01-03,4464.02,Active
513082,101029,5,Salary,2020-10-28,156344.73,Active
513083,101768,23,Premium,2018-03-30,64750.35,Active
513084,104357,37,Current,2021-03-18,810295.93,Closed
513085,109123,11,Savings,2021-08-10,136973.01,Active
513086,100367,32,Premium,2024-10-06,141751.02,Active
513087,105548,36,Savings,2022-05-02,71394.16,Active
513088,109977,3,Savings,2018-09-20,238816.79,Active
513089,106991,34,Premium,2017-03-16,172583.32,Active
513090,107701,37,Salary,2017-01-16,515889.33,Active
513091,100896,26,Current,2020-04-02,33949.37,Active
513092,102406,31,Salary,2024-04-21,33021.2,Active
513093,102374,31,Savings,2024-03-06,145598.52,Active
513094,108821,31,Savings,2018-03-09,35042.88,Active
513095,101017,11,Current,2022-11-10,239722.82,Active
513096,101310,31,Savings,2022-06-16,180917.81,Active
513097,107095,2,Savings,2018-08-03,85115.72,Active
513098,104564,15,Salary,2023-02-19,76715.66,Closed
513099,100739,12,Savings,2019-12-15,38891.36,Active
513100,107340,29,Savings,2023-06-05,25328.43,Dormant
513101,108636,4,Savings,2024-10-30,17822.44,Active
513102,101009,30,Current,2018-04-15,35890.52,Active
513103,109588,14,Savings,2024-11-12,62820.59,Active
513104,104021,25,Savings,2017-08-04,32137.84,Active
513105,109516,31,Current,2023-09-17,237521.37,Active
513106,102202,10,Savings,2024-11-29,35230.15,Active
513107,106025,6,Savings,2023-11-10,71634.21,Active
513108,103083,29,Savings,2021-09-26,405408.96,Active
513109,101882,19,Current,2017-10-21,44278.38,Active
513110,102604,5,Savings,2020-02-12,40276.83,Active
513111,104103,39,Current,2019-01-24,50983.64,Active
513112,100886,13,Salary,2017-05-11,23769.14,Active
513113,100496,27,Savings,2021-03-10,97971.9,Active
513114,107981,9,Premium,2025-10-12,46412.82,Active
513115,106841,15,Savings,2021-01-22,141748.54,Active
513116,101886,12,Savings,2020-05-26,17971.31,Active
513117,102970,24,Salary,2023-04-13,35903.5,Active
513118,104448,37,Salary,2020-06-28,62916.84,Active
513119,102669,33,Salary,2019-01-10,18732.27,Active
513120,101464,1,Savings,2020-02-25,157853.74,Active
513121,106220,29,Current,2024-05-18,65457.42,Active
513122,101232,8,Current,2023-01-16,108492.54,Active
513123,105730,9,Savings,2023-08-13,385527.76,Active
513124,105424,12,Salary,2019-01-16,174959.41,Active
513125,104238,9,Current,2022-06-04,90151.34,Dormant
513126,103467,7,Savings,2018-10-09,80196.26,Active
513127,106630,39,Savings,2017-01-29,130987.74,Active
513128,100613,32,Savings,2020-12-12,84563.85,Active
513129,107740,1,Salary,2023-11-07,51509.46,Active
513130,108993,7,Savings,2019-08-29,11297.82,Active
513131,102609,16,Salary,2020-06-04,107343.06,Active
513132,103004,17,Savings,2020-11-01,78477.9,Dormant
513133,101233,18,Current,2018-06-20,58681.34,Active
513134,109560,12,Salary,2017-02-17,50172.57,Active
513135,103397,35,Savings,2022-09-28,48432.54,Active
513136,108335,16,Premium,2024-06-28,64126.09,Active
513137,101066,13,Current,2025-08-29,66286.57,Active
513138,107009,32,Savings,2021-03-04,42085.13,Active
513139,100601,12,Premium,2024-07-03,89528.77,Active
513140,108269,11,Current,2023-04-18,253706.31,Active
513141,106600,12,Savings,2021-06-03,44392.75,Active
513142,108562,24,Premium,2017-12-07,55328.15,Active
513143,100077,28,Savings,2025-12-02,25984.52,Active
513144,105992,12,Salary,2022-09-10,209286.86,Active
513145,100646,11,Savings,2021-09-26,20888.31,Active
513146,108627,1,Savings,2018-03-02,155653.19,Active
513147,108618,27,Savings,2021-03-28,94923.46,Dormant
513148,104076,25,Current,2022-12-03,136526.88,Active
513149,109777,8,Savings,2022-05-03,72376.18,Active
513150,108592,11,Current,2017-11-12,36149.07,Active
513151,103062,7,Savings,2022-11-09,283369.58,Active
513152,102519,31,Salary,2019-09-06,228202.41,Active
513153,105034,28,Savings,2025-09-05,14862.99,Active
513154,106887,1,Savings,2025-10-28,199152.49,Active
513155,108237,15,Current,2018-05-01,46584.96,Dormant
513156,100102,7,Salary,2022-11-22,72553.95,Active
513157,100843,36,Premium,2023-07-12,26742.27,Dormant
513158,103140,7,Current,2022-03-21,91746.64,Active
513159,101631,14,Savings,2018-01-04,223384.75,Dormant
513160,103114,26,Savings,2018-12-15,151217.76,Closed
513161,100183,20,Current,2017-04-11,165509.84,Active
513162,103767,22,Current,2022-03-03,400039.62,Active
513163,108459,16,Savings,2023-01-22,79962.86,Active
513164,106369,22,Savings,2023-05-05,102123.96,Active
513165,103889,37,Salary,2024-10-12,42034.8,Active
513166,108544,28,Current,2021-09-24,149275.02,Active
513167,105432,13,Current,2023-05-30,22190.0,Active
513168,109634,33,Salary,2018-02-27,91817.4,Active
513169,103460,22,Current,2017-07-06,170349.35,Closed
513170,101579,1,Savings,2025-03-25,236070.52,Active
513171,107911,33,Savings,2019-07-15,85124.07,Active
513172,104718,33,Savings,2023-06-14,13061.25,Active
513173,107053,5,Savings,2018-01-23,400531.23,Active
513174,105641,33,Savings,2024-11-22,35796.79,Active
513175,101854,7,Savings,2018-04-07,460314.31,Active
513176,107946,37,Savings,2023-08-08,33442.98,Closed
513177,105107,29,Savings,2021-06-20,45310.28,Active
513178,106112,14,Savings,2025-02-04,26462.12,Active
513179,102201,35,Savings,2023-10-24,25335.01,Active
513180,105486,4,Savings,2023-06-16,54087.07,Active
513181,100183,6,Savings,2022-07-21,92792.03,Active
513182,100208,1,Salary,2025-11-03,37765.58,Closed
513183,106456,36,Savings,2024-07-25,34166.55,Active
513184,102631,37,Salary,2020-10-07,165213.8,Active
513185,102839,19,Salary,2018-04-28,50063.9,Active
513186,104575,27,Savings,2021-09-17,68397.07,Active
513187,109487,28,Salary,2018-01-31,9702.48,Active
513188,104540,31,Savings,2022-09-12,634551.05,Active
513189,103436,32,Savings,2019-07-26,27441.91,Active
513190,107138,15,Salary,2020-07-20,5941.27,Active
513191,101804,4,Salary,2022-11-12,472227.29,Active
513192,107272,7,Salary,2025-12-02,33393.92,Active
513193,109474,11,Savings,2019-09-08,28557.82,Active
513194,107711,19,Savings,2024-07-05,84597.01,Active
513195,108231,33,Salary,2025-12-24,10454.47,Active
513196,106188,38,Savings,2023-11-10,367523.67,Active
513197,108623,21,Current,2018-02-27,86044.53,Active
513198,100659,15,Savings,2024-09-02,742555.26,Active
513199,107170,22,Savings,2019-10-06,233475.33,Active
513200,109242,8,Savings,2024-08-10,173827.98,Active
513201,103270,29,Current,2024-09-20,41151.55,Active
513202,106549,25,Savings,2023-05-29,46471.6,Active
513203,105558,20,Current,2023-11-04,23789.67,Active
513204,101618,39,Premium,2020-05-19,143481.27,Active
513205,100225,17,Savings,2021-04-28,69606.9,Dormant
513206,108199,2,Savings,2018-02-03,114193.84,Active
513207,100531,6,Current,2020-02-18,66330.86,Dormant
513208,103428,7,Savings,2022-12-15,596369.95,Active
513209,105893,38,Savings,2017-07-02,102912.65,Active
513210,106906,3,Savings,2023-09-06,204639.05,Active
513211,108596,22,Savings,2022-04-29,174019.28,Dormant
513212,107343,35,Salary,2017-03-14,30197.89,Active
513213,104832,6,Current,2024-12-25,263101.82,Dormant
513214,108046,15,Savings,2023-02-20,48896.48,Active
513215,108741,38,Salary,2022-07-31,82818.28,Active
513216,108204,15,Current,2024-05-15,1223017.04,Active
513217,108543,3,Savings,2018-05-10,25689.66,Active
513218,107564,31,Savings,2025-08-19,90713.62,Dormant
513219,102445,30,Savings,2021-05-12,188109.65,Active
513220,102484,1,Savings,2022-10-17,449064.28,Active
513221,101684,36,Current,2018-12-07,136691.18,Dormant
513222,107126,4,Savings,2017-03-07,132076.81,Active
513223,103616,38,Salary,2021-07-08,54775.16,Active
513224,108175,20,Savings,2020-06-05,464372.39,Active
513225,109096,5,Salary,2022-07-31,124217.55,Active
513226,101074,37,Savings,2025-02-23,95410.75,Active
513227,105660,17,Savings,2020-04-30,105675.88,Active
513228,108614,8,Savings,2019-08-17,147311.84,Active
513229,102404,19,Savings,2022-09-16,32213.23,Active
513230,100785,19,Savings,2024-11-30,56987.24,Active
513231,108577,3,Savings,2024-04-13,395261.83,Active
513232,105373,26,Salary,2018-06-17,41349.33,Active
513233,100936,39,Savings,2024-11-06,448044.08,Active
513234,102077,32,Salary,2019-06-19,5435.53,Active
513235,100178,30,Savings,2021-06-18,54562.12,Active
513236,101284,18,Savings,2025-09-26,62424.11,Active
513237,101004,13,Savings,2024-07-14,408022.27,Active
513238,102568,11,Current,2019-06-01,104759.19,Active
513239,105554,30,Current,2021-01-20,146546.59,Dormant
513240,109707,36,Savings,2021-06-20,249439.51,Active
513241,107490,15,Current,2018-03-12,19262.46,Active
513242,103585,24,Current,2018-06-13,207260.55,Active
513243,102768,1,Current,2023-04-05,383635.75,Active
513244,106460,16,Current,2020-12-21,221775.62,Active
513245,105319,22,Current,2018-07-11,70551.38,Active
513246,106551,23,Savings,2024-04-19,158259.01,Active
513247,106308,24,Salary,2024-07-27,369707.68,Dormant
513248,104941,23,Current,2017-02-06,203146.96,Active
513249,104990,14,Salary,2019-01-26,40665.1,Active
513250,103919,13,Current,2018-12-08,17198.7,Active
513251,102400,17,Premium,2021-10-28,41065.08,Dormant
513252,107330,20,Current,2022-02-15,38389.82,Active
513253,104927,17,Salary,2021-08-03,24953.33,Active
513254,100450,22,Salary,2022-04-25,159313.82,Active
513255,105582,2,Current,2020-05-12,6818.85,Active
513256,107102,32,Savings,2023-09-16,14751.69,Active
513257,108800,25,Current,2020-05-27,613442.99,Active
513258,103862,37,Savings,2017-09-04,128336.58,Active
513259,103950,38,Savings,2022-12-04,46920.45,Active
513260,100086,16,Premium,2021-03-09,83420.25,Active
513261,104685,14,Savings,2022-03-03,106840.0,Active
513262,108580,26,Savings,2021-06-25,67901.42,Active
513263,108042,31,Savings,2020-04-20,31474.18,Active
513264,102900,16,Current,2022-11-17,70125.05,Active
513265,107501,5,Savings,2019-12-19,492470.61,Active
513266,100729,30,Current,2018-10-04,231670.52,Active
513267,101055,39,Salary,2017-10-08,127078.48,Active
513268,109195,23,Savings,2025-10-20,18460.11,Active
513269,106791,9,Savings,2023-07-26,196221.94,Active
513270,107431,36,Savings,2023-11-03,32857.47,Active
513271,102368,26,Savings,2018-04-07,196168.92,Active
513272,101276,16,Savings,2023-10-30,50787.07,Active
513273,106734,23,Salary,2025-04-11,22370.02,Active
513274,102931,34,Savings,2022-08-19,30131.62,Active
513275,109084,8,Salary,2022-06-09,83685.68,Active
513276,105100,26,Current,2018-08-29,135112.1,Dormant
513277,102819,21,Savings,2022-12-14,62247.24,Active
513278,105704,34,Savings,2024-04-23,147945.35,Dormant
513279,103591,32,Savings,2019-08-28,79439.41,Active
513280,109878,1,Salary,2018-08-16,20043.2,Closed
513281,103797,16,Savings,2020-01-24,248559.98,Active
513282,109282,9,Savings,2018-03-02,51861.91,Active
513283,106023,15,Savings,2024-05-13,83800.44,Active
513284,101264,16,Premium,2024-02-23,103869.45,Active
513285,108593,10,Savings,2020-11-14,178035.46,Active
513286,107878,21,Savings,2018-06-28,143966.48,Active
513287,104822,17,Salary,2023-12-28,101437.89,Active
513288,103500,28,Current,2025-04-08,84703.38,Active
513289,107467,19,Savings,2019-04-12,155953.08,Active
513290,106218,23,Savings,2019-05-27,103067.7,Active
513291,104211,40,Current,2018-12-03,17738.72,Active
513292,108320,11,Salary,2019-09-08,219086.06,Active
513293,101148,15,Savings,2019-09-30,120017.74,Active
513294,102863,22,Savings,2023-07-19,128574.03,Active
513295,100895,31,Savings,2020-10-16,730189.81,Active
513296,109908,33,Savings,2024-06-19,35292.1,Active
513297,104402,2,Current,2021-10-25,141474.16,Closed
513298,108085,40,Savings,2025-04-12,112721.14,Dormant
513299,104226,19,Current,2019-03-23,62340.34,Active
513300,106424,30,Savings,2024-09-26,26820.42,Active
513301,106935,2,Salary,2024-11-01,59215.22,Active
513302,103382,33,Savings,2021-12-27,132351.77,Active
513303,101149,34,Salary,2017-07-22,352525.74,Active
513304,107262,40,Savings,2025-11-12,101745.26,Active
513305,109648,2,Savings,2024-01-01,98153.68,Active
513306,108442,40,Savings,2017-09-24,51591.74,Active
513307,107456,13,Savings,2021-10-19,333689.69,Active
513308,101555,38,Current,2021-10-21,26020.98,Dormant
513309,102682,25,Premium,2022-02-15,118098.35,Active
513310,106003,37,Savings,2023-04-07,37110.56,Active
513311,106113,15,Salary,2017-03-19,59992.73,Active
513312,107719,6,Savings,2024-08-22,1774770.54,Active
513313,106752,11,Current,2020-08-20,45535.13,Active
513314,104346,38,Savings,2020-01-03,21140.42,Active
513315,107742,13,Current,2022-08-29,160947.84,Active
513316,100962,31,Salary,2019-08-22,486917.39,Active
513317,109817,14,Salary,2022-11-09,28486.9,Active
513318,101532,13,Savings,2022-08-17,356628.26,Active
513319,104400,8,Savings,2018-09-17,303176.96,Active
513320,104737,39,Salary,2025-04-28,21136.01,Active
513321,102328,31,Savings,2017-04-02,52257.34,Dormant
513322,103896,38,Current,2022-04-15,21917.36,Active
513323,105574,38,Premium,2018-02-05,105833.57,Active
513324,105942,3,Savings,2017-04-14,57085.04,Active
513325,107364,27,Savings,2023-07-19,39089.62,Dormant
513326,108977,16,Salary,2020-04-13,308563.93,Active
513327,109084,24,Premium,2021-01-29,91675.25,Active
513328,109349,32,Savings,2024-12-01,61301.08,Active
513329,109837,39,Current,2021-01-18,248281.51,Dormant
513330,100636,3,Savings,2024-09-18,68618.53,Active
513331,101249,7,Salary,2018-01-09,76779.13,Active
513332,100328,20,Premium,2022-06-11,439447.67,Active
513333,104252,15,Savings,2020-03-08,205369.28,Active
513334,102995,27,Savings,2022-07-12,178534.16,Active
513335,109438,21,Savings,2020-04-21,88041.21,Active
513336,102464,24,Current,2024-08-10,49275.87,Active
513337,101967,39,Savings,2023-06-14,60188.99,Active
513338,103054,25,Savings,2023-04-29,52765.17,Active
513339,105631,36,Salary,2023-11-26,158644.43,Active
513340,102234,11,Savings,2019-10-06,213929.89,Active
513341,106203,16,Premium,2020-09-25,131677.27,Active
513342,104143,13,Savings,2018-07-25,97176.36,Active
513343,109902,11,Savings,2024-07-01,67749.34,Active
513344,104643,30,Salary,2018-12-29,184459.43,Active
513345,103032,37,Salary,2018-12-24,176622.05,Active
513346,107121,31,Salary,2024-08-01,45671.69,Active
513347,109890,40,Savings,2022-04-16,132319.88,Active
513348,107428,33,Premium,2024-09-23,371553.08,Active
513349,105782,17,Salary,2017-03-04,63191.34,Active
513350,100110,23,Salary,2018-04-13,197884.74,Active
513351,109192,7,Savings,2018-12-26,110989.54,Active
513352,108182,10,Savings,2021-12-09,49057.07,Dormant
513353,107927,22,Savings,2021-04-19,18871.57,Active
513354,103187,21,Savings,2024-10-05,54412.43,Active
513355,106137,8,Savings,2024-05-29,36278.79,Active
513356,108571,11,Savings,2021-10-12,216966.69,Active
513357,106148,15,Savings,2021-07-18,32061.91,Active
513358,104416,37,Savings,2025-06-28,36833.31,Active
513359,108554,4,Savings,2025-03-02,84977.86,Dormant
513360,103854,2,Salary,2023-09-21,78239.08,Active
513361,103068,40,Savings,2022-04-04,60496.23,Active
513362,100088,11,Current,2023-09-13,117309.51,Active
513363,103387,3,Salary,2025-08-30,11597.66,Active
513364,106397,27,Current,2019-12-05,6733.68,Dormant
513365,104511,31,Savings,2019-11-27,49288.34,Active
513366,108117,2,Savings,2019-03-15,191937.32,Active
513367,104271,22,Current,2021-03-22,61901.31,Dormant
513368,107634,37,Salary,2023-08-31,129205.61,Active
513369,102779,40,Salary,2017-07-29,59839.79,Active
513370,108883,37,Savings,2018-07-23,9664.08,Active
513371,104495,15,Savings,2025-01-01,359638.05,Closed
513372,100249,33,Current,2018-12-14,8379.9,Active
513373,106656,22,Savings,2022-03-12,77211.17,Active
513374,103822,20,Premium,2017-02-19,252274.87,Closed
513375,108634,12,Savings,2017-01-07,176624.4,Active
513376,108966,20,Salary,2023-03-29,110741.51,Closed
513377,105855,20,Savings,2021-09-14,15827.83,Active
513378,109747,20,Savings,2020-12-20,82233.69,Active
513379,107798,27,Savings,2018-02-12,74018.3,Dormant
513380,105329,30,Savings,2024-09-13,356796.02,Active
513381,105011,6,Savings,2025-10-30,331252.13,Active
513382,102542,34,Current,2018-05-10,113669.47,Active
513383,106974,33,Premium,2022-12-30,31334.38,Active
513384,100983,33,Savings,2020-11-21,17914.86,Active
513385,100812,2,Salary,2022-07-03,163857.55,Active
513386,105889,22,Current,2022-07-14,131405.1,Active
513387,107554,12,Savings,2021-11-02,110266.68,Active
513388,106214,34,Savings,2020-10-11,175359.35,Active
513389,101176,8,Savings,2024-03-20,169267.04,Active
513390,100471,30,Savings,2017-11-12,124718.9,Active
513391,109808,29,Premium,2024-08-01,76616.53,Active
513392,100557,37,Savings,2025-08-28,65259.51,Active
513393,109268,40,Salary,2017-07-28,32676.45,Closed
513394,100204,19,Salary,2025-10-11,20651.07,Active
513395,107713,17,Salary,2020-10-01,380775.22,Active
513396,109429,18,Savings,2017-01-31,92503.22,Active
513397,102560,35,Salary,2018-04-12,124997.53,Active
513398,105275,14,Savings,2021-04-07,172726.59,Active
513399,103576,8,Salary,2017-02-01,288640.51,Active
513400,106770,37,Savings,2018-02-01,136268.51,Active
513401,104227,5,Savings,2019-07-13,83374.62,Active
513402,107048,36,Premium,2023-06-25,162302.3,Dormant
513403,105015,16,Savings,2024-01-06,202818.9,Active
513404,107447,9,Premium,2019-12-15,26243.98,Active
513405,107982,13,Premium,2017-12-10,52893.98,Active
513406,100462,27,Current,2023-01-19,113304.32,Active
513407,105341,17,Savings,2025-10-30,31138.43,Active
513408,102108,27,Savings,2023-04-01,19887.3,Active
513409,101570,7,Salary,2018-07-20,237344.71,Active
513410,106429,7,Savings,2025-02-07,159972.75,Active
513411,101446,15,Savings,2019-06-26,134119.4,Active
513412,108221,40,Savings,2018-03-26,88333.22,Active
513413,101372,23,Current,2025-08-03,99641.08,Active
513414,107477,4,Current,2022-11-02,178180.47,Active
513415,107710,16,Savings,2018-09-20,84045.4,Active
513416,109648,2,Savings,2025-08-30,153955.92,Active
513417,100157,16,Current,2023-10-10,24551.59,Active
513418,100980,38,Salary,2024-05-01,88753.44,Dormant
513419,100545,35,Savings,2019-08-22,18687.41,Active
513420,108704,39,Savings,2020-08-09,96683.38,Active
513421,101044,22,Salary,2017-08-09,39295.78,Active
513422,101162,13,Savings,2018-02-22,69629.91,Active
513423,109085,28,Savings,2018-09-15,61562.82,Active
513424,102712,30,Savings,2023-07-05,101645.24,Active
513425,101463,16,Savings,2022-02-26,14906.06,Active
513426,105923,28,Savings,2018-03-22,182310.05,Active
513427,102618,22,Savings,2023-01-31,22826.5,Active
513428,103867,37,Savings,2022-04-28,189884.93,Active
513429,106091,12,Savings,2019-05-08,25260.44,Active
513430,109500,7,Savings,2020-05-23,128482.56,Active
513431,101157,13,Savings,2022-11-18,296470.32,Active
513432,109206,40,Savings,2020-08-04,79728.54,Active
513433,104461,15,Savings,2024-03-29,433476.81,Active
513434,104006,11,Savings,2018-12-02,29380.2,Active
513435,103733,25,Salary,2018-08-31,46872.26,Active
513436,105357,10,Current,2018-01-07,75263.57,Active
513437,104333,30,Salary,2019-12-05,310408.62,Active
513438,109981,32,Savings,2019-06-18,40552.63,Active
513439,109575,7,Current,2019-06-27,83978.69,Active
513440,109060,31,Salary,2022-05-20,110822.45,Active
513441,101715,30,Salary,2022-03-12,319345.74,Active
513442,103252,12,Premium,2018-10-30,129718.88,Active
513443,109458,19,Salary,2021-11-01,442596.35,Dormant
513444,105719,6,Premium,2024-05-23,358802.43,Active
513445,105967,40,Premium,2022-09-05,53535.95,Active
513446,106711,31,Salary,2024-08-12,50703.39,Active
513447,100027,40,Savings,2024-11-23,158033.84,Active
513448,101646,10,Savings,2025-11-13,16985.72,Active
513449,102871,40,Savings,2024-06-07,136819.31,Active
513450,108558,6,Savings,2018-07-13,6381.96,Closed
513451,107794,20,Savings,2021-04-29,43296.62,Active
513452,108749,12,Savings,2023-03-25,75192.4,Active
513453,100125,34,Current,2022-05-16,146931.21,Active
513454,103645,29,Savings,2021-11-05,28833.77,Active
513455,108213,25,Current,2023-03-17,59041.33,Active
513456,108124,6,Salary,2020-03-21,121498.15,Active
513457,104037,18,Current,2017-02-10,176537.68,Active
513458,106444,11,Premium,2017-11-23,121367.38,Active
513459,105488,12,Savings,2024-11-10,154651.18,Active
513460,104345,31,Current,2019-05-29,44441.39,Active
513461,101730,6,Savings,2017-04-09,20837.2,Dormant
513462,107255,24,Salary,2019-01-19,61862.2,Dormant
513463,102329,8,Salary,2025-03-27,53682.29,Active
513464,100768,4,Savings,2022-03-20,57738.67,Active
513465,104843,7,Current,2021-08-22,44827.2,Active
513466,106925,21,Savings,2024-02-16,251405.58,Active
513467,106443,5,Savings,2021-03-27,389762.51,Active
513468,109794,11,Salary,2019-10-14,171007.47,Active
513469,109846,32,Savings,2018-02-18,109512.46,Closed
513470,101122,14,Premium,2025-09-28,84714.25,Active
513471,107030,26,Salary,2019-04-25,175594.85,Active
513472,102698,21,Salary,2024-02-09,36535.07,Active
513473,100714,31,Salary,2024-10-28,75580.31,Active
513474,100680,22,Savings,2018-02-16,124329.5,Active
513475,107066,34,Salary,2019-09-24,42544.85,Dormant
513476,106347,38,Savings,2023-03-13,75134.09,Active
513477,100470,5,Savings,2024-09-26,242491.76,Active
513478,105854,32,Current,2017-03-20,94231.94,Active
513479,104828,4,Premium,2020-10-05,290737.61,Active
513480,104094,2,Savings,2023-10-22,62459.77,Dormant
513481,105962,8,Current,2021-04-12,95946.02,Active
513482,108934,27,Savings,2025-03-25,61837.1,Active
513483,102405,35,Current,2017-01-07,38624.02,Active
513484,104835,7,Savings,2021-12-26,185248.0,Active
513485,102855,6,Salary,2024-10-26,493530.7,Active
513486,103503,9,Savings,2021-06-03,448943.54,Active
513487,104836,14,Savings,2019-10-14,193518.13,Dormant
513488,102925,9,Savings,2021-08-13,24143.11,Active
513489,109335,37,Savings,2023-09-25,29086.98,Active
513490,106824,12,Savings,2020-06-05,225285.55,Active
513491,104631,24,Salary,2024-01-27,65779.14,Active
513492,100799,36,Premium,2018-04-08,83798.21,Active
513493,102267,29,Savings,2024-05-02,197276.95,Active
513494,109934,20,Savings,2017-03-23,100406.91,Dormant
513495,104706,14,Current,2024-10-12,25583.17,Active
513496,102529,15,Savings,2017-05-23,166805.61,Active
513497,104990,37,Salary,2022-12-24,19296.48,Dormant
513498,104059,14,Current,2021-04-22,60711.29,Active
513499,103806,13,Current,2021-07-07,106814.64,Active
513500,107863,13,Premium,2021-11-20,61112.88,Active
513501,101409,21,Savings,2023-02-26,32285.36,Active
513502,106546,24,Savings,2025-11-20,153981.7,Active
513503,105620,36,Current,2023-02-10,93291.23,Active
513504,107326,34,Savings,2018-03-20,66310.72,Active
513505,109157,15,Savings,2022-01-11,83508.93,Active
513506,104626,24,Savings,2024-10-28,90465.01,Active
513507,103718,3,Savings,2021-02-11,8354.02,Active
513508,101929,27,Current,2024-12-21,65168.8,Active
513509,106953,13,Savings,2017-11-14,10001.1,Active
513510,102199,5,Savings,2019-01-13,54694.94,Active
513511,108855,28,Savings,2020-04-03,175311.57,Active
513512,105613,20,Salary,2025-01-02,522282.56,Active
513513,104164,38,Current,2021-10-16,84881.57,Active
513514,102017,7,Savings,2018-03-22,121976.14,Active
513515,103205,22,Salary,2019-02-05,110072.46,Closed
513516,104755,38,Premium,2021-04-15,83340.84,Active
513517,106301,5,Savings,2018-05-29,31244.87,Active
513518,100812,40,Current,2019-07-14,655639.41,Active
513519,103468,27,Savings,2018-04-27,207365.94,Active
513520,100649,10,Savings,2024-06-30,80601.34,Active
513521,108913,2,Savings,2018-11-11,507198.08,Active
513522,103843,3,Savings,2023-12-25,507120.76,Active
513523,104882,20,Salary,2019-08-29,59052.02,Active
513524,109465,9,Savings,2017-04-04,14155.07,Active
513525,107355,5,Salary,2019-12-28,103321.64,Active
513526,108389,39,Salary,2023-09-14,224619.68,Active
513527,103866,15,Current,2017-03-12,38062.03,Active
513528,109798,27,Savings,2024-04-22,134402.21,Active
513529,106153,6,Savings,2022-08-02,48182.64,Active
513530,109006,40,Savings,2017-11-09,8414.21,Active
513531,106319,15,Salary,2017-03-08,209713.92,Dormant
513532,107366,27,Savings,2021-04-30,241897.76,Active
513533,107564,25,Savings,2022-04-22,153414.22,Active
513534,109148,29,Salary,2020-03-16,479599.96,Active
513535,105936,15,Savings,2022-11-12,20111.82,Active
513536,107528,10,Savings,2020-06-27,129391.74,Active
513537,106608,37,Salary,2017-02-02,483736.33,Active
513538,101093,21,Premium,2025-04-20,8541.38,Active
513539,103069,2,Current,2020-06-22,26366.53,Active
513540,106421,32,Savings,2022-12-22,8036.81,Active
513541,109359,6,Salary,2018-09-25,16329.52,Active
513542,103707,32,Savings,2020-05-03,51344.38,Active
513543,102100,36,Savings,2020-12-23,280883.76,Active
513544,107762,7,Savings,2024-10-28,51599.0,Active
513545,105363,5,Savings,2017-01-09,126686.09,Active
513546,109666,29,Current,2023-11-14,95172.45,Active
513547,109056,20,Premium,2020-03-18,90099.75,Active
513548,105379,27,Salary,2023-02-11,57650.21,Active
513549,102433,35,Current,2020-12-14,38796.08,Active
513550,109089,11,Current,2020-06-28,29184.69,Active
513551,103247,6,Savings,2018-05-04,257778.61,Active
513552,101682,3,Salary,2017-07-06,428674.19,Active
513553,106216,25,Savings,2025-05-24,20828.19,Active
513554,109784,31,Savings,2024-07-13,26937.52,Active
513555,104228,26,Savings,2020-02-08,174603.05,Active
513556,106054,27,Salary,2020-02-24,21845.51,Closed
513557,109641,39,Salary,2018-04-11,47857.91,Active
513558,104227,1,Current,2018-11-07,73517.07,Active
513559,103937,7,Savings,2024-02-16,94848.42,Active
513560,100231,5,Savings,2018-10-06,112615.15,Active
513561,101464,6,Salary,2018-08-17,150382.44,Active
513562,102137,32,Savings,2023-08-03,44575.58,Active
513563,104559,30,Current,2017-10-27,46156.52,Active
513564,101036,28,Salary,2020-02-06,38314.08,Dormant
513565,107909,28,Savings,2025-05-21,25327.07,Active
513566,107093,6,Salary,2019-10-06,27411.78,Active
513567,105260,26,Savings,2025-02-15,408062.51,Active
513568,109468,12,Savings,2023-08-06,99319.94,Active
513569,100577,34,Savings,2019-04-09,53593.3,Active
513570,109959,27,Savings,2018-09-23,25991.51,Active
513571,107325,21,Savings,2020-12-03,55196.66,Active
513572,105358,15,Salary,2025-03-08,89578.91,Active
513573,107059,28,Current,2024-09-25,53518.33,Active
513574,103305,19,Savings,2024-12-17,61701.51,Active
513575,105356,14,Salary,2022-01-26,242690.0,Active
513576,108995,39,Savings,2023-09-25,29801.45,Active
513577,105531,34,Savings,2018-01-26,68089.26,Active
513578,108289,38,Savings,2021-09-18,97394.76,Active
513579,102238,32,Premium,2017-09-08,10483.34,Active
513580,105872,18,Savings,2024-06-03,139624.47,Active
513581,101444,36,Premium,2020-10-07,37093.83,Active
513582,107227,34,Savings,2025-07-04,26286.16,Active
513583,103730,6,Salary,2021-08-13,28099.18,Active
513584,103183,29,Salary,2020-09-25,101410.0,Active
513585,109630,24,Premium,2021-01-10,71349.4,Active
513586,107967,19,Savings,2018-02-01,121247.86,Active
513587,103724,33,Current,2021-12-17,101046.18,Active
513588,106478,25,Current,2018-06-06,92433.85,Active
513589,108407,31,Salary,2023-06-10,121329.98,Active
513590,108431,9,Current,2020-05-03,538471.54,Active
513591,104136,40,Salary,2025-08-28,55856.1,Active
513592,105277,39,Savings,2017-04-27,139529.11,Active
513593,108267,37,Savings,2018-10-12,158241.55,Active
513594,100954,30,Savings,2024-11-21,77275.37,Active
513595,108786,4,Savings,2024-09-03,14537.92,Active
513596,109707,35,Savings,2023-04-26,647228.34,Active
513597,103300,13,Premium,2023-07-09,84857.89,Active
513598,103855,13,Salary,2023-05-04,37970.62,Active
513599,106890,13,Savings,2018-12-19,31271.29,Active
513600,103445,18,Current,2021-06-15,39194.77,Active
513601,102522,6,Current,2025-12-09,57508.79,Active
513602,100666,3,Savings,2023-07-23,88333.37,Active
513603,109246,23,Premium,2023-11-22,21932.54,Active
513604,108415,17,Savings,2024-05-30,66219.08,Active
513605,103966,6,Current,2019-03-26,201021.96,Active
513606,100898,29,Salary,2018-07-20,275656.99,Active
513607,108270,38,Savings,2022-12-13,163461.84,Active
513608,108676,15,Salary,2019-12-14,65850.57,Active
513609,100218,35,Savings,2019-02-20,136099.04,Active
513610,109577,31,Savings,2019-12-07,432752.63,Active
513611,102400,36,Salary,2024-10-20,51594.48,Active
513612,101939,39,Salary,2022-04-02,194713.63,Active
513613,104614,17,Savings,2019-10-07,80899.86,Active
513614,108704,11,Salary,2024-05-11,105325.32,Active
513615,104830,1,Salary,2018-05-02,202682.27,Closed
513616,105283,13,Savings,2022-03-15,126759.72,Closed
513617,103104,31,Current,2019-08-17,38981.34,Active
513618,107899,1,Savings,2023-06-24,13897.22,Active
513619,106687,9,Savings,2023-09-02,28523.76,Active
513620,102736,39,Current,2024-10-18,36582.69,Active
513621,108108,29,Savings,2022-08-18,133347.25,Active
513622,107596,18,Salary,2024-03-30,61553.17,Active
513623,106752,22,Premium,2018-08-23,28433.36,Active
513624,104686,6,Savings,2023-09-05,55347.39,Active
513625,107242,30,Savings,2019-03-03,61311.25,Dormant
513626,108753,14,Salary,2025-01-29,36961.37,Active
513627,102362,40,Savings,2019-09-10,5922.26,Active
513628,101416,40,Savings,2018-04-12,55679.39,Active
513629,106405,14,Salary,2024-06-30,11845.3,Dormant
513630,101252,21,Current,2022-07-17,110734.36,Active
513631,109364,14,Savings,2017-09-25,48807.66,Active
513632,104736,27,Savings,2021-10-19,53385.75,Active
513633,101065,14,Savings,2017-11-30,51014.17,Active
513634,105440,22,Savings,2020-04-30,43481.77,Active
513635,109598,31,Savings,2025-07-29,27708.24,Active
513636,109553,39,Current,2024-11-16,12449.73,Active
513637,104920,10,Savings,2025-10-08,49134.05,Active
513638,100303,17,Current,2022-10-05,13964.96,Active
513639,100298,28,Savings,2023-12-05,124783.66,Active
513640,106589,18,Current,2017-07-21,26651.73,Active
513641,107044,34,Savings,2022-07-18,70681.92,Active
513642,108360,24,Salary,2020-10-30,203395.45,Active
513643,104296,19,Salary,2024-07-27,736711.32,Active
513644,100720,11,Salary,2021-12-29,391818.26,Active
513645,104873,10,Salary,2019-03-23,188825.43,Active
513646,109347,25,Savings,2025-06-02,102569.05,Active
513647,104976,3,Salary,2022-10-23,533363.73,Active
513648,101514,33,Savings,2022-06-26,55492.16,Active
513649,100348,20,Salary,2019-10-29,118105.84,Active
513650,107274,38,Savings,2021-04-04,25723.13,Active
513651,101739,22,Savings,2025-05-26,26737.53,Active
513652,100444,15,Savings,2020-09-24,35632.17,Active
513653,100963,19,Current,2023-10-14,183637.18,Active
513654,105657,9,Premium,2020-02-08,15198.79,Active
513655,107598,28,Savings,2022-08-11,66425.4,Active
513656,106644,18,Premium,2022-06-22,65897.3,Active
513657,100966,16,Current,2021-04-10,109260.37,Active
513658,106965,29,Savings,2020-11-12,1115204.61,Closed
513659,102443,5,Savings,2024-03-02,85692.61,Active
513660,105899,34,Current,2023-04-27,128635.47,Active
513661,100319,10,Savings,2024-07-15,155277.16,Active
513662,108600,4,Salary,2018-03-27,34071.0,Active
513663,100477,22,Current,2023-11-06,143588.63,Active
513664,100674,5,Salary,2022-06-11,85917.04,Active
513665,109464,32,Salary,2023-05-30,29245.93,Active
513666,108685,13,Savings,2025-10-15,148349.1,Active
513667,100605,5,Salary,2019-07-22,56668.99,Active
513668,108079,28,Savings,2025-09-03,19912.67,Active
513669,103697,31,Savings,2022-12-13,28172.43,Active
513670,103517,7,Savings,2021-10-07,72643.75,Active
513671,104930,38,Savings,2022-09-15,44275.18,Active
513672,105795,18,Savings,2020-12-25,33307.82,Active
513673,103017,32,Premium,2019-07-25,14034.06,Active
513674,102404,38,Current,2024-09-17,77682.76,Active
513675,107386,23,Salary,2017-10-31,56115.3,Dormant
513676,106972,18,Current,2020-11-11,91312.04,Active
513677,103112,20,Savings,2025-08-12,261288.61,Active
513678,104442,32,Salary,2021-03-15,289380.76,Active
513679,105644,40,Salary,2017-04-05,88186.4,Dormant
513680,107856,4,Savings,2019-02-03,52529.62,Active
513681,107526,25,Savings,2020-10-05,30820.03,Active
513682,102536,9,Savings,2021-03-02,117638.49,Active
513683,105819,5,Savings,2024-04-15,27109.75,Active
513684,106972,6,Current,2022-11-25,12393.51,Active
513685,102501,31,Salary,2017-04-13,58255.74,Active
513686,107548,19,Salary,2023-04-28,50109.44,Active
513687,106229,14,Current,2021-10-09,19908.23,Active
513688,109888,33,Premium,2018-04-19,217725.62,Active
513689,108734,9,Savings,2023-06-26,43799.77,Active
513690,101341,10,Savings,2021-02-13,405713.49,Active
513691,100231,34,Premium,2018-09-18,39076.93,Closed
513692,103126,25,Savings,2019-01-19,40277.0,Active
513693,103900,14,Savings,2020-03-30,51888.94,Active
513694,107009,6,Savings,2023-11-16,97097.83,Dormant
513695,103160,5,Savings,2018-11-18,202388.98,Active
513696,104512,13,Current,2021-07-31,528272.13,Active
513697,107589,34,Salary,2018-03-14,113112.04,Active
513698,102665,30,Savings,2023-03-07,80450.29,Active
513699,109790,23,Current,2019-12-03,41632.54,Active
513700,100350,31,Savings,2020-01-13,9124.85,Active
513701,109272,17,Savings,2022-11-23,75215.15,Active
513702,108328,14,Savings,2017-10-13,310125.81,Dormant
513703,100351,20,Premium,2021-11-26,91535.54,Active
513704,104049,19,Current,2017-01-03,125821.64,Dormant
513705,106056,11,Savings,2023-03-22,82972.41,Active
513706,109393,18,Current,2018-02-15,63315.77,Active
513707,105464,7,Savings,2019-06-25,100512.15,Active
513708,101275,2,Savings,2017-02-07,38332.12,Active
513709,106419,13,Premium,2018-02-24,55062.38,Active
513710,107116,18,Salary,2024-07-25,18755.86,Active
513711,105027,9,Savings,2018-04-16,62823.35,Active
513712,106744,24,Savings,2020-04-26,24725.58,Active
513713,108089,33,Salary,2023-06-16,257578.04,Active
513714,106445,5,Savings,2020-02-24,34676.0,Active
513715,103481,33,Savings,2019-01-07,54804.74,Active
513716,103890,18,Premium,2020-06-27,325000.15,Active
513717,109021,16,Savings,2022-02-24,55385.47,Active
513718,108815,17,Salary,2019-06-06,114406.67,Active
513719,101698,6,Salary,2022-12-31,99412.36,Active
513720,105652,6,Savings,2023-08-10,101164.47,Active
513721,103053,40,Salary,2019-01-27,59795.07,Active
513722,109400,39,Salary,2025-08-20,40012.98,Active
513723,102620,28,Premium,2024-10-04,93766.21,Active
513724,108246,17,Salary,2017-03-24,11221.22,Active
513725,101762,29,Salary,2021-06-04,104999.49,Active
513726,104006,37,Salary,2025-12-31,92271.33,Active
513727,108520,39,Savings,2024-05-19,129577.75,Active
513728,107708,1,Premium,2023-11-25,647558.9,Active
513729,108590,27,Premium,2022-03-17,268164.06,Active
513730,106433,19,Savings,2026-01-11,50341.97,Active
513731,103205,31,Savings,2025-07-26,67891.72,Dormant
513732,103681,5,Savings,2020-05-11,47871.68,Active
513733,101148,28,Premium,2024-10-02,38180.2,Active
513734,108487,29,Savings,2020-11-02,13816.19,Active
513735,106800,22,Savings,2022-01-17,58106.43,Active
513736,106196,22,Savings,2020-11-23,66768.84,Active
513737,106242,9,Savings,2019-07-02,10862.28,Active
513738,100242,7,Savings,2024-03-17,31549.41,Active
513739,103682,11,Salary,2019-09-09,233707.14,Active
513740,104783,28,Current,2025-07-25,325925.24,Active
513741,101288,6,Salary,2024-01-30,7304.47,Active
513742,107744,16,Savings,2025-06-01,118649.15,Active
513743,101566,14,Savings,2019-07-16,40451.08,Active
513744,102636,38,Salary,2019-07-06,50184.13,Dormant
513745,100948,23,Salary,2018-09-21,33163.92,Active
513746,103013,21,Salary,2017-09-23,473516.64,Active
513747,104846,12,Savings,2021-03-30,74219.67,Active
513748,102361,11,Savings,2019-04-08,45098.52,Active
513749,100048,3,Savings,2022-04-08,41776.11,Active
513750,105314,34,Savings,2024-06-30,113762.26,Active
513751,100094,29,Current,2020-05-29,54390.43,Active
513752,103782,38,Savings,2024-12-17,195178.53,Active
513753,107221,7,Savings,2021-05-12,58359.85,Active
513754,102842,25,Premium,2025-05-25,53033.11,Active
513755,103606,22,Savings,2018-11-01,51892.23,Active
513756,107983,33,Savings,2020-06-17,23996.64,Active
513757,106106,18,Savings,2023-10-26,98925.88,Active
513758,101919,20,Premium,2019-11-28,211535.7,Active
513759,106487,6,Salary,2021-03-06,270472.61,Active
513760,103408,15,Savings,2018-12-13,28482.36,Active
513761,105757,35,Current,2024-06-06,88880.38,Active
513762,105430,12,Salary,2023-08-30,300109.83,Active
513763,101725,23,Current,2021-05-01,230694.5,Active
513764,107160,31,Savings,2024-12-08,121119.03,Active
513765,100837,17,Current,2017-03-18,276388.5,Active
513766,109459,23,Savings,2024-07-19,186753.67,Active
513767,108091,21,Savings,2020-11-29,73002.85,Active
513768,103602,21,Current,2025-11-03,228438.17,Active
513769,103116,23,Salary,2018-02-20,58305.66,Active
513770,108878,22,Current,2024-05-06,188719.63,Active
513771,101091,28,Savings,2023-09-29,95052.74,Active
513772,106542,9,Salary,2023-12-17,23176.82,Active
513773,103734,16,Savings,2021-07-31,39129.19,Active
513774,100472,29,Savings,2019-08-27,174213.6,Active
513775,108016,6,Savings,2025-09-05,95582.85,Active
513776,104449,17,Savings,2020-08-01,27648.22,Active
513777,100568,26,Savings,2023-09-05,125826.14,Active
513778,102143,7,Salary,2017-05-01,92988.44,Active
513779,109158,12,Current,2022-08-03,152375.05,Active
513780,105015,23,Savings,2025-12-06,222887.5,Active
513781,103249,25,Savings,2018-11-24,135157.62,Active
513782,101723,18,Savings,2020-01-02,17284.89,Dormant
513783,100680,17,Salary,2023-09-15,73644.01,Active
513784,102945,5,Savings,2018-10-06,127305.24,Active
513785,103598,35,Salary,2024-05-18,287800.93,Active
513786,102228,9,Salary,2021-11-26,78513.58,Active
513787,100787,11,Salary,2020-12-01,151189.8,Active
513788,106261,38,Current,2023-09-20,354917.96,Active
513789,100115,22,Savings,2023-07-16,19028.74,Active
513790,101602,16,Savings,2024-05-16,233573.14,Active
513791,103163,27,Savings,2017-08-24,111091.42,Active
513792,108310,5,Savings,2022-06-27,121199.37,Active
513793,108493,32,Savings,2021-08-11,37273.49,Active
513794,105322,21,Salary,2017-06-20,25288.87,Active
513795,102131,32,Savings,2025-08-03,14904.74,Active
513796,103500,29,Savings,2021-08-12,39935.08,Active
513797,109680,7,Savings,2021-01-06,14337.25,Active
513798,107735,21,Savings,2023-11-04,8258.76,Active
513799,101923,36,Current,2021-04-05,25459.67,Active
513800,103971,25,Savings,2022-12-18,33447.78,Dormant
513801,107927,23,Savings,2019-03-08,73951.76,Active
513802,101924,31,Salary,2023-05-24,335640.61,Active
513803,104890,30,Current,2020-08-23,270094.73,Dormant
513804,103416,8,Savings,2020-10-09,19262.46,Active
513805,106168,7,Current,2021-12-02,264819.96,Active
513806,101460,3,Salary,2025-09-18,72098.67,Active
513807,102498,21,Current,2021-07-10,99173.92,Active
513808,105942,27,Current,2017-12-24,126130.3,Active
513809,102287,1,Current,2017-10-14,13525.08,Dormant
513810,107461,9,Savings,2024-04-27,54662.63,Active
513811,104090,15,Premium,2023-02-16,86800.62,Active
513812,107392,36,Savings,2022-11-22,13154.38,Active
513813,100427,22,Salary,2018-06-15,84574.25,Closed
513814,109952,16,Savings,2017-06-23,92394.83,Active
513815,105507,9,Current,2018-05-18,1236814.03,Active
513816,102246,28,Savings,2024-04-12,8481.74,Active
513817,103308,19,Savings,2023-09-20,93931.13,Active
513818,103063,22,Salary,2023-03-28,59279.37,Active
513819,106823,23,Savings,2021-10-18,98367.83,Active
513820,105119,33,Current,2023-09-24,103695.71,Active
513821,106219,35,Current,2019-03-03,75272.69,Active
513822,107814,25,Savings,2021-08-12,38002.25,Active
513823,109302,37,Savings,2021-10-26,40657.28,Active
513824,109467,28,Current,2019-04-19,7199.91,Active
513825,105373,39,Savings,2025-08-11,134672.32,Active
513826,106861,22,Savings,2019-04-18,72486.76,Active
513827,104428,12,Savings,2019-07-15,186572.72,Active
513828,108253,8,Savings,2020-07-21,789961.37,Active
513829,104603,28,Savings,2020-09-26,441183.82,Active
513830,102285,2,Salary,2019-02-04,64535.25,Active
513831,100755,8,Current,2024-07-22,490699.29,Active
513832,102284,34,Savings,2020-09-17,55982.26,Active
513833,105390,12,Premium,2023-03-22,50635.14,Active
513834,104719,38,Savings,2021-10-10,194923.53,Dormant
513835,107298,6,Salary,2019-11-11,81330.05,Active
513836,102558,18,Salary,2023-07-08,175342.57,Active
513837,102747,14,Current,2023-04-20,112883.66,Active
513838,109320,22,Salary,2024-12-02,110505.06,Active
513839,100073,17,Salary,2025-03-09,23232.71,Active
513840,109371,3,Premium,2023-03-03,70010.41,Active
513841,108612,11,Salary,2023-04-22,180672.28,Active
513842,103425,13,Savings,2024-10-19,126245.43,Active
513843,103423,10,Savings,2022-06-28,102092.14,Active
513844,104276,32,Current,2021-06-16,739621.85,Active
513845,106550,1,Savings,2020-05-29,17342.58,Active
513846,102482,34,Savings,2021-08-13,32312.54,Dormant
513847,104356,15,Salary,2017-10-11,883968.31,Active
513848,104663,38,Current,2017-06-29,16749.42,Active
513849,107470,1,Savings,2023-11-10,161083.72,Active
513850,100727,4,Savings,2023-12-21,34068.33,Active
513851,105045,9,Savings,2023-06-02,523925.13,Active
513852,106034,20,Savings,2018-12-09,21642.82,Active
513853,107560,39,Salary,2024-04-20,160158.14,Active
513854,102433,27,Savings,2023-11-18,58695.05,Active
513855,109203,25,Salary,2018-08-25,32126.23,Dormant
513856,101042,3,Salary,2024-11-03,56720.05,Active
513857,106401,4,Savings,2024-10-27,40632.92,Active
513858,108315,8,Savings,2017-12-13,39966.71,Active
513859,108787,30,Salary,2025-06-23,89052.54,Active
513860,105676,17,Savings,2021-11-04,72843.73,Active
513861,109518,29,Current,2021-10-05,27985.01,Active
513862,109036,38,Savings,2022-02-13,174951.66,Active
513863,103114,18,Premium,2024-10-12,61879.13,Active
513864,104157,1,Savings,2023-01-19,28525.98,Active
513865,106524,27,Savings,2021-12-04,56711.55,Active
513866,109066,19,Current,2019-05-22,182197.55,Active
513867,103803,25,Salary,2022-04-22,9925.39,Dormant
513868,107298,38,Current,2017-07-16,80321.82,Dormant
513869,109445,6,Savings,2021-09-06,79615.45,Active
513870,102528,25,Savings,2022-06-19,11648.16,Active
513871,105968,38,Savings,2017-08-01,129229.16,Active
513872,101290,24,Savings,2022-05-26,107320.67,Active
513873,104828,36,Current,2018-10-20,52942.39,Active
513874,101287,19,Savings,2025-12-31,120041.66,Active
513875,103523,33,Savings,2019-12-29,18085.94,Active
513876,101319,32,Salary,2017-08-19,264033.45,Active
513877,108026,14,Savings,2024-06-20,205780.19,Active
513878,107618,11,Savings,2020-08-05,94887.01,Active
513879,105866,3,Savings,2018-09-29,25793.55,Active
513880,104164,34,Current,2019-08-30,185086.63,Active
513881,101889,22,Savings,2023-09-05,126830.1,Active
513882,104021,12,Current,2021-08-06,86703.46,Active
513883,106390,40,Salary,2024-12-05,160205.03,Active
513884,107233,37,Savings,2017-01-22,222894.42,Active
513885,106978,39,Salary,2021-02-24,419303.21,Active
513886,109758,12,Premium,2021-01-29,90227.6,Closed
513887,107798,21,Salary,2019-02-21,35471.07,Active
513888,105828,8,Salary,2020-04-06,27696.83,Active
513889,105878,9,Salary,2024-03-29,176625.85,Dormant
513890,109889,26,Savings,2018-11-11,141828.72,Dormant
513891,100587,9,Savings,2018-03-20,59824.65,Active
513892,106743,2,Savings,2025-04-01,148363.07,Active
513893,106951,22,Savings,2023-01-14,194143.75,Active
513894,100114,9,Current,2019-10-19,462725.79,Active
513895,105748,31,Savings,2017-08-23,23957.82,Active
513896,109214,2,Current,2024-10-10,77063.17,Active
513897,105247,14,Savings,2024-12-12,42901.83,Active
513898,105456,2,Savings,2017-06-09,118160.81,Active
513899,104179,28,Savings,2023-06-28,81129.03,Active
513900,104208,4,Premium,2022-06-24,84650.9,Active
513901,104750,5,Savings,2021-02-17,187003.12,Active
513902,103881,37,Premium,2022-03-15,96824.13,Active
513903,109442,15,Savings,2021-07-16,190739.97,Active
513904,108613,11,Savings,2017-02-20,79620.61,Dormant
513905,103976,23,Salary,2020-08-12,67213.65,Active
513906,108690,33,Savings,2020-10-23,80705.9,Active
513907,104768,21,Salary,2024-06-01,431264.67,Active
513908,109316,13,Premium,2022-02-05,56532.97,Active
513909,109114,28,Salary,2020-10-23,20896.82,Active
513910,108944,4,Savings,2018-12-23,111703.72,Active
513911,105079,34,Savings,2025-10-02,79551.96,Active
513912,109831,29,Current,2024-09-18,40161.51,Active
513913,105712,36,Savings,2023-06-20,128700.19,Active
513914,108551,33,Current,2023-05-28,21651.22,Dormant
513915,103994,2,Current,2024-06-29,49227.69,Active
513916,100191,24,Salary,2022-12-04,493351.52,Active
513917,100506,8,Savings,2025-01-17,130244.11,Active
513918,100005,2,Salary,2018-12-27,565771.9,Active
513919,108500,40,Premium,2023-08-16,107519.42,Active
513920,105147,29,Savings,2023-09-17,60753.58,Active
513921,108503,25,Savings,2019-12-28,36198.8,Active
513922,100773,26,Savings,2018-06-25,72737.13,Active
513923,100031,27,Premium,2021-07-12,133764.49,Active
513924,103057,5,Salary,2020-04-06,50386.86,Active
513925,107627,26,Salary,2025-06-01,27369.21,Active
513926,100742,16,Current,2020-11-04,82102.46,Active
513927,102429,10,Salary,2021-07-23,39199.12,Active
513928,108264,33,Current,2023-01-13,24527.11,Active
513929,109777,6,Savings,2024-05-10,41820.53,Active
513930,102288,21,Salary,2021-06-06,190039.71,Active
513931,109339,40,Savings,2024-12-13,31253.18,Active
513932,104431,2,Savings,2020-07-08,68739.81,Active
513933,100082,38,Salary,2020-07-23,50528.42,Active
513934,104586,11,Savings,2025-08-23,96411.96,Active
513935,102140,21,Savings,2021-06-19,92601.72,Active
513936,101680,32,Premium,2020-04-01,119516.6,Active
513937,104023,6,Premium,2017-07-25,320535.57,Active
513938,109232,27,Savings,2024-05-20,22554.45,Active
513939,101733,27,Premium,2017-02-28,44228.83,Active
513940,101414,13,Savings,2019-11-24,130716.33,Active
513941,104861,37,Current,2019-03-13,144448.04,Active
513942,109101,38,Savings,2020-12-29,68313.35,Active
513943,101371,17,Savings,2022-04-15,51615.22,Active
513944,109699,10,Savings,2019-03-20,176276.61,Dormant
513945,109143,16,Savings,2020-03-17,202145.92,Closed
513946,106042,10,Savings,2018-06-21,18831.52,Active
513947,103525,14,Current,2023-10-28,28355.41,Active
513948,103281,40,Current,2020-09-16,71239.52,Active
513949,105337,22,Savings,2024-09-08,47430.42,Active
513950,100004,22,Savings,2018-05-30,166430.77,Active
513951,109422,20,Premium,2019-10-23,58258.4,Active
513952,108050,6,Premium,2024-04-09,34936.64,Dormant
513953,101574,37,Salary,2018-07-02,76892.61,Active
513954,101031,9,Current,2025-08-17,82259.72,Closed
513955,100601,15,Savings,2022-10-18,469878.18,Active
513956,100915,25,Savings,2020-01-13,21817.16,Active
513957,106375,33,Current,2021-03-02,65288.19,Active
513958,102139,14,Current,2019-11-22,261378.41,Dormant
513959,102026,23,Savings,2024-04-17,47104.8,Closed
513960,100102,34,Savings,2018-10-17,59219.27,Active
513961,109337,14,Salary,2023-05-22,124930.34,Active
513962,109548,7,Current,2021-01-07,82691.55,Active
513963,109486,28,Savings,2021-03-09,349313.08,Active
513964,100625,12,Savings,2022-11-16,42408.67,Active
513965,108015,25,Savings,2017-04-07,104307.99,Active
513966,101517,13,Current,2024-07-05,274050.77,Dormant
513967,104258,40,Salary,2022-04-16,37694.42,Closed
513968,105831,19,Savings,2020-03-11,222573.44,Active
513969,106585,39,Salary,2019-12-19,257044.3,Active
513970,104228,25,Savings,2018-05-11,50646.74,Active
513971,104412,5,Current,2024-02-22,83304.9,Closed
513972,103383,9,Savings,2022-03-27,97620.84,Active
513973,103756,30,Current,2024-10-18,127719.65,Active
513974,101390,39,Savings,2021-07-23,255698.11,Active
513975,101939,23,Salary,2024-05-09,144981.94,Active
513976,105355,35,Current,2017-03-02,766267.36,Active
513977,102265,40,Savings,2022-03-26,98495.97,Active
513978,103435,4,Savings,2022-05-01,80440.58,Active
513979,105198,39,Savings,2020-02-27,557177.58,Dormant
513980,106221,8,Salary,2025-06-09,295971.42,Active
513981,101773,10,Savings,2024-08-04,81893.98,Active
513982,103982,29,Savings,2023-10-06,76125.85,Active
513983,101134,5,Salary,2019-09-18,67662.29,Active
513984,109659,28,Salary,2017-05-01,43090.57,Active
513985,102013,12,Premium,2025-03-22,55066.9,Active
513986,102276,22,Current,2024-10-19,60324.47,Active
513987,108916,30,Savings,2017-02-14,177969.09,Active
513988,104620,8,Current,2024-05-07,141150.55,Active
513989,106424,31,Salary,2017-08-11,15852.4,Active
513990,101003,33,Savings,2018-10-01,57550.0,Dormant
513991,106947,10,Current,2025-10-23,29493.15,Active
513992,103777,6,Savings,2024-02-02,119842.78,Active
513993,103047,30,Salary,2018-04-19,221265.78,Dormant
513994,106951,15,Salary,2022-04-09,63237.39,Active
513995,108225,35,Premium,2019-11-11,174229.92,Active
513996,105229,25,Savings,2019-06-04,499880.11,Active
513997,106447,37,Current,2020-05-18,75288.6,Active
513998,106487,21,Current,2024-12-18,43060.07,Active
513999,104349,16,Savings,2021-11-21,67295.76,Active
514000,101103,2,Savings,2022-06-08,136319.37,Active
