customer_id,loans,exposure,defaults,credit_score,risk_segment,annual_income,exposure_to_income
100001,1,462021.0,0,707,Medium,985857.3,0.4686489616702133
100002,2,1206806.8900000001,0,663,High,964200.81,1.251613644672213
100004,5,3039219.23,1,620,High,296497.64,10.250399396096373
100006,1,0.0,0,604,High,1190635.74,0.0
100007,2,151882.16,0,712,Medium,560512.88,0.27096997307180526
100008,3,3409014.09,0,774,Low,846467.14,4.027343684008809
100009,1,0.0,0,678,High,450544.31,0.0
100011,5,2527607.0700000003,0,655,High,868975.13,2.9087219906972486
100012,4,3188673.69,1,643,High,687336.54,4.639173831788428
100013,1,325818.41,0,754,Low,805710.26,0.4043865719173043
100015,3,3049463.8499999996,0,663,High,733372.54,4.158137486304027
100016,4,702818.1,0,708,Medium,1787500.22,0.39318490265696304
100017,1,127394.85,0,723,Medium,1378197.82,0.09243582318248043
100018,1,0.0,0,690,Medium,1935438.81,0.0
100019,3,2006784.63,0,678,High,1068384.47,1.8783356425987734
100020,3,2447563.38,0,587,Very High,1068744.15,2.2901303179063017
100021,1,60069.08,0,627,High,1241182.22,0.04839666491516451
100022,1,260425.29,0,729,Medium,1301913.01,0.20003278867303123
100023,1,433485.31,0,640,High,826490.61,0.5244890925016075
100024,2,373254.56,0,619,High,640348.37,0.5828929649653047
100025,4,2547244.19,0,691,Medium,230226.65,11.064071817923772
100026,2,2690914.33,0,694,Medium,1391582.14,1.9337085843887019
100027,3,202125.75,0,850,Low,2059823.64,0.09812769699060256
100028,2,927753.02,0,742,Medium,655350.62,1.4156590253931551
100030,2,473823.72000000003,0,702,Medium,910086.12,0.5206361349627
100031,3,198996.78,0,786,Low,2371589.72,0.08390860287588023
100032,2,410122.88,0,714,Medium,1444042.61,0.28401023429634115
100033,1,881099.95,0,674,High,407212.98,2.163732477289894
100034,2,1063741.56,0,780,Low,815647.75,1.3041678347056067
100035,2,1527430.75,0,718,Medium,285395.58,5.351977595448394
100036,1,0.0,0,681,Medium,420304.32,0.0
100037,2,712938.3200000001,0,724,Medium,1957135.48,0.36427642709742303
100038,2,0.0,0,743,Medium,392291.9,0.0
100039,1,0.0,0,613,High,1121025.63,0.0
100040,3,2233584.42,1,644,High,510638.28,4.374102975593604
100041,3,281861.58,0,763,Low,523899.98,0.5380064721514211
100042,4,253408.29,0,586,Very High,1824367.32,0.13890201124628784
100043,3,2162220.73,0,668,High,1194752.58,1.809764436750578
100045,1,208118.64,0,781,Low,700166.55,0.2972416205829884
100046,2,733014.51,0,747,Medium,1557755.89,0.47055800893168187
100047,2,260598.65999999997,0,674,High,1812410.68,0.14378565679164945
100049,1,399375.77,0,725,Medium,578591.32,0.6902553774916638
100050,1,425141.94,0,729,Medium,850767.99,0.4997154864747556
100051,1,172215.52,0,685,Medium,998960.46,0.1723947312188913
100053,2,59814.46,0,696,Medium,1556664.36,0.03842476357588093
100055,5,3144431.61,1,642,High,930878.08,3.3779199205120394
100056,1,0.0,0,641,High,559155.76,0.0
100057,2,392439.84,0,681,Medium,1550661.85,0.25307892884576993
100058,1,0.0,0,719,Medium,697810.49,0.0
100059,2,414101.3,0,718,Medium,471047.83,0.8791066928383896
100060,5,1874898.5299999998,2,638,High,239830.47,7.8175993650848445
100061,3,2544470.88,0,677,High,908062.18,2.802088817309845
100062,3,2995377.94,0,700,Medium,400217.11,7.484382514280811
100063,3,325066.49,0,696,Medium,1032254.59,0.3149092221522599
100064,3,392942.71,0,736,Medium,1050414.85,0.37408335382920377
100065,2,95541.0,0,751,Low,632894.05,0.15095891642526896
100066,2,385946.63,0,660,High,1227119.64,0.3145142636621805
100067,2,373899.85,0,725,Medium,551316.17,0.6781949638807074
100068,2,2551021.96,0,736,Medium,906533.59,2.8140401945834133
100069,5,3413513.2199999997,0,689,Medium,1563613.22,2.183093092548808
100070,2,630445.25,0,786,Low,864454.83,0.7292980825846043
100071,3,5912648.68,0,670,High,1064949.01,5.55204861874091
100073,4,542258.29,0,721,Medium,1079809.04,0.5021798020879692
100075,1,1934968.03,0,718,Medium,721403.77,2.6822261131238614
100077,4,3654331.88,1,619,High,832544.83,4.389351477925819
100078,1,862190.44,0,683,Medium,397057.85,2.171447913698218
100080,2,2004788.98,0,629,High,302356.16,6.630554442813403
100081,3,756456.83,0,668,High,995802.48,0.759645456998661
100083,1,143498.02,0,629,High,481277.4,0.29816072809568867
100084,1,0.0,0,714,Medium,763362.05,0.0
100085,2,0.0,0,567,Very High,423160.22,0.0
100087,5,2812830.4899999998,0,709,Medium,2319367.84,1.212757390824217
100088,3,1523263.64,0,709,Medium,289514.05,5.261449798377661
100089,1,81877.62,0,717,Medium,1035941.29,0.07903693075116254
100092,1,165481.23,0,719,Medium,1187692.41,0.139330039163928
100093,4,1054978.48,0,734,Medium,1175324.94,0.8976057974231365
100094,3,2115580.12,0,743,Medium,576264.33,3.6711974173379778
100096,1,460710.66,0,688,Medium,453383.05,1.0161620731079382
100097,3,816397.78,1,649,High,438471.96,1.8619155943289964
100098,2,305133.47,0,699,Medium,424444.07,0.7189014797638709
100099,3,935543.47,0,694,Medium,427442.19,2.1887017516918488
100100,4,1131429.52,0,742,Medium,876113.85,1.2914183698842336
100102,1,0.0,0,765,Low,1301188.26,0.0
100103,1,70872.27,0,679,High,996288.5,0.07113629234905351
100104,4,2286420.73,0,798,Low,2314360.8,0.9879275219317576
100106,2,280892.31,0,629,High,552342.12,0.5085476914199482
100107,3,565949.5,0,711,Medium,754988.45,0.7496134543515203
100108,1,86142.0,0,798,Low,717822.23,0.12000464237503483
100109,2,150771.88,0,691,Medium,413533.38,0.36459421969757316
100110,2,1534988.54,0,754,Low,701062.23,2.189518240056949
100111,2,874210.5499999999,0,718,Medium,413244.26,2.1154814104374973
100112,1,0.0,0,711,Medium,629272.62,0.0
100113,1,0.0,0,677,High,890134.22,0.0
100114,1,227393.07,1,583,Very High,395808.09,0.5745033407477851
100115,2,87417.83,0,721,Medium,180000.0,0.48565461111111113
100116,2,784549.17,0,778,Low,626801.0,1.2516718543844059
100117,1,0.0,0,707,Medium,712485.06,0.0
100119,1,271156.75,0,723,Medium,902522.78,0.30044310903709265
100121,3,623834.94,0,644,High,874321.86,0.7135071974524347
100122,1,0.0,0,694,Medium,664172.02,0.0
100124,1,52184.33,0,677,High,551875.41,0.09455817210627304
100125,2,1433800.41,0,615,High,975992.35,1.4690693118649956
100126,3,933587.51,0,687,Medium,2329099.99,0.4008361659045818
100127,2,0.0,0,730,Medium,933033.89,0.0
100128,4,870863.25,0,774,Low,1003501.42,0.8678246314788473
100129,1,329354.68,0,803,Low,684498.46,0.48116204673418844
100130,1,128662.46,0,764,Low,959729.47,0.1340611745516161
100133,3,2479266.58,0,636,High,975269.99,2.5421335685721242
100134,2,1192059.55,0,788,Low,938697.34,1.2699083071866382
100135,1,117603.2,0,685,Medium,354059.61,0.33215649760219756
100136,1,0.0,0,733,Medium,847923.41,0.0
100137,1,326400.52,0,725,Medium,957351.1,0.34094129102687615
100138,1,3848803.82,0,718,Medium,346445.39,11.109409826466445
100139,1,1179395.92,0,781,Low,1210608.97,0.9742170669691964
100140,3,336794.83999999997,0,707,Medium,801689.26,0.42010646369392546
100141,2,225137.06,0,718,Medium,751235.75,0.2996889591582935
100142,1,717336.32,0,672,High,1657956.07,0.43266304396111044
100143,2,1365333.05,0,734,Medium,623167.68,2.190956132384786
100144,1,1479898.04,0,580,Very High,613777.31,2.411131881040047
100145,1,224967.33,0,726,Medium,569565.97,0.3949802864802474
100146,3,1864224.8699999999,0,647,High,1088595.88,1.7125040653286323
100147,2,412848.82,0,670,High,467551.68,0.8830014684152135
100148,2,0.0,0,834,Low,796621.35,0.0
100149,2,322507.12,0,691,Medium,957832.54,0.33670511966528094
100150,2,3866847.32,0,725,Medium,415920.36,9.297085913274358
100151,1,294938.16,0,649,High,312322.52,0.9443384357938709
100152,3,1822280.5499999998,0,691,Medium,857599.38,2.1248622521159004
100153,2,61140.99,0,735,Medium,320883.89,0.19053929444697268
100154,1,364819.31,0,767,Low,522823.01,0.6977874022797887
100155,1,70201.6,0,732,Medium,1051347.29,0.06677298801997197
100156,1,98683.08,0,746,Medium,1536149.12,0.06424056018728182
100157,1,0.0,0,762,Low,783300.97,0.0
100158,2,1925633.19,0,658,High,751283.37,2.5631250030198327
100159,2,484637.32,1,584,Very High,655848.85,0.7389466643114493
100160,1,201844.65,0,703,Medium,1523426.79,0.1324938299135464
100161,3,3000378.2399999998,0,670,High,249441.16,12.028400765936142
100162,1,2508810.91,0,710,Medium,1321708.74,1.8981571613122572
100163,5,5476959.57,0,781,Low,750552.89,7.297233336880496
100164,3,159350.91,0,645,High,327354.64,0.4867837217764807
100167,3,4194001.1399999997,0,624,High,745624.36,5.624817756758913
100168,4,3339299.1999999997,0,755,Low,1741586.22,1.9173895392902223
100169,2,0.0,0,781,Low,450554.93,0.0
100170,1,0.0,0,664,High,708928.74,0.0
100171,1,0.0,0,673,High,1221446.01,0.0
100173,3,1344405.6400000001,0,728,Medium,456952.69,2.942111228188634
100174,3,512576.17,0,634,High,404459.08,1.267312802076294
100175,3,201251.47,0,701,Medium,485017.03,0.41493691468936666
100176,3,2013389.22,0,670,High,1893241.32,1.063461482025968
100177,4,1456251.38,0,614,High,682466.01,2.1338079240019585
100178,3,1238823.56,0,742,Medium,530811.31,2.3338303775026947
100179,1,0.0,0,675,High,1161829.4,0.0
100180,2,2531522.96,0,784,Low,1039534.49,2.4352467227903136
100181,3,1004585.81,0,789,Low,539267.11,1.862872389899692
100182,1,26845.59,0,703,Medium,1161868.15,0.023105539126793348
100183,2,341176.80000000005,0,675,High,823375.05,0.41436378233710147
100184,3,0.0,0,636,High,521283.44,0.0
100185,1,282111.1,0,686,Medium,1135346.87,0.24848009665979873
100186,1,231674.88,0,744,Medium,391925.89,0.591119101624034
100187,2,146125.64,0,618,High,922324.96,0.15843183946794634
100188,2,63627.05,0,753,Low,850561.5,0.07480593701925141
100189,1,290871.13,1,640,High,266981.5,1.0894804696205542
100190,1,141270.76,0,849,Low,1076975.16,0.13117364749619667
100191,3,175988.81,1,827,Low,425070.42,0.4140227165183595
100192,4,493321.32,0,628,High,1021802.28,0.4827952820774681
100193,1,653224.54,0,677,High,567457.19,1.1511432959374435
100194,1,188386.83,0,720,Medium,608651.36,0.30951517137824186
100195,1,0.0,0,722,Medium,1183332.39,0.0
100198,1,175017.78,0,670,High,1690263.49,0.10354467278944776
100199,4,1964077.5999999999,0,622,High,1029289.24,1.9081882173372373
100200,1,0.0,0,714,Medium,1098984.71,0.0
100201,3,592836.07,0,769,Low,316622.9,1.8723726868776702
100202,2,595061.32,0,688,Medium,761648.69,0.7812805665036987
100204,1,211084.24,0,610,High,465246.24,0.45370434374708757
100205,1,0.0,0,663,High,1389272.58,0.0
100206,2,94967.49,0,783,Low,2695265.76,0.03523492614694887
100207,1,506939.46,0,780,Low,603465.53,0.8400470860365463
100208,1,54032.43,0,660,High,1273725.72,0.042420773288616646
100212,2,932719.46,0,718,Medium,352454.5,2.6463542386322203
100213,1,123719.65,0,639,High,617441.98,0.20037453559604093
100214,2,558317.08,0,772,Low,531945.66,1.049575402119081
100216,3,1203572.6700000002,0,711,Medium,297315.43,4.048133896044346
100218,1,1480195.87,0,582,Very High,682907.61,2.167490665391765
100219,2,1355507.31,0,647,High,2264000.52,0.5987221725549781
100220,1,0.0,0,713,Medium,1190383.31,0.0
100223,3,437294.92,0,655,High,809997.84,0.539871711262835
100224,3,1157252.92,0,612,High,1120372.87,1.0329176571367706
100226,1,2172821.38,0,661,High,1015041.3,2.140623617974953
100227,2,235016.16,0,623,High,583785.07,0.402573090812343
100229,1,1653918.78,0,682,Medium,343127.88,4.82012356442735
100230,3,2606399.36,0,686,Medium,878831.95,2.96575398743753
100231,3,555265.19,0,717,Medium,282232.32,1.9674046898668442
100232,1,0.0,0,762,Low,833726.01,0.0
100234,1,0.0,0,700,Medium,1281355.39,0.0
100235,1,245647.05,0,617,High,1071366.18,0.22928393166190855
100236,2,539618.67,0,770,Low,567614.06,0.950678829203068
100237,2,3990592.54,0,741,Medium,284910.35,14.006484987295128
100238,2,150639.72999999998,0,661,High,1444238.55,0.10430391156640983
100239,3,0.0,0,707,Medium,311420.6,0.0
100241,2,330401.12,0,735,Medium,527604.18,0.6262291553489966
100242,1,2789116.47,0,623,High,315823.23,8.831258137661376
100243,1,1402321.94,0,604,High,2768627.0,0.5065044659320306
100244,3,488414.46,0,804,Low,854338.57,0.5716872410430914
100245,4,3895002.04,0,735,Medium,214523.26,18.1565488050107
100246,2,1035344.42,0,626,High,1046842.05,0.9890168435629807
100247,2,1444291.13,0,648,High,791361.91,1.8250703145416738
100248,1,401312.1,0,620,High,666584.49,0.602042360751598
100249,1,253453.05,0,678,High,797367.71,0.31786219434443863
100250,2,111578.32,0,717,Medium,546058.0,0.2043341916060199
100251,2,2221753.95,0,760,Low,549479.74,4.043377377298752
100252,1,207014.81,0,657,High,392745.98,0.5270959361570041
100253,4,834210.05,0,649,High,1191827.39,0.6999420025075948
100254,2,994534.82,0,793,Low,367835.4,2.703749611918809
100255,7,2827728.52,0,744,Medium,1676340.8,1.6868458490063596
100256,3,3631246.73,0,612,High,1380383.45,2.6306072635107296
100258,1,982290.67,0,697,Medium,587817.5,1.6710810242975074
100259,1,0.0,0,699,Medium,975004.93,0.0
100260,1,156880.03,0,699,Medium,871891.79,0.17993061960131543
100261,1,111115.91,0,584,Very High,649769.42,0.17100821703797633
100262,2,105978.12,0,785,Low,1203951.74,0.08802522267213135
100263,1,272844.99,0,731,Medium,942100.69,0.2896134063971442
100265,2,1883381.26,0,678,High,405453.02,4.645128207455453
100266,1,0.0,0,661,High,973982.8,0.0
100267,1,296930.97,0,640,High,1075631.42,0.2760527114390169
100268,3,526936.52,0,679,High,1089268.21,0.48375277563640645
100269,3,37044.23,0,599,Very High,417637.23,0.0886995395501498
100270,5,1181353.35,0,674,High,1639639.53,0.7204957726287559
100271,3,612363.75,0,729,Medium,317796.61,1.9269046010276825
100272,1,0.0,0,614,High,544678.95,0.0
100273,3,1499025.04,0,733,Medium,1351933.01,1.1088012711517414
100274,3,211437.95,0,723,Medium,579208.85,0.3650461314601806
100275,1,0.0,0,666,High,180000.0,0.0
100276,4,783084.03,0,762,Low,260667.52,3.0041488483106757
100277,3,307897.77,0,605,High,1122045.35,0.27440759858770414
100279,3,3065022.19,0,679,High,226076.13,13.557478138005989
100280,3,1100006.74,0,713,Medium,773634.52,1.4218687397765033
100281,2,0.0,0,684,Medium,387064.01,0.0
100282,4,822060.32,0,726,Medium,500776.52,1.6415712142414343
100284,3,234049.12,0,786,Low,845200.13,0.27691562233905476
100285,2,2827593.67,0,684,Medium,486767.24,5.808923521640446
100286,1,666083.74,0,712,Medium,1012321.01,0.657976801252006
100288,3,232110.76,0,761,Low,346345.85,0.6701704668902486
100289,1,231882.14,0,736,Medium,1993254.02,0.11633346160265114
100290,2,1111456.13,0,732,Medium,521603.72,2.130843947968776
100291,1,562775.74,0,619,High,360201.04,1.5623934345109054
100292,1,0.0,0,736,Medium,571729.34,0.0
100293,1,53004.14,0,716,Medium,434214.81,0.12206893634051773
100294,1,3824613.42,0,736,Medium,434062.66,8.811201175424765
100297,4,1646639.65,0,753,Low,681975.76,2.414513457193845
100298,1,265318.29,0,685,Medium,252727.35,1.0498202509542398
100299,1,146996.08,1,649,High,229125.25,0.6415533861937956
100300,2,215429.42,0,694,Medium,1149938.03,0.18734002561859792
100304,1,0.0,0,710,Medium,1238002.08,0.0
100305,3,1693790.7599999998,0,730,Medium,1147074.54,1.4766178665250471
100306,2,443960.43999999994,0,671,High,2524156.24,0.1758846908779307
100307,5,1700281.74,0,656,High,896342.22,1.896911360484615
100308,1,79171.18,0,681,Medium,711832.25,0.11122168179370912
100310,1,177213.37,0,733,Medium,848471.7,0.20886185125561643
100311,2,407376.19,0,771,Low,446258.67,0.9128700849666406
100313,1,562582.03,0,726,Medium,771631.64,0.7290810807084064
100314,2,0.0,0,644,High,269267.85,0.0
100315,1,0.0,0,730,Medium,2266705.12,0.0
100316,2,550308.8400000001,0,690,Medium,270183.63,2.036795641542014
100317,6,316767.72,0,733,Medium,788406.03,0.4017824673410983
100318,3,966305.35,0,743,Medium,590673.24,1.6359389330046508
100319,2,3546867.98,0,694,Medium,754666.51,4.6999143767490095
100320,6,3845880.02,0,639,High,484612.33,7.935992920361725
100321,4,897540.03,0,640,High,979329.52,0.9164841982910921
100322,4,2684196.15,0,650,High,713703.34,3.7609409954561794
100323,3,292332.07,0,727,Medium,1259537.28,0.2320948134222752
100324,1,54931.73,0,695,Medium,424093.15,0.1295275106424143
100325,2,139801.47,0,759,Low,858982.83,0.16275234511963413
100327,3,3857599.38,0,734,Medium,411713.29,9.369625595520612
100328,3,242607.04,0,590,Very High,555282.74,0.4369072231562609
100332,1,172619.95,0,806,Low,571806.81,0.30188508947628656
100333,1,380465.65,0,703,Medium,1592252.17,0.2389481120945811
100335,3,3229977.87,1,577,Very High,996510.58,3.241288085471205
100336,4,571176.93,0,698,Medium,865656.45,0.6598194121929087
100337,3,1542587.47,0,781,Low,1193014.41,1.293016628357406
100338,2,3617653.94,0,661,High,680666.14,5.314872780361896
100339,2,0.0,0,634,High,836084.06,0.0
100340,1,542243.3,0,786,Low,1779891.89,0.3046495705983581
100341,1,1816285.68,0,678,High,1388170.05,1.3084028718239527
100342,1,97104.73,0,680,Medium,1801139.6,0.053912939341292584
100343,1,613388.8,0,743,Medium,645184.3,0.9507187326164013
100344,1,0.0,0,761,Low,1083312.38,0.0
100345,1,0.0,0,636,High,460341.27,0.0
100347,2,717778.71,0,680,Medium,880048.0,0.8156131370107085
100348,2,231059.67,0,761,Low,339451.22,0.6806859318402215
100349,3,0.0,0,684,Medium,269459.12,0.0
100350,2,101266.1,0,699,Medium,546102.42,0.18543426341161426
100352,4,2397472.4699999997,0,703,Medium,698348.52,3.433060143093021
100353,3,475460.49,0,674,High,609851.75,0.7796329025865713
100354,1,216915.28,0,654,High,1009989.45,0.21476984734840548
100355,2,3282941.59,0,630,High,261371.98,12.560419024258069
100356,4,1699715.31,0,772,Low,588627.69,2.887589793813472
100357,2,260596.13999999998,0,650,High,1034182.15,0.2519828252692236
100358,1,0.0,0,799,Low,642929.75,0.0
100359,1,0.0,0,746,Medium,795508.05,0.0
100360,1,592789.32,0,742,Medium,509842.26,1.1626916136767476
100362,3,2041917.9900000002,0,783,Low,1243588.25,1.6419566444118463
100363,1,2959504.56,0,744,Medium,844703.58,3.503601298813011
100364,2,1650944.61,0,688,Medium,292587.27,5.642571565058179
100365,2,760230.74,0,737,Medium,2124411.48,0.3578547504365774
100366,3,1297684.96,0,713,Medium,1010580.92,1.2840980215616973
100367,3,1287083.81,1,610,High,465976.24,2.7621232576150234
100368,1,0.0,0,697,Medium,1156540.72,0.0
100369,1,294842.05,0,694,Medium,297841.8,0.9899283780852788
100370,2,479933.34,0,778,Low,1190151.22,0.40325408396422097
100371,4,862572.04,1,648,High,1399032.2,0.6165490972974033
100373,2,3705495.58,0,775,Low,1504988.77,2.4621416809641707
100374,1,353696.95,0,704,Medium,1295906.8,0.272933940928468
100375,2,884171.4400000001,0,739,Medium,971146.09,0.9104412292902297
100376,3,1027413.24,0,670,High,1327606.09,0.773884096901062
100377,2,0.0,0,645,High,457809.0,0.0
100378,2,2104914.9299999997,0,678,High,538310.29,3.9102260705438114
100379,2,411028.51,0,662,High,1866144.98,0.22025540052091774
100380,1,187382.1,0,780,Low,1578552.67,0.11870500336235218
100381,1,0.0,0,762,Low,752198.9,0.0
100382,2,3496990.97,1,736,Medium,666739.21,5.244915729494895
100384,3,67519.97,0,595,Very High,419268.07,0.16104248053041578
100386,1,289245.53,0,706,Medium,594466.68,0.48656306523353
100387,3,567389.71,0,674,High,1652196.96,0.3434152971689283
100388,3,2850601.3600000003,0,724,Medium,282787.35,10.08037085110066
100390,1,55917.9,0,696,Medium,425155.71,0.13152334235379315
100391,6,2396203.34,1,652,High,931084.08,2.573562787154518
100392,1,113106.55,0,722,Medium,680723.38,0.16615640555786404
100393,3,421522.92000000004,0,637,High,719783.38,0.5856246916954376
100394,1,0.0,0,709,Medium,412713.73,0.0
100395,6,1943663.42,0,690,Medium,455970.94,4.262691433800584
100398,2,72182.61,0,690,Medium,579199.7,0.12462473651143122
100400,4,1782026.6400000001,0,611,High,511893.87,3.481242391122988
100401,5,1455692.67,0,745,Medium,1966536.91,0.7402315525316023
100404,1,137306.55,0,668,High,727075.7,0.18884766744370635
100405,3,170693.86,0,737,Medium,1373719.19,0.1242567340127206
100406,2,1089088.5,0,753,Low,650203.56,1.6749962119555295
100407,1,1182392.09,0,715,Medium,261520.42,4.521222816941025
100408,1,1694092.74,0,700,Medium,559187.84,3.029559333765198
100410,2,784790.79,1,608,High,2161474.76,0.3630811724121174
100411,1,0.0,0,694,Medium,983748.71,0.0
100412,3,1475720.5799999998,1,731,Medium,1370469.33,1.0767994202394882
100413,1,141430.83,0,753,Low,1155724.62,0.12237416037740892
100414,4,2348429.08,0,696,Medium,1783852.02,1.3164932144988126
100415,1,192299.59,0,850,Low,487457.27,0.39449527545255403
100417,3,402408.21,0,670,High,362442.35,1.1102681847195839
100418,3,588462.78,0,699,Medium,1404617.41,0.41894880115433003
100419,2,1497332.92,0,723,Medium,478385.11,3.129973924146594
100420,1,817396.48,0,753,Low,385427.81,2.1207511725736654
100421,2,405164.22,0,756,Low,346020.44,1.170925682887404
100422,2,1804773.95,0,729,Medium,387826.78,4.653556801827867
100423,2,417244.99,0,786,Low,2185504.54,0.19091472122954273
100424,1,794106.08,0,664,High,372392.86,2.1324417444523505
100425,1,145701.29,0,682,Medium,356859.24,0.408287844809623
100426,1,247039.01,0,602,High,180000.0,1.3724389444444445
100428,1,541919.3,0,764,Low,1118103.44,0.4846772495396312
100429,4,4597418.93,1,644,High,232660.42,19.76021073975539
100430,2,367708.95,0,716,Medium,738768.69,0.4977321792021262
100432,4,2028150.49,0,656,High,893344.68,2.2702888766293428
100433,2,165086.43,0,714,Medium,673495.24,0.2451189261560334
100434,3,976291.5599999999,0,776,Low,847392.29,1.152112866167333
100435,1,263704.64,0,633,High,492019.92,0.5359633406712476
100436,1,175021.3,0,808,Low,1094774.74,0.15986969154951455
100437,3,74660.5,0,740,Medium,646359.02,0.11550933411589119
100438,2,401084.54000000004,0,668,High,1290853.94,0.31071256597783636
100440,2,760957.52,0,740,Medium,555845.16,1.3690098875737264
100441,2,654381.48,0,719,Medium,381398.26,1.7157432233697132
100443,2,1617093.04,0,726,Medium,610721.17,2.647841796609081
100444,2,1010998.81,0,695,Medium,456290.31,2.215692044829968
100445,2,343405.15,0,764,Low,630421.72,0.5447229038999482
100446,2,0.0,0,723,Medium,863629.45,0.0
100447,4,416586.51,0,769,Low,1145913.64,0.3635409296637747
100448,2,8715413.129999999,0,639,High,580299.37,15.018822319245322
100449,2,0.0,0,708,Medium,455831.1,0.0
100450,1,688687.6,0,637,High,2047732.47,0.3363171752606921
100451,2,111852.53,0,671,High,428917.3,0.260778779498985
100452,3,319597.57,0,628,High,806385.84,0.3963333111107209
100453,1,0.0,0,741,Medium,878383.36,0.0
100454,5,899771.75,1,737,Medium,830564.45,1.0833256227135655
100455,2,438916.42,0,660,High,941207.36,0.4663333911881012
100456,3,2883865.3600000003,0,638,High,561434.17,5.136604635232658
100457,3,1504420.19,0,687,Medium,3974056.08,0.3785603825701423
100458,3,257788.08999999997,0,797,Low,704451.29,0.36594168207144595
100459,2,1884016.73,0,657,High,536754.79,3.510013818414177
100460,1,1736413.4,0,730,Medium,1013069.46,1.7140121862917475
100461,1,161731.18,0,634,High,452746.91,0.35722205149892683
100463,2,1198441.3699999999,0,660,High,329030.79,3.642338062039726
100464,3,595481.52,0,625,High,616190.04,0.9663926408158107
100465,2,735224.5800000001,0,628,High,1342484.47,0.5476596537463112
100466,1,17662.16,0,760,Low,633754.76,0.027869076675652898
100467,3,2898472.05,0,702,Medium,554730.92,5.225005395408641
100468,2,1916134.5,0,766,Low,363494.59,5.27142508503359
100469,2,222451.16,0,714,Medium,272001.33,0.8178311481050479
100470,3,1435764.91,0,733,Medium,367296.19,3.9090111716105738
100472,3,652445.72,0,714,Medium,469229.5,1.3904618528886183
100473,2,1220094.5899999999,0,710,Medium,1211803.45,1.0068419841518028
100475,1,109445.37,0,718,Medium,411320.59,0.26608288683044046
100476,1,273580.81,0,654,High,631374.98,0.43330955243110836
100477,2,929043.63,0,752,Low,402413.7,2.308677935169702
100480,2,2008789.8499999999,0,696,Medium,956513.92,2.100115647036271
100481,1,0.0,0,850,Low,1282886.22,0.0
100483,2,785426.45,0,762,Low,518829.81,1.5138421788061869
100484,1,0.0,0,715,Medium,1237228.44,0.0
100485,2,2305948.34,0,596,Very High,735830.37,3.1338042489330795
100486,1,743297.61,0,640,High,980897.98,0.7577725973092533
100487,1,0.0,0,687,Medium,334463.63,0.0
100488,3,669716.26,0,745,Medium,945062.22,0.7086477967556465
100489,2,2801679.0,0,643,High,562080.46,4.984480335786802
100491,1,0.0,0,618,High,322184.2,0.0
100492,3,4548317.279999999,0,684,Medium,441119.67,10.310846668886924
100493,2,1358944.04,0,698,Medium,948082.36,1.433360747266725
100494,2,250025.38,0,642,High,484176.66,0.5163928802350779
100495,2,0.0,0,721,Medium,571455.28,0.0
100496,1,858664.47,0,791,Low,1108083.51,0.7749095282538768
100497,1,296981.66,0,707,Medium,246590.07,1.2043536870726383
100498,2,0.0,0,767,Low,808519.23,0.0
100499,1,0.0,0,720,Medium,921925.87,0.0
100500,5,431248.6,0,705,Medium,621776.12,0.6935753660015119
100501,2,0.0,0,805,Low,641506.14,0.0
100504,7,2831029.7199999997,0,705,Medium,1146867.42,2.4684890952783363
100505,1,0.0,0,595,Very High,1586721.54,0.0
100506,2,1723322.1500000001,0,627,High,1015170.28,1.6975695446876164
100507,1,458076.58,0,672,High,757626.12,0.6046208913705351
100508,2,484201.64,0,714,Medium,1122342.07,0.4314207343221127
100510,1,1333983.27,0,772,Low,655981.63,2.0335680284217714
100511,2,735655.76,0,730,Medium,959408.04,0.7667808996055526
100513,3,1660465.72,0,682,Medium,766824.71,2.1653784735236297
100514,2,1386106.15,0,693,Medium,321461.67,4.311886235145857
100515,2,359757.89,0,751,Low,359756.32,1.0000043640650984
100516,1,425209.8,0,722,Medium,689078.28,0.6170703856751949
100517,4,2811902.8600000003,1,731,Medium,493536.88,5.697452356549323
100519,2,1444787.0299999998,0,690,Medium,375869.9,3.8438487093539537
100522,2,2999134.76,0,696,Medium,783068.97,3.8299752319390206
100523,2,319167.91000000003,1,697,Medium,555140.15,0.5749321320030627
100524,1,705281.88,0,668,High,592836.26,1.1896739919383474
100525,2,715422.11,0,703,Medium,1672487.22,0.4277593882002877
100526,5,3056209.24,0,657,High,1069434.39,2.857780962140184
100527,3,1800280.17,0,765,Low,1204765.69,1.4942990034850676
100528,2,1133738.67,0,757,Low,461364.95,2.4573576081147905
100529,3,1898907.6500000001,0,739,Medium,1061048.97,1.7896512825416533
100530,1,56363.01,0,685,Medium,368766.12,0.15284215914412094
100531,3,270575.99,0,664,High,713653.64,0.37914189017518357
100532,2,323020.31,0,778,Low,771611.86,0.4186305664093862
100533,3,2024294.0099999998,0,805,Low,659845.23,3.067831542860437
100536,3,2506850.17,1,662,High,1049464.98,2.388693494088769
100538,2,560160.9099999999,0,593,Very High,715505.43,0.7828884121815818
100539,1,0.0,0,632,High,418194.97,0.0
100540,1,0.0,0,690,Medium,660108.41,0.0
100541,1,531297.5,0,704,Medium,691721.06,0.7680805612597655
100542,1,325841.72,0,702,Medium,875279.36,0.37227168249460374
100543,1,225218.09,0,712,Medium,1608277.82,0.14003680657611756
100544,1,642968.86,1,679,High,3586690.26,0.1792652315619805
100545,2,677442.68,0,612,High,577858.45,1.1723332591225413
100546,2,5127280.2700000005,0,749,Medium,299872.19,17.098218644416477
100548,1,320442.06,0,721,Medium,372617.66,0.8599755041132512
100549,2,2495285.79,0,764,Low,723642.93,3.4482279679012406
100550,1,0.0,0,723,Medium,358141.73,0.0
100551,1,0.0,0,596,Very High,721210.73,0.0
100552,4,1189996.09,0,681,Medium,384314.88,3.0964090955832884
100553,1,0.0,0,739,Medium,610293.0,0.0
100554,2,1307284.78,0,697,Medium,1189911.19,1.0986406304826835
100555,4,979732.76,0,654,High,180000.0,5.442959777777777
100556,3,0.0,0,686,Medium,561327.18,0.0
100558,2,1000196.08,0,685,Medium,625839.34,1.5981674785736544
100559,3,581345.05,0,690,Medium,2438086.92,0.238443119164923
100560,2,1683058.92,0,690,Medium,629422.67,2.673972515162188
100561,1,1388450.25,0,571,Very High,786326.97,1.7657416100073486
100562,4,844614.77,0,625,High,498680.61,1.6936988386213774
100563,1,957823.2,0,721,Medium,599189.53,1.5985312693965128
100564,2,0.0,0,722,Medium,411236.45,0.0
100565,3,1608745.27,0,633,High,572777.37,2.8086746339157918
100568,1,0.0,0,641,High,207102.07,0.0
100569,2,5259768.63,0,735,Medium,894843.2,5.877866233994961
100570,1,662765.47,0,642,High,311965.25,2.124484922599552
100571,1,767986.09,0,576,Very High,362795.92,2.11685426341068
100573,1,122713.86,0,621,High,1158191.2,0.10595302399120284
100574,1,151869.85,0,721,Medium,1372822.89,0.11062595991533913
100575,1,558439.43,0,683,Medium,799049.34,0.698879783819107
100576,2,41647.34,0,771,Low,729420.32,0.057096489990846426
100577,1,0.0,0,677,High,723186.58,0.0
100579,2,192717.97,0,645,High,481926.07,0.3998911492793905
100580,1,44859.1,0,793,Low,853291.12,0.05257185847662402
100581,1,0.0,0,718,Medium,1148772.5,0.0
100584,4,525404.6799999999,0,749,Medium,862069.32,0.6094691781862739
100585,3,573763.13,0,725,Medium,629646.23,0.9112468282387715
100586,2,520078.42,0,709,Medium,1934549.27,0.2688369989149979
100590,6,2461249.85,0,691,Medium,789003.39,3.1194414132998847
100591,1,122414.4,0,690,Medium,549313.38,0.22284984210652214
100592,1,146182.18,0,720,Medium,1027337.57,0.14229225550468286
100593,2,0.0,0,713,Medium,710482.01,0.0
100596,2,0.0,0,747,Medium,1379250.82,0.0
100598,2,187255.05,0,730,Medium,390857.23,0.4790881059050641
100600,4,3869107.1900000004,0,780,Low,1513427.45,2.556519765780646
100601,1,0.0,0,655,High,1013323.17,0.0
100602,1,414756.09,0,740,Medium,525839.0,0.7887511006220536
100603,1,195061.4,0,688,Medium,634414.56,0.3074667769289532
100604,2,1192192.71,0,666,High,420331.01,2.8363187146244573
100606,2,112706.8,0,693,Medium,2246230.77,0.05017596655930415
100607,2,0.0,0,669,High,514496.97,0.0
100610,2,169214.46,0,658,High,461546.01,0.366625333842665
100612,3,747314.6599999999,0,721,Medium,926539.69,0.8065651888048099
100613,3,544197.17,0,644,High,1029709.77,0.528495684759794
100615,1,0.0,0,748,Medium,753657.58,0.0
100618,2,74553.96,0,663,High,2192175.37,0.03400912218076787
100619,3,2410083.74,0,732,Medium,1474688.29,1.6343004527417793
100620,3,1873666.0099999998,0,653,High,762953.72,2.455805589361305
100621,2,41216.01,0,665,High,987839.69,0.04172337922563124
100622,4,594237.31,0,753,Low,485548.54,1.2238473830031495
100623,1,1668350.19,0,674,High,1387933.33,1.202039142615013
100625,3,281782.89,0,742,Medium,606242.52,0.46480225438492834
100626,3,213839.52,0,674,High,1163160.06,0.18384358898980763
100627,1,1658228.56,0,722,Medium,698095.82,2.375359531589804
100630,2,428187.19,0,717,Medium,202784.44,2.1115386861043186
100632,3,998873.8500000001,0,706,Medium,329461.69,3.0318361142383505
100633,5,1713997.9300000002,1,602,High,1025256.85,1.6717741802944308
100634,4,1189850.8599999999,0,708,Medium,468638.45,2.538952704371568
100635,1,0.0,0,673,High,717278.56,0.0
100636,2,197259.69,0,689,Medium,997826.94,0.19768928066824895
100638,1,1342890.13,0,579,Very High,540269.88,2.485591330762322
100639,1,133180.29,0,667,High,318933.52,0.41758009631599713
100640,1,0.0,0,674,High,697346.97,0.0
100641,1,0.0,0,679,High,1115796.73,0.0
100642,2,171521.11,1,640,High,1517155.56,0.11305439898331848
100644,2,0.0,0,769,Low,716798.01,0.0
100646,2,525405.66,0,774,Low,917775.35,0.5724774150885618
100647,1,386454.19,0,709,Medium,1119029.13,0.3453477480072391
100648,2,1559610.34,0,720,Medium,1003178.09,1.554669460534171
100649,5,1887764.04,0,718,Medium,441736.38,4.27350819509138
100651,2,0.0,0,722,Medium,358075.26,0.0
100656,4,139575.77000000002,0,642,High,1903871.34,0.07331155581132914
100657,3,1221141.81,0,717,Medium,439955.36,2.7756038930858806
100658,4,1973814.6600000001,0,759,Low,330842.36,5.9660276271756745
100659,2,403955.12,0,649,High,430801.26,0.9376832370453141
100664,1,858717.66,1,598,Very High,871186.94,0.9856870214330808
100665,2,90538.75,1,707,Medium,1485683.06,0.06094082408128151
100666,2,876766.46,0,789,Low,1997485.38,0.43893510750001086
100667,1,298166.75,0,735,Medium,633576.69,0.47060877507977766
100668,1,214360.68,0,709,Medium,180000.0,1.1908926666666666
100669,2,491755.80000000005,0,717,Medium,1850594.35,0.26572857525475535
100670,5,1426843.1300000001,1,741,Medium,576892.94,2.4733239585147295
100671,1,516550.39,0,727,Medium,969966.33,0.532544660596621
100672,1,92853.54,0,713,Medium,1755161.7,0.05290312567782216
100673,1,204410.51,0,718,Medium,615391.89,0.33216315216633746
100674,1,2472114.0,0,693,Medium,1019065.5,2.4258636957094515
100675,5,1098607.77,0,705,Medium,591352.18,1.857789329532868
100677,5,1710071.72,1,801,Low,1194451.18,1.4316798782851887
100678,2,1118206.63,0,613,High,284895.75,3.924967746974112
100679,3,232969.56,0,674,High,422386.91,0.5515548765467188
100680,1,1303041.87,0,654,High,732750.75,1.778288005846463
100681,1,957626.06,0,723,Medium,1294157.38,0.7399610548139054
100682,1,603800.41,0,648,High,532997.5,1.1328391033729053
100683,3,4485313.0200000005,0,771,Low,1220725.11,3.6743022513889305
100684,7,3862692.94,0,730,Medium,586811.78,6.582507494992687
100685,1,1851066.2,0,639,High,447337.66,4.137961914496535
100686,2,0.0,0,629,High,507829.49,0.0
100687,1,0.0,0,659,High,867831.81,0.0
100691,3,697071.3999999999,0,650,High,180000.0,3.8726188888888884
100692,1,409657.52,0,717,Medium,419206.26,0.9772218573262719
100694,2,1448215.54,0,694,Medium,705210.93,2.053592022460571
100695,3,2445067.8899999997,0,603,High,420821.21,5.810229693508081
100696,1,193492.68,0,709,Medium,536574.39,0.3606073707692236
100698,3,567628.8,0,711,Medium,1809045.3,0.3137725738542866
100699,2,0.0,0,653,High,1111345.14,0.0
100700,3,1794339.4,0,717,Medium,469871.45,3.8187878833668227
100701,3,2499863.4099999997,0,605,High,1031399.2,2.423759306774719
100703,2,1031317.38,0,753,Low,744110.47,1.3859734832114377
100704,2,245644.16,0,703,Medium,723341.45,0.339596410519541
100705,3,256425.26,0,691,Medium,2110236.23,0.12151495474987652
100706,3,1202045.4,0,741,Medium,543416.32,2.212015642077146
100707,1,397825.35,0,592,Very High,363746.88,1.0936873190499943
100708,2,222718.53999999998,0,766,Low,428452.3,0.5198210862679462
100709,3,1298564.29,0,697,Medium,400829.99,3.239688452453371
100710,2,319187.8,0,688,Medium,628499.24,0.5078570978065144
100711,2,309813.56,0,670,High,526374.07,0.5885805887056709
100713,1,529012.96,0,709,Medium,390306.99,1.3553765972779528
100714,2,1185124.95,0,728,Medium,1030904.88,1.1495967988821625
100715,3,811476.8,0,680,Medium,956059.82,0.8487719942042958
100716,3,1682636.2,1,639,High,334651.64,5.028023170602122
100717,2,578803.46,0,675,High,888530.97,0.6514161909291692
100718,2,296240.88,0,743,Medium,1483858.85,0.19964222338263507
100719,1,99937.6,0,640,High,912668.82,0.10950039906041713
100720,4,2077547.51,1,753,Low,875448.88,2.3731225859812626
100721,1,159435.11,0,765,Low,1390586.86,0.1146531112770618
100722,2,3611608.51,0,729,Medium,1943720.15,1.8580907904875092
100723,1,160322.33,0,720,Medium,443904.42,0.36116407671723566
100725,3,258730.0,0,761,Low,275337.1,0.9396844813139966
100726,1,0.0,0,734,Medium,520729.66,0.0
100727,1,2740784.45,0,638,High,598763.77,4.577405292908755
100729,1,0.0,0,710,Medium,1035555.72,0.0
100730,4,323738.98,0,715,Medium,929411.11,0.3483269960050295
100731,1,0.0,0,723,Medium,516750.07,0.0
100732,2,157446.52,0,683,Medium,650798.16,0.24192834226820797
100733,2,4330345.640000001,0,655,High,947332.04,4.5710959380197895
100735,4,1047137.3,0,760,Low,489243.38,2.140319813831717
100736,1,0.0,0,690,Medium,701801.42,0.0
100737,4,1127049.78,0,755,Low,728564.71,1.546945335850813
100738,2,121434.18,0,654,High,752285.07,0.1614204306885952
100739,2,138547.05,0,642,High,430498.9,0.3218290453239253
100740,3,2548736.58,0,701,Medium,501789.82,5.079291126312606
100741,1,0.0,0,744,Medium,421339.11,0.0
100742,1,0.0,0,662,High,1224237.65,0.0
100743,2,155459.59999999998,0,702,Medium,1482434.05,0.10486780170760376
100744,1,78836.88,0,705,Medium,527873.3,0.14934811061669534
100746,3,382113.37,0,759,Low,652660.1,0.5854707067277439
100747,2,3417333.6,1,692,Medium,1330577.89,2.568307819995416
100748,3,687478.49,0,689,Medium,1048281.65,0.6558146753785111
100749,2,936198.13,0,689,Medium,1166655.08,0.8024635096090268
100750,2,105018.27,0,671,High,716572.8,0.14655631639939445
100751,1,446873.24,0,700,Medium,448067.73,0.9973341307127831
100753,5,3763087.71,0,607,High,1357658.71,2.7717479233054085
100756,1,51555.12,0,661,High,455878.77,0.11308953913339724
100761,1,109023.85,0,635,High,779993.23,0.13977537984528404
100763,3,1556194.3499999999,0,740,Medium,924207.77,1.6838143981412317
100765,2,0.0,0,755,Low,930486.32,0.0
100766,2,164239.26,0,612,High,1208826.17,0.13586673094610455
100767,1,0.0,0,659,High,902156.79,0.0
100768,4,1154382.9100000001,1,707,Medium,1339831.39,0.8615881958102207
100769,2,3702305.06,0,778,Low,711012.98,5.207085052090048
100770,1,634392.92,0,631,High,980450.55,0.6470422399171483
100771,4,1607029.6,0,645,High,1004701.24,1.5995099199837757
100772,2,0.0,0,760,Low,1211903.31,0.0
100773,2,1237029.82,0,675,High,578878.48,2.136942143712097
100774,2,163782.45,0,720,Medium,883781.97,0.18531997207410786
100775,2,881646.17,0,718,Medium,457827.2,1.9257181967344885
100777,2,635290.4199999999,0,707,Medium,2022793.94,0.3140658113697928
100778,1,0.0,0,727,Medium,424780.94,0.0
100779,3,2688486.1399999997,0,713,Medium,259233.28,10.370914336307436
100780,2,109442.82,0,811,Low,1836088.71,0.05960649907814095
100781,6,853529.46,0,792,Low,886367.44,0.962952181546741
100782,2,58756.95,0,762,Low,891856.47,0.0658816210639813
100783,2,384497.87,0,634,High,519327.86,0.7403759736671937
100784,3,2860298.44,0,654,High,1293831.25,2.210719860105404
100785,2,1548481.3900000001,0,672,High,696777.95,2.222345569345299
100786,1,1006360.64,0,799,Low,554221.62,1.8158090620860299
100787,2,2601795.99,0,704,Medium,532110.1,4.889582043265107
100788,3,214298.05,0,754,Low,653369.5,0.3279890628503473
100789,2,592515.73,1,631,High,1408622.95,0.42063472698638055
100791,2,2332245.87,1,603,High,1431817.91,1.6288704406554044
100792,3,3580995.52,0,763,Low,854077.66,4.192821903338392
100793,2,4406738.72,0,670,High,1522359.69,2.8946764348443828
100794,3,386399.93,0,685,Medium,1270612.56,0.30410523409275914
100795,1,232698.08,1,665,High,1111670.52,0.20932288462592313
100796,2,1812532.68,0,640,High,892040.3,2.0318955096535434
100797,2,99445.5,0,726,Medium,895902.76,0.11100032775878489
100798,1,109636.66,0,611,High,508170.43,0.21574781515721017
100800,1,2666091.58,0,730,Medium,1229853.45,2.1678124169997655
100801,1,0.0,0,781,Low,1168880.95,0.0
100803,2,0.0,0,736,Medium,436139.57,0.0
100805,2,2317083.96,0,743,Medium,555883.81,4.168288261534366
100806,1,295767.39,0,577,Very High,571868.96,0.517194341165151
100808,1,182977.4,0,665,High,321334.64,0.569429427216437
100809,3,492062.99,0,737,Medium,435693.24,1.1293794459606488
100810,3,1702730.06,0,711,Medium,963367.26,1.7674776076571255
100812,2,0.0,0,720,Medium,806727.99,0.0
100813,2,178456.77000000002,0,718,Medium,1290907.72,0.1382413066675285
100814,2,2785570.16,0,690,Medium,529540.32,5.260355169933048
100815,1,0.0,0,836,Low,1832992.17,0.0
100816,2,183095.87,0,693,Medium,384899.92,0.47569734490981447
100817,1,97223.19,0,695,Medium,1392298.12,0.06982929058325525
100818,1,231943.96,0,782,Low,982181.32,0.23615187468643775
100819,3,2011115.3599999999,0,645,High,676548.16,2.9726122675435254
100820,4,979177.0700000001,1,689,Medium,894472.03,1.094698366364793
100822,5,2998236.25,0,725,Medium,850882.69,3.5236775706413774
100823,2,197836.89,0,694,Medium,604952.04,0.3270290484515103
100824,3,1240028.01,0,607,High,1079768.76,1.1484199728097337
100825,6,1229230.22,0,737,Medium,282278.56,4.354670861293894
100826,2,60821.01,0,699,Medium,1256358.36,0.048410558592534056
100827,3,507669.45,0,597,Very High,598036.23,0.8488941380691936
100828,1,0.0,0,612,High,470968.38,0.0
100830,3,1162436.4700000002,0,685,Medium,857830.19,1.3550892514053396
100831,1,223417.84,0,728,Medium,525502.95,0.4251504963007344
100832,2,79721.62,0,672,High,626152.94,0.12731972479439288
100833,2,1017914.75,0,679,High,2127141.21,0.4785365189742152
100835,1,43554.32,0,713,Medium,2516639.94,0.017306536111002038
100837,3,362826.52,0,747,Medium,483836.24,0.74989529515193
100838,1,1819321.84,0,699,Medium,656760.89,2.770143392673702
100839,1,504357.1,0,850,Low,756941.59,0.6663091401808163
100840,1,0.0,0,581,Very High,359808.5,0.0
100841,3,206826.49,0,724,Medium,269860.41,0.7664202763198945
100842,2,2528291.73,0,735,Medium,1033815.91,2.4455918172124087
100843,1,0.0,0,721,Medium,698316.27,0.0
100844,4,883368.6,0,689,Medium,470485.84,1.877566814763224
100846,2,298111.79000000004,0,732,Medium,1454115.94,0.20501239399108714
100847,2,1807491.31,0,709,Medium,799743.66,2.2600883263019553
100848,1,1295223.43,0,696,Medium,564129.14,2.29596973132783
100849,1,314978.03,0,701,Medium,1393688.21,0.22600322492503544
100852,3,2717303.59,0,725,Medium,2123383.45,1.2797046101117533
100853,2,1240507.35,0,685,Medium,871291.98,1.4237561902038856
100854,1,0.0,0,596,Very High,670299.74,0.0
100855,3,120200.67,0,711,Medium,407439.17,0.29501500800720754
100856,3,261798.03,0,698,Medium,490879.96,0.5333239311704637
100857,2,683785.03,0,740,Medium,1655013.6,0.4131597649711156
100858,1,846609.09,0,735,Medium,1353201.19,0.6256343079331759
100859,3,2015077.2,0,772,Low,1401573.7,1.4377247518271783
100860,5,4504816.63,0,666,High,978012.77,4.606091830477837
100861,2,500340.99,1,834,Low,826789.22,0.6051614823908807
100862,2,590009.82,0,770,Low,525419.51,1.1229309318947824
100863,1,95829.17,0,785,Low,1153387.11,0.08308500170424134
100864,2,425455.45999999996,0,809,Low,1916661.9,0.22197731378705862
100865,2,2407475.1100000003,0,724,Medium,952077.3,2.5286550892453796
100866,3,9601067.379999999,0,707,Medium,686014.82,13.995422693638018
100867,1,52052.84,0,789,Low,1590409.41,0.03272920775789424
100868,5,2761076.8499999996,0,707,Medium,774423.3,3.5653328741529333
100869,1,0.0,0,633,High,3330487.37,0.0
100870,3,897091.46,0,729,Medium,824428.43,1.0881374627024931
100872,2,1038326.4299999999,0,767,Low,180000.0,5.7684801666666665
100873,4,487178.26,0,738,Medium,214825.38,2.267787260518287
100874,3,3417091.8,0,742,Medium,454249.11,7.522506318174184
100875,3,493665.12,0,804,Low,722729.31,0.6830567311570634
100876,1,211274.27,0,709,Medium,954042.24,0.22145169379502525
100877,3,226935.78999999998,1,669,High,549821.82,0.41274424139805876
100879,2,774451.09,0,750,Low,233210.62,3.3208225680288486
100880,1,0.0,0,711,Medium,1821591.29,0.0
100882,3,651500.42,0,741,Medium,1104988.53,0.5895992603651732
100883,1,400881.64,0,690,Medium,1346860.97,0.2976414410464356
100884,1,219503.03,0,727,Medium,359619.91,0.6103750762854037
100886,1,0.0,0,741,Medium,481106.72,0.0
100887,4,1695245.5100000002,0,696,Medium,1149617.16,1.4746174369909373
100888,2,365715.69,0,634,High,601558.65,0.6079468560546839
100889,3,441315.88,0,642,High,558243.46,0.7905437530786299
100890,4,172043.24,0,790,Low,986867.35,0.17433269020400766
100891,3,761254.53,1,626,High,413199.38,1.8423418979960715
100892,3,826346.6699999999,1,812,Low,458620.74,1.801808330778935
100893,1,0.0,0,624,High,415683.07,0.0
100894,1,0.0,0,681,Medium,369052.48,0.0
100895,4,4155797.52,0,697,Medium,1298844.83,3.199610472330247
100896,2,396355.72,1,685,Medium,825599.45,0.4800823450160971
100897,1,0.0,0,661,High,812651.85,0.0
100898,1,0.0,0,809,Low,589830.76,0.0
100899,2,146572.71,0,727,Medium,1152893.71,0.1271346254460873
100901,4,2368254.03,0,792,Low,1662895.02,1.4241753096356016
100902,3,3258288.2,0,662,High,565123.25,5.765624047497604
100903,2,1418214.67,0,655,High,526986.73,2.6911771952967394
100904,3,939072.9199999999,1,643,High,617159.07,1.5216059613285762
100905,1,0.0,0,730,Medium,1822398.12,0.0
100907,1,659015.14,0,701,Medium,491659.13,1.3403903228645424
100908,1,457161.0,0,755,Low,608159.87,0.7517118812854259
100909,5,1350088.07,0,747,Medium,682452.47,1.9782887883752551
100910,1,0.0,0,746,Medium,694833.13,0.0
100912,1,991342.43,0,756,Low,489889.4,2.0236045727872454
100913,2,1751301.93,0,711,Medium,1295574.8,1.3517567106121544
100915,1,1705518.13,0,749,Medium,737717.02,2.3118866499786055
100917,1,253826.47,0,762,Low,560151.02,0.45313935159843144
100918,2,0.0,0,672,High,469127.09,0.0
100919,2,45639.3,0,712,Medium,547726.43,0.08332499127347205
100920,1,156083.27,0,726,Medium,550247.49,0.2836601217390378
100921,3,865743.82,0,695,Medium,1397354.28,0.6195592859958177
100922,2,526263.16,0,693,Medium,701065.47,0.7506619317593834
100924,4,1777517.75,1,652,High,781259.38,2.275195403093912
100925,2,504755.99,0,631,High,267906.33,1.8840763859517615
100926,2,641274.35,0,640,High,657974.88,0.9746182863394419
100927,1,98294.22,0,769,Low,619978.05,0.1585446775091473
100928,2,1705546.53,0,796,Low,1015075.12,1.68021705625097
100929,1,177144.5,0,686,Medium,352692.53,0.5022632602964401
100930,4,5105299.85,0,755,Low,590281.84,8.648919048568391
100931,2,874806.61,0,599,Very High,307728.88,2.8427835892425826
100933,4,163405.51,0,735,Medium,659091.27,0.24792546561874504
100934,4,1014080.72,0,689,Medium,1764958.02,0.574563648828316
100935,1,1156584.27,0,685,Medium,2070644.36,0.5585624901805929
100936,3,1495090.79,0,788,Low,446709.21,3.3468994068870885
100937,1,424694.91,0,602,High,811503.62,0.5233432107179017
100938,2,397151.84,0,635,High,1119139.44,0.35487252598299995
100939,1,0.0,0,696,Medium,945648.67,0.0
100940,1,153714.93,0,630,High,1425781.08,0.10781103225187978
100941,3,720467.23,0,690,Medium,350795.93,2.0538072662359568
100942,1,245704.66,0,704,Medium,1972454.94,0.12456794577015788
100943,3,793913.44,0,803,Low,693469.93,1.144841911169818
100944,2,516302.18999999994,0,697,Medium,839486.03,0.6150217770747178
100946,2,2241445.37,0,749,Medium,839818.35,2.668964508813126
100947,1,2018197.99,0,695,Medium,1482696.76,1.3611670602153336
100948,1,795100.95,0,744,Medium,1677095.37,0.47409405822878153
100949,3,1413047.8900000001,0,714,Medium,805164.41,1.7549805635348439
100950,1,437002.68,0,704,Medium,1136575.46,0.3844906874902965
100951,2,0.0,0,713,Medium,1108990.91,0.0
100952,1,989648.75,0,670,High,235574.36,4.201003666103561
100954,1,152448.45,0,639,High,595375.2,0.25605441744970237
100955,3,2597401.6799999997,0,822,Low,961264.27,2.702068266825313
100956,6,219277.03000000003,0,669,High,1281299.87,0.17113638667582165
100957,3,3903433.3099999996,0,692,Medium,941508.63,4.1459347111879365
100958,4,5400209.48,0,758,Low,845974.8,6.383416480018081
100959,1,326350.39,0,720,Medium,1243580.8,0.26242797412118296
100960,3,909945.41,0,620,High,1779949.83,0.5112196954450114
100961,1,102416.37,0,735,Medium,318283.88,0.3217768050332929
100962,2,425062.05,2,544,Very High,1897838.15,0.2239717069656335
100963,2,55210.2,0,663,High,699755.97,0.07889921968082673
100964,2,509495.6,0,604,High,746938.77,0.6821116006603861
100965,1,461039.66,0,679,High,430101.45,1.0719323545642545
100966,1,0.0,0,695,Medium,582902.82,0.0
100968,2,0.0,0,702,Medium,525428.47,0.0
100971,1,4546828.07,0,665,High,1056879.91,4.302123663226791
100972,2,1931176.03,0,704,Medium,1033373.27,1.8688078026248927
100973,1,30564.75,0,721,Medium,1636756.03,0.018673980385457936
100974,1,202746.4,0,664,High,558980.37,0.36270754910409464
100975,1,1043148.68,0,682,Medium,678850.08,1.5366407263294424
100976,3,145940.08000000002,0,642,High,549069.0,0.2657955193245294
100978,5,2495052.46,0,677,High,1597623.43,1.5617275092166119
100981,2,0.0,0,678,High,695429.1,0.0
100982,1,0.0,0,685,Medium,602231.9,0.0
100983,1,845019.3,0,724,Medium,654278.93,1.291527605817904
100984,1,599628.84,0,682,Medium,580512.77,1.0329296287487353
100985,1,1105084.14,0,699,Medium,428800.75,2.577150669629192
100986,2,184501.61,0,710,Medium,600283.61,0.30735740061268707
100987,3,33874.52,0,697,Medium,262060.36,0.12926228140723
100988,1,2567911.87,0,761,Low,209660.1,12.247975985893358
100989,3,1991669.61,0,624,High,625152.37,3.185894680364085
100990,4,3845221.2600000002,1,624,High,431794.07,8.90522016664101
100991,2,1867628.82,0,718,Medium,1001108.16,1.865561479390998
100992,3,274001.13,0,656,High,692901.98,0.39543995818860267
100993,4,1341096.53,1,785,Low,1947620.96,0.6885818942922036
100994,1,165566.28,0,802,Low,529624.03,0.31261096668895477
100995,1,70650.87,0,701,Medium,2342955.95,0.030154587413391186
100996,1,151309.92,0,785,Low,380351.93,0.3978155704376208
100999,2,225680.85,0,613,High,926588.35,0.24356107002640387
101000,2,105335.2,0,675,High,1084777.35,0.09710305990441263
101001,3,331459.59,0,702,Medium,581712.92,0.5697992576819507
101002,1,0.0,0,666,High,807364.85,0.0
101003,3,1466193.0599999998,0,591,Very High,1429007.34,1.0260220636795327
101004,4,208936.35,0,637,High,1244266.13,0.16791934214266527
101005,2,159465.04,0,694,Medium,1604869.19,0.09936326336977035
101006,2,214381.76,0,683,Medium,1061933.57,0.20187869190348695
101007,2,1426532.11,0,803,Low,635195.01,2.245817563963546
101008,3,198647.77,0,823,Low,1857133.23,0.10696473833490125
101010,3,1309817.68,0,763,Low,708143.77,1.849649372753784
101011,1,865187.12,0,700,Medium,573949.21,1.507428017890294
101012,1,359375.01,0,708,Medium,662798.31,0.5422086999588155
101013,1,1261648.67,0,624,High,610396.15,2.0669341869210673
101014,4,2228154.9499999997,0,633,High,609288.08,3.656981029400739
101016,2,128883.65,0,667,High,1060830.23,0.12149319123381316
101017,3,308959.4,0,677,High,658378.21,0.46927342871812244
101018,2,1069952.12,0,698,Medium,1333123.59,0.8025903434804571
101019,1,42131.66,0,744,Medium,346982.75,0.12142292376206022
101020,3,3433655.25,0,689,Medium,554908.49,6.187786476289091
101021,2,301474.5,0,765,Low,808366.28,0.37294294363688696
101023,1,2130386.88,0,689,Medium,504658.41,4.221443332332458
101024,1,360285.07,0,779,Low,884687.61,0.40724552477907994
101025,4,4164493.61,0,684,Medium,394383.59,10.559500231741385
101026,1,1220253.79,0,788,Low,314017.19,3.885945829908229
101028,1,0.0,0,738,Medium,764245.27,0.0
101029,1,59256.18,0,651,High,335853.24,0.17643474274656396
101030,2,1423365.08,0,681,Medium,314576.7,4.524699636050604
101033,3,2135117.9,0,710,Medium,1525478.65,1.3996380086997613
101036,1,96299.1,0,739,Medium,1026972.34,0.09376990620798999
101037,1,404157.62,0,749,Medium,2209723.65,0.1828996218599552
101038,1,2114485.84,1,662,High,1344359.34,1.572857625997525
101040,2,2870726.2399999998,0,764,Low,770397.11,3.726294144587328
101041,2,1080114.4300000002,0,757,Low,1473169.41,0.7331909165830427
101042,2,1658808.55,0,746,Medium,528844.53,3.136665798547637
101043,3,1300358.8699999999,1,768,Low,899452.7,1.4457223487127226
101044,3,1682867.8900000001,0,731,Medium,360998.83,4.661699014370767
101045,2,1579822.7600000002,0,730,Medium,1033149.46,1.5291328323396698
101046,2,318556.86,0,710,Medium,704130.05,0.4524119656589006
101047,2,1466886.12,0,609,High,821678.03,1.7852322521024446
101048,3,1176348.55,0,670,High,490835.31,2.3966257643526094
101049,2,539263.84,0,837,Low,618193.43,0.8723221791600081
101050,2,1050451.9,0,649,High,1192194.69,0.8811076821689249
101052,4,437770.65,0,711,Medium,1197320.2,0.365625377405309
101053,2,768559.73,0,718,Medium,596587.78,1.2882592566679794
101056,1,574813.57,0,713,Medium,588417.33,0.9768807625023552
101057,4,4630284.65,0,670,High,547390.01,8.458840251761263
101058,2,0.0,0,689,Medium,547987.63,0.0
101059,4,1646073.3199999998,0,671,High,780978.19,2.107707156329167
101061,3,869766.83,0,695,Medium,611422.88,1.4225290849436318
101062,3,2188292.52,0,689,Medium,1030047.43,2.1244580164624067
101063,4,4597642.51,0,681,Medium,1242773.8,3.699500673412973
101064,1,1356008.02,0,791,Low,1427737.94,0.9497597437243981
101066,5,3977992.95,0,646,High,569265.6,6.987938406958018
101067,4,608749.04,0,660,High,1883657.77,0.32317390647877614
101068,2,779635.24,0,730,Medium,595220.17,1.3098266478436038
101070,1,0.0,0,667,High,428742.04,0.0
101071,2,323803.8,0,768,Low,586394.44,0.5521945262646079
101072,4,1257640.87,0,757,Low,537361.14,2.340401596587353
101073,1,343672.24,0,687,Medium,870210.75,0.39492989485593
101074,3,9515504.54,0,669,High,539540.97,17.636296535553175
101075,2,868881.17,0,684,Medium,501857.78,1.7313294814319706
101076,3,611172.89,0,699,Medium,574957.61,1.062987739217853
101077,1,196388.2,0,780,Low,403296.27,0.4869576403471324
101078,3,1129435.6800000002,0,763,Low,423937.14,2.664158370271593
101079,1,0.0,0,793,Low,1563840.5,0.0
101080,2,135269.0,0,702,Medium,673122.68,0.20095742428408442
101081,1,153312.43,0,775,Low,1055178.54,0.14529525022372042
101082,4,1313273.3,0,680,Medium,813375.66,1.6145962617076592
101083,1,870551.55,0,697,Medium,1479687.85,0.5883345936779841
101085,4,485072.23,0,625,High,267836.45,1.811076237009563
101086,1,0.0,0,691,Medium,1366336.95,0.0
101087,4,1147849.6,0,659,High,706700.35,1.6242380522381235
101088,1,406813.67,1,657,High,1235524.39,0.3292639734938782
101091,2,1935550.5499999998,0,630,High,638068.99,3.0334502700092036
101092,1,1417074.24,0,620,High,840294.77,1.6864013565144527
101093,1,76601.05,0,779,Low,1576913.27,0.04857657770867766
101094,3,1643334.06,0,764,Low,497808.07,3.301139854964585
101096,4,2382409.88,0,614,High,1141281.43,2.087486764767565
101097,4,1914752.7999999998,0,697,Medium,526449.27,3.637107902153611
101098,2,185157.07,0,724,Medium,312140.42,0.5931851760819699
101099,2,256352.52000000002,0,665,High,922507.7,0.2778865910821124
101100,1,257739.36,0,668,High,203262.12,1.2680147191222841
101101,2,0.0,0,718,Medium,604458.92,0.0
101102,3,569928.6100000001,0,630,High,670206.83,0.850377203705907
101103,4,4923402.390000001,0,601,High,565466.06,8.706804418995546
101104,2,500631.32,0,660,High,851366.33,0.588032791947504
101105,1,1155043.89,0,716,Medium,384749.19,3.0020697119596274
101106,3,505281.26,0,617,High,952403.79,0.5305326010934921
101107,4,3357321.87,0,674,High,1701763.67,1.9728484801887916
101108,1,291988.18,0,617,High,523646.64,0.5576053729667777
101109,1,313855.94,0,689,Medium,366425.94,0.8565330827833859
101110,2,1343714.4300000002,0,787,Low,348545.17,3.855208867189295
101111,3,1830971.6,0,707,Medium,1093153.75,1.674944261042877
101112,3,874449.8600000001,0,721,Medium,576645.31,1.5164432014542875
101113,1,0.0,0,619,High,572122.96,0.0
101114,4,2433857.92,1,669,High,1067196.34,2.2806093206803912
101115,1,254690.03,0,698,Medium,1571044.46,0.16211510016718433
101116,4,900269.54,0,739,Medium,583023.5,1.5441393700253936
101117,2,112440.16,0,676,High,800474.27,0.14046692593879376
101118,1,0.0,0,713,Medium,1247613.7,0.0
101119,4,373979.76,2,635,High,684103.65,0.546671195220198
101120,1,2659932.9,0,615,High,561937.16,4.733505967108493
101122,5,1470775.65,0,607,High,888696.3,1.6549811786096102
101123,3,1891712.53,0,752,Low,575424.57,3.2875073964950787
101124,3,257476.24,0,747,Medium,617287.8,0.4171089077088515
101125,2,5346533.56,0,692,Medium,1597239.93,3.3473578136754947
101126,1,0.0,0,669,High,1062450.64,0.0
101127,2,460887.01,0,665,High,1231353.06,0.37429314546065284
101128,1,0.0,0,817,Low,1248168.39,0.0
101130,1,558770.87,0,693,Medium,1005058.66,0.5559584651506808
101131,2,236192.65,0,656,High,863656.16,0.27347995757941446
101132,2,7109247.81,0,666,High,1263910.44,5.624803455219501
101133,6,1981944.07,0,683,Medium,198031.36,10.008233392933322
101134,1,137388.49,0,668,High,455954.61,0.30132054153372856
101136,3,4220962.779999999,0,586,Very High,1014558.74,4.160392704319909
101137,2,0.0,0,683,Medium,413112.28,0.0
101138,2,352418.35,0,675,High,1357246.17,0.25965691249657386
101139,1,0.0,0,564,Very High,955191.91,0.0
101140,4,1242692.5999999999,0,710,Medium,513527.5,2.4199144154889463
101141,1,1935922.07,0,670,High,848204.27,2.2823771802044805
101142,1,0.0,0,777,Low,976125.85,0.0
101143,3,3031887.6300000004,0,670,High,1474609.33,2.0560616078565026
101144,1,1156029.37,0,696,Medium,414406.42,2.7896029458230887
101146,1,103262.46,0,691,Medium,319787.92,0.32290919556936365
101147,2,1095898.04,0,779,Low,457570.49,2.395036533059639
101148,2,300453.69,0,747,Medium,354174.09,0.8483220497580723
101149,3,1160018.63,0,646,High,448789.64,2.5847714087161187
101150,1,307574.41,0,776,Low,969710.85,0.31718157015568094
101151,5,4089796.4299999997,0,737,Medium,746618.96,5.477755922512335
101152,4,453895.06,0,730,Medium,875865.73,0.5182244771695771
101153,6,1919445.92,0,700,Medium,662152.12,2.898799025214931
101154,2,206806.5,0,721,Medium,1029931.25,0.2007964123818944
101155,3,303213.07,0,678,High,295646.6,1.0255929545612905
101156,1,115852.16,0,642,High,409237.38,0.2830928103390751
101157,4,2830228.47,0,748,Medium,486623.1,5.816058608808337
101159,1,147639.37,0,703,Medium,1198105.86,0.12322731649104861
101160,1,198641.59,0,734,Medium,350573.02,0.5666197301777529
101161,2,541526.3200000001,0,627,High,500468.7,1.08203833726265
101162,3,102289.73,0,671,High,1360056.79,0.07520989619852565
101163,1,889027.99,0,732,Medium,185867.99,4.783115102283078
101164,3,480467.38,0,706,Medium,518165.21,0.9272474699719805
101165,4,1690734.07,0,680,Medium,298524.72,5.663631708623662
101167,2,361088.48,0,732,Medium,906626.57,0.39827696644716687
101169,2,225860.64,0,698,Medium,1852503.38,0.12192185042059142
101170,2,260615.65,0,737,Medium,901610.77,0.28905560877450476
101171,2,224604.26,0,648,High,1644103.3,0.13661201215276436
101172,1,0.0,0,685,Medium,966364.58,0.0
101173,1,3210565.21,0,742,Medium,535764.94,5.992488440919632
101174,3,1640965.19,0,708,Medium,913217.93,1.7969042613957436
101175,4,1435139.8399999999,0,846,Low,526325.79,2.726713885709457
101176,2,1370187.44,0,713,Medium,947977.22,1.445380132657618
101177,1,45083.46,0,597,Very High,834458.33,0.05402721547521732
101178,2,1345639.2,0,708,Medium,294995.59,4.56155700497082
101179,4,424046.31,0,785,Low,1411114.27,0.30050458635075666
101180,1,45346.1,0,733,Medium,449622.4,0.10085373860377063
101181,4,2458971.58,0,729,Medium,886377.96,2.7741795159256895
101182,4,4334774.029999999,0,790,Low,873282.69,4.963769555537623
101183,3,2270281.3899999997,1,540,Very High,916495.19,2.4771339934691854
101184,1,195620.62,0,730,Medium,844192.49,0.23172513652662322
101185,2,1457417.6,0,677,High,1602027.43,0.9097332372142968
101186,2,0.0,0,718,Medium,1011532.89,0.0
101187,2,1067619.39,0,738,Medium,1839314.55,0.5804441605705777
101188,2,2560648.95,0,733,Medium,1631918.51,1.5691034413231824
101189,2,2195562.51,0,696,Medium,673070.99,3.2620073404144185
101190,2,378928.91,0,738,Medium,6865584.32,0.055192521472083526
101191,1,214385.44,0,797,Low,743397.13,0.28838615505550846
101192,1,808945.01,0,739,Medium,290179.0,2.7877448402537746
101194,2,302493.8,0,713,Medium,1136230.23,0.26622579826977494
101196,3,717312.99,0,735,Medium,441925.58,1.623153359893763
101197,1,490270.33,0,758,Low,1025666.83,0.47800154558961416
101198,3,2047350.76,0,724,Medium,655901.57,3.1214298816208053
101199,3,1796262.2899999998,0,643,High,909073.78,1.9759257493929698
101201,4,4197997.83,0,637,High,737102.44,5.695270565106257
101203,1,214259.83,0,611,High,852189.43,0.2514227734554276
101204,2,1078583.0899999999,0,736,Medium,416396.13,2.5902812545351943
101205,2,52287.3,0,665,High,1377973.14,0.0379450792487871
101206,3,2678875.0700000003,0,727,Medium,294052.51,9.110192835966611
101207,3,961708.1599999999,0,769,Low,453114.09,2.1224415246058665
101208,4,585420.73,1,639,High,938860.19,0.6235440976573946
101210,4,1906508.3699999999,0,705,Medium,518073.86,3.679993370057312
101211,4,767724.81,0,676,High,637269.81,1.204709211001224
101212,3,559998.0700000001,0,780,Low,933982.97,0.5995806004899641
101213,3,4140393.38,0,771,Low,401345.01,10.316294651327544
101214,3,410964.81,0,688,Medium,1543012.1,0.26633933071555305
101215,2,0.0,0,713,Medium,319044.27,0.0
101216,2,0.0,0,681,Medium,392032.26,0.0
101219,1,186483.07,0,664,High,1140659.19,0.16348710608293088
101222,2,308126.62,0,672,High,1059469.63,0.2908310075863147
101223,3,128704.43,0,725,Medium,537071.54,0.23964112862878562
101224,1,0.0,0,597,Very High,693066.5,0.0
101225,1,147020.08,0,657,High,854908.86,0.1719716415150967
101227,2,367156.12,0,698,Medium,1395386.42,0.2631214656654033
101228,3,1772804.1600000001,0,653,High,878161.21,2.018768467352367
101229,2,58666.5,1,568,Very High,494501.48,0.11863766312691319
101230,3,1833700.92,0,748,Medium,636463.01,2.881080111788429
101231,3,173964.37,0,646,High,881301.41,0.1973948617647168
101232,2,2250653.77,0,601,High,1243848.64,1.809427367304112
101233,1,0.0,0,780,Low,711345.17,0.0
101234,1,814001.67,0,773,Low,959808.52,0.8480875643821124
101235,2,331154.6,0,663,High,606582.2,0.5459352417528902
101236,2,252683.12,0,734,Medium,604298.05,0.4181431993699135
101237,1,0.0,0,743,Medium,714689.08,0.0
101239,1,0.0,0,697,Medium,1445401.19,0.0
101240,3,1616146.87,0,711,Medium,783479.82,2.0627804682959163
101241,1,442907.22,0,753,Low,407475.47,1.086954314084232
101242,1,1236443.14,0,742,Medium,1107554.47,1.1163723080816061
101243,1,0.0,0,643,High,566702.74,0.0
101244,1,0.0,0,721,Medium,405943.43,0.0
101246,2,899622.0900000001,0,782,Low,883487.06,1.0182628934033284
101247,3,344718.73,0,687,Medium,762362.2,0.45217185479552896
101248,1,0.0,0,693,Medium,1514084.07,0.0
101249,3,548224.99,0,737,Medium,964975.51,0.5681232158938417
101251,3,913332.84,0,619,High,638727.21,1.4299263060986551
101252,3,2610587.19,0,750,Low,534281.46,4.8861646630972375
101253,1,92273.37,0,649,High,557597.72,0.1654837648905738
101254,3,2869635.81,0,689,Medium,2926472.88,0.9805783028476246
101255,2,0.0,0,668,High,792551.17,0.0
101256,4,4466345.84,0,685,Medium,464994.91,9.60514995744792
101257,2,856348.53,0,705,Medium,2489481.89,0.3439866477598678
101258,1,894415.62,0,643,High,1582641.96,0.5651408484076841
101259,1,84083.43,1,675,High,1376050.16,0.06110491640798908
101260,2,1134595.52,0,660,High,440667.82,2.5747183445344386
101261,2,155380.78,0,600,High,944385.58,0.1645310806206931
101262,5,2590806.48,0,634,High,435345.08,5.951155988715894
101263,3,1148706.62,1,576,Very High,1105266.66,1.0393026964189802
101264,5,1825319.1099999999,0,701,Medium,681282.78,2.679238582839272
101265,1,92736.48,0,696,Medium,552392.57,0.1678814760307149
101266,2,200382.12,0,820,Low,444730.6,0.45056967071750853
101267,1,214735.83,0,505,Very High,697139.45,0.3080242123724314
101268,3,778587.29,0,639,High,1174971.54,0.6626435309233107
101269,2,191292.98,0,782,Low,828507.8,0.23088856858076653
101270,3,4129774.71,0,713,Medium,1079111.89,3.827012516746526
101272,2,1373701.5,0,780,Low,709817.2,1.9352891138732622
101273,1,429731.72,0,734,Medium,317604.31,1.3530412103034748
101274,4,6040296.459999999,0,556,Very High,1045955.03,5.774910284622847
101275,1,2377947.47,0,782,Low,784135.69,3.032571403553893
101276,3,5579866.800000001,0,625,High,626718.2,8.903310610733822
101277,5,386829.31999999995,0,712,Medium,2628851.08,0.14714767334785656
101278,2,130855.37,0,691,Medium,636628.62,0.2055442779182626
101279,4,1168979.42,0,624,High,1453112.91,0.8044656488531232
101280,2,1919351.23,0,688,Medium,577028.6,3.326267068911316
101281,3,499675.82,0,705,Medium,1433217.46,0.348639221852628
101282,1,139287.32,1,617,High,773464.37,0.18008239991714164
101283,2,842461.59,0,772,Low,1103607.61,0.7633705878487009
101285,4,3463508.25,0,730,Medium,552197.41,6.272228350364772
101286,2,923361.62,0,777,Low,231278.04,3.9924310150674054
101287,2,847731.13,1,661,High,2216850.31,0.3824034154114808
101288,1,129131.23,0,777,Low,513122.96,0.2516574779659051
101289,3,1834012.82,0,707,Medium,952610.78,1.9252488618699024
101290,1,44914.03,0,607,High,329308.25,0.13638902153225738
101291,2,1662463.14,0,724,Medium,723777.11,2.2969269365260803
101292,3,3936213.92,0,792,Low,1848682.96,2.129199005545007
101293,1,339275.91,0,709,Medium,909501.41,0.3730350566471359
101294,1,0.0,0,744,Medium,1143663.36,0.0
101296,1,0.0,0,796,Low,1004589.3,0.0
101298,1,511384.51,0,601,High,1101913.62,0.4640876568891126
101299,3,1213934.37,0,609,High,396888.99,3.0586244531499855
101300,3,463114.92000000004,0,668,High,424172.69,1.0918074900107313
101301,3,3143706.86,0,780,Low,929867.75,3.380810722815153
101302,2,1527736.5799999998,0,636,High,344079.23,4.440072072935062
101303,2,264280.88,0,636,High,607943.87,0.43471263226981793
101304,1,478202.67,0,779,Low,565638.73,0.8454206627611939
101305,1,92163.52,0,625,High,866128.74,0.10640856923879469
101306,3,2139487.47,0,786,Low,429023.43,4.986877919464678
101307,3,370043.61,0,690,Medium,545738.73,0.6780600123432691
101309,2,399772.02,1,789,Low,1023408.12,0.3906281494033876
101310,2,629553.32,0,742,Medium,267575.54,2.352805940333709
101312,3,809474.72,0,635,High,890434.67,0.9090781696539286
101313,3,0.0,0,622,High,1222847.32,0.0
101314,2,298865.23,0,774,Low,1577054.44,0.18950850548951245
101315,1,53321.36,0,796,Low,464572.77,0.11477504374610677
101316,1,0.0,0,625,High,1267619.76,0.0
101317,2,2149532.65,0,690,Medium,1327386.59,1.6193719796430968
101318,2,0.0,0,755,Low,2115675.66,0.0
101321,2,29606.58,0,663,High,1519508.65,0.019484311589802402
101322,2,1255652.66,0,778,Low,586092.22,2.1424148233873503
101324,2,0.0,0,665,High,978715.29,0.0
101325,1,2887626.76,0,781,Low,1075458.64,2.685018886453876
101326,1,2198410.31,0,710,Medium,940684.0,2.3370338073146772
101327,3,1339036.81,0,721,Medium,503928.03,2.657198509080751
101329,3,253787.47,0,767,Low,1021307.6,0.2484926872178372
101330,2,1297768.23,1,723,Medium,4963336.1,0.26147095498932665
101331,2,2128473.96,0,674,High,961683.22,2.213279711795325
101332,2,952436.96,0,723,Medium,1514348.05,0.6289419133203888
101333,2,0.0,0,650,High,299595.55,0.0
101334,1,92913.55,1,676,High,546244.58,0.17009514309505827
101335,3,1002478.7899999999,0,684,Medium,646142.83,1.551481721154439
101336,1,325036.51,0,613,High,293732.48,1.1065732669400403
101337,2,362061.27,0,685,Medium,353641.37,1.023809148799531
101341,3,1602139.5599999998,0,643,High,971383.8,1.649337326811503
101342,1,1162558.4,0,705,Medium,1266625.52,0.9178390784357479
101343,4,1563917.91,1,694,Medium,606580.2,2.578254136880828
101346,1,0.0,0,665,High,1888730.94,0.0
101347,3,2194790.14,0,791,Low,638355.31,3.4381951643826696
101348,2,268377.76,0,692,Medium,419117.36,0.6403403571734657
101349,3,1547043.54,0,679,High,1443810.79,1.0715001929027002
101350,5,1440522.54,0,651,High,490174.07,2.9387979253982164
101351,1,0.0,0,628,High,254446.1,0.0
101353,4,676439.5499999999,1,648,High,640822.56,1.0555801125353637
101354,3,3474084.69,0,747,Medium,521380.8,6.663238634794377
101356,6,4463196.220000001,0,657,High,659450.05,6.768058050795508
101357,1,0.0,0,808,Low,801483.11,0.0
101358,3,1446378.05,0,709,Medium,684937.6,2.111693167377583
101359,3,2249425.96,0,687,Medium,573747.32,3.9205864351575537
101360,3,330925.48,0,737,Medium,1060454.86,0.312059940014797
101361,1,234901.24,0,660,High,309073.36,0.7600177511254933
101362,1,1914764.27,0,588,Very High,321879.54,5.948698292535152
101363,1,1765483.45,0,723,Medium,471890.58,3.7412983535293285
101364,6,7417324.859999999,0,630,High,682261.5,10.871674365327664
101365,5,1068352.1,0,643,High,732131.22,1.459235818409711
101366,1,1736229.29,0,638,High,305101.13,5.690668172877629
101367,1,0.0,0,648,High,704469.05,0.0
101368,1,1453654.38,0,691,Medium,698427.58,2.0813244230704635
101369,1,0.0,0,740,Medium,657002.81,0.0
101370,5,8214827.51,0,596,Very High,1162843.93,7.064428250487579
101371,1,132155.91,0,597,Very High,912484.88,0.14483079434697044
101372,2,0.0,0,593,Very High,1209772.93,0.0
101373,4,2325784.38,0,688,Medium,820899.66,2.8332139642986327
101374,3,1325522.89,0,684,Medium,752932.19,1.7604810998982525
101375,1,634867.5,0,675,High,426376.23,1.488984271004038
101376,5,1519079.8800000001,0,850,Low,548549.37,2.7692673860877832
101378,2,72601.08,0,662,High,933167.97,0.07780065575975567
101379,3,771278.61,0,715,Medium,1009297.63,0.7641736065505276
101380,1,1167003.07,0,696,Medium,927164.08,1.258680200380498
101381,4,854228.29,0,841,Low,806118.48,1.059680817638618
101382,3,4282848.92,0,670,High,1219631.69,3.511592028245839
101383,1,644094.9,0,615,High,1728693.34,0.3725906064982005
101384,3,372985.16,0,689,Medium,432323.7,0.8627451143668505
101386,2,1015860.12,1,699,Medium,493993.49,2.0564241038884945
101387,1,1080411.34,0,738,Medium,437747.58,2.468114935095701
101388,2,340052.6,0,621,High,709985.09,0.478957382048685
101390,3,1505836.65,0,772,Low,1491848.31,1.0093765163027868
101391,2,1743050.69,0,714,Medium,936759.77,1.860723256721411
101392,2,1002466.64,0,658,High,346087.37,2.8965710017097708
101394,1,1069026.96,0,697,Medium,535737.76,1.9954295549374752
101395,1,1218010.28,0,635,High,919362.7,1.324841958456657
101396,2,516068.41,0,686,Medium,1098194.02,0.46992462224480147
101398,1,1415540.51,0,717,Medium,1378387.8,1.0269537426259867
101399,4,1272479.45,0,705,Medium,1063151.6,1.196893697944865
101400,2,758670.22,0,687,Medium,1065914.06,0.7117555237051661
101401,1,1845461.55,0,615,High,852410.55,2.164991446903138
101402,2,952342.34,0,693,Medium,1817780.89,0.5239038132918209
101403,2,298102.95999999996,0,665,High,750271.56,0.3973267492639598
101405,1,473912.65,0,692,Medium,515353.98,0.9195866693413332
101406,1,418461.31,0,630,High,752268.22,0.556266101471095
101407,1,1175284.46,0,591,Very High,1245699.8,0.9434732669941827
101408,3,1088026.03,0,679,High,1750836.11,0.6214322538732652
101409,3,907479.66,0,705,Medium,1027716.16,0.8830061210675134
101410,1,187656.54,0,726,Medium,508598.92,0.3689676336709484
101411,1,0.0,0,606,High,578513.81,0.0
101412,4,2647991.02,0,752,Low,795994.99,3.326642822211733
101413,5,1913244.48,0,736,Medium,361474.42,5.292890379352431
101414,3,1206540.27,0,712,Medium,1054680.23,1.1439868082101057
101415,4,4236153.029999999,0,694,Medium,972166.11,4.357437465085056
101416,2,1372232.48,0,792,Low,1121757.51,1.2232879813748694
101417,1,314283.2,0,638,High,564923.92,0.5563283636493919
101419,3,2269340.42,0,730,Medium,352041.8,6.446224340405031
101421,4,2422024.2800000003,0,707,Medium,733940.87,3.3000264449096566
101423,2,210124.43,0,769,Low,3693809.33,0.056885564799848506
101425,1,0.0,0,683,Medium,243730.05,0.0
101426,4,3139777.98,0,721,Medium,542691.71,5.7855646624858155
101427,2,109126.56,0,777,Low,560105.09,0.1948322947752537
101428,7,6854090.82,1,661,High,669341.31,10.240053493784806
101429,2,108950.72,0,746,Medium,1071160.56,0.10171278150868437
101430,2,2264460.8200000003,0,587,Very High,477268.59,4.744625704364916
101431,1,376148.34,0,828,Low,374384.85,1.0047103668858397
101432,1,0.0,0,618,High,696809.39,0.0
101433,2,540279.2,1,633,High,1393555.24,0.387698445308849
101434,1,3528218.51,0,724,Medium,748680.54,4.712582098100212
101435,1,1444872.92,0,655,High,1909746.04,0.7565785658076295
101436,1,1533520.98,0,760,Low,673724.91,2.2761826930222897
101438,2,1192465.51,0,734,Medium,399047.53,2.988279391179291
101439,1,1453507.67,0,803,Low,524709.14,2.770120737748155
101440,2,353065.92000000004,0,724,Medium,1029555.86,0.34293031948747305
101441,3,159253.82,0,701,Medium,1031705.59,0.1543597529601444
101442,1,55833.15,0,719,Medium,266938.0,0.2091614906832298
101444,2,182626.7,0,640,High,645295.65,0.2830124455356239
101445,4,1552879.46,0,625,High,4046767.23,0.383733328788471
101446,2,341572.62,0,689,Medium,585670.07,0.5832167930316126
101447,3,4195757.41,0,687,Medium,1019935.04,4.113749646251981
101448,3,131226.78,0,772,Low,1131151.01,0.11601172508346166
101450,1,131352.66,0,708,Medium,843838.22,0.15566095121882487
101451,2,1661859.53,0,770,Low,252805.62,6.573665292725692
101452,3,621054.39,0,745,Medium,573463.12,1.0829892426212169
101453,1,0.0,0,712,Medium,2325904.87,0.0
101456,1,270605.92,0,759,Low,860669.13,0.3144134145952231
101457,1,0.0,0,632,High,1477797.99,0.0
101458,2,211890.3,0,646,High,951584.04,0.2226711368551326
101459,2,2284582.16,0,648,High,2241616.63,1.019167207017018
101461,2,83148.31,0,697,Medium,828476.38,0.10036292163211702
101463,3,463533.26,0,690,Medium,585145.53,0.7921674801138786
101464,3,1963968.71,0,835,Low,1064322.2,1.8452764679718228
101465,2,3465901.7199999997,0,695,Medium,1354630.22,2.558559279742039
101466,1,1274227.7,0,759,Low,1499596.02,0.8497139783019696
101467,2,1355975.9300000002,0,698,Medium,518517.21,2.6151030358278757
101469,4,3430062.1999999997,0,598,Very High,947508.24,3.6200869345473974
101470,2,173789.03,0,761,Low,786002.55,0.22110491880719724
101471,1,1548186.94,0,684,Medium,333727.36,4.639077059789164
101472,2,401743.26,0,742,Medium,296062.99,1.3569519783610915
101473,2,2304575.25,0,710,Medium,508419.35,4.532823642530522
101476,2,431794.72000000003,1,661,High,420846.88,1.0260138319191057
101477,5,560644.82,0,680,Medium,2435172.62,0.23022795813136235
101478,2,334418.69,0,689,Medium,708934.68,0.4717200320909678
101479,2,35338.17,0,655,High,377634.6,0.0935776806468475
101481,3,129306.10999999999,0,707,Medium,1132337.89,0.11419392669091025
101482,2,747721.91,0,784,Low,1942058.65,0.38501510240177356
101483,3,272482.8,0,668,High,806216.25,0.33797731067812137
101485,2,6389611.0,0,850,Low,616227.65,10.36891317681055
101486,1,0.0,0,595,Very High,881903.62,0.0
101487,3,1884274.0499999998,0,691,Medium,414541.43,4.545442056298208
101488,1,3358606.1,0,722,Medium,2584261.84,1.2996384685229885
101489,2,1740042.9100000001,0,744,Medium,482536.88,3.6060309214085358
101490,2,493216.38,0,729,Medium,1602582.09,0.3077635667324848
101491,1,106631.78,0,696,Medium,431363.05,0.24719729703320673
101492,1,3757348.19,0,705,Medium,588139.88,6.388528167822933
101493,1,57745.51,0,756,Low,508801.95,0.11349309883737671
101495,2,3352061.4699999997,0,745,Medium,287817.56,11.646480047985953
101496,2,2316212.1300000004,1,681,Medium,766382.17,3.0222677675290908
101497,2,631508.67,0,688,Medium,235721.28,2.6790481962426136
101498,3,1510463.77,0,718,Medium,1351018.04,1.1180189496211317
101499,1,214682.43,0,678,High,746247.23,0.2876827160886078
101500,2,862346.8,0,747,Medium,1002582.65,0.8601253971430685
101501,3,365678.80000000005,0,567,Very High,553008.12,0.6612539432513216
101504,1,49693.0,0,648,High,753091.71,0.06598532335457524
101505,2,364049.77,0,714,Medium,305031.3,1.1934833244981746
101506,2,1440266.56,0,710,Medium,479192.74,3.005610143425796
101507,4,1052954.96,0,697,Medium,702589.77,1.498676759839529
101508,3,3154640.8099999996,0,660,High,1085227.78,2.9068927907466575
101510,5,2759316.74,0,723,Medium,341776.57,8.073452021594107
101511,2,1819475.85,0,676,High,570335.86,3.190183149276288
101512,4,4974955.470000001,2,539,Very High,499584.96,9.958177023583737
101513,3,785081.19,0,708,Medium,1530774.98,0.5128651828369967
101514,3,664498.1000000001,0,754,Low,1177686.62,0.564240171124641
101515,3,140844.56,0,655,High,401760.52,0.35056844311133406
101516,1,340519.28,0,743,Medium,616001.15,0.5527900069667078
101517,2,65006.04,0,685,Medium,523401.28,0.12419923772444728
101518,1,0.0,0,722,Medium,1084026.86,0.0
101519,4,1799617.2200000002,0,771,Low,390748.37,4.605565520337296
101520,3,1962326.0,0,746,Medium,651717.17,3.0110085944183425
101521,2,938397.1300000001,0,624,High,716722.3,1.3092897067664842
101522,1,79588.88,0,646,High,510344.24,0.15595136333859672
101523,4,794306.72,1,670,High,291000.16,2.729574856591144
101524,1,327626.36,0,756,Low,596415.37,0.549325816335015
101525,2,1721704.0099999998,0,632,High,812584.57,2.118799782279892
101526,1,574786.93,0,658,High,934713.51,0.6149337993413618
101528,2,42849.17,0,662,High,585164.44,0.07322586109299466
101529,2,183350.01,0,730,Medium,672828.96,0.2725061210207123
101530,4,2410779.29,0,743,Medium,778925.34,3.0950068847419963
101531,1,0.0,0,772,Low,610346.33,0.0
101532,2,262617.94,0,740,Medium,807237.12,0.3253293654285868
101534,1,87309.78,0,657,High,428396.21,0.20380614478358713
101535,4,265478.32999999996,0,663,High,1314695.41,0.20193143444533665
101537,1,276401.68,0,742,Medium,485305.1,0.5695420880596557
101538,1,205189.76,0,714,Medium,478737.6,0.428605900184151
101540,3,1014986.43,0,717,Medium,3139834.86,0.3232610870496546
101541,1,768528.43,0,763,Low,998965.13,0.7693245809290661
101542,2,25552.37,0,753,Low,556923.41,0.045881299908007094
101543,2,291183.61,0,795,Low,440265.84,0.661381337239337
101544,1,194304.66,0,636,High,768798.67,0.2527380282798876
101545,1,223718.6,0,599,Very High,2395660.7,0.09338492717270021
101546,1,0.0,0,710,Medium,1117178.05,0.0
101547,1,0.0,0,655,High,986964.0,0.0
101548,3,1137238.56,0,708,Medium,1333271.52,0.8529684636179734
101549,2,0.0,0,620,High,554951.23,0.0
101550,2,1351260.1,0,707,Medium,233174.23,5.795066204357146
101551,2,288230.64,0,662,High,600885.0,0.4796768766070047
101552,1,0.0,0,756,Low,432663.76,0.0
101553,2,139607.91,0,729,Medium,361662.92,0.38601665329694296
101554,2,63085.97,0,710,Medium,553176.17,0.11404318085502489
101555,3,1009195.47,0,669,High,208098.68,4.849600535668944
101556,1,1160875.68,0,679,High,504341.64,2.301764494401057
101557,2,800523.68,0,706,Medium,688048.96,1.1634690647595778
101558,2,817236.8500000001,0,653,High,1088509.82,0.7507850044017058
101559,4,2044835.4300000002,0,731,Medium,1522604.22,1.3429855264685922
101560,1,124850.54,0,760,Low,1044214.24,0.11956410400992042
101561,1,62083.67,1,776,Low,1280866.96,0.04847003782500565
101562,3,2914547.33,0,727,Medium,628307.11,4.638730460968364
101563,2,100451.62,0,668,High,879903.94,0.1141620300052299
101564,1,265830.74,0,691,Medium,1275960.65,0.2083377257754775
101565,2,390166.01,0,687,Medium,336394.34,1.1598471306027325
101567,2,286248.38,0,717,Medium,1604261.84,0.17842996253030613
101568,3,573260.24,0,685,Medium,610308.2,0.9392963096350336
101569,1,389839.25,0,713,Medium,885622.34,0.44018678435776587
101570,2,0.0,0,656,High,759518.67,0.0
101571,5,3636904.4,1,738,Medium,371563.97,9.788097591916676
101572,1,342881.75,0,679,High,720343.42,0.47599761513751315
101573,1,315033.51,0,737,Medium,557424.13,0.5651594415189741
101575,1,2037214.52,0,801,Low,1133138.82,1.7978507876025287
101577,1,1015605.59,0,755,Low,562411.49,1.805805194342669
101578,4,1370125.13,0,720,Medium,450173.09,3.043551825809934
101579,1,0.0,0,710,Medium,590365.46,0.0
101580,1,46873.56,0,692,Medium,683616.12,0.06856707826023763
101581,4,250635.29,0,627,High,335142.05,0.747847934927891
101585,1,0.0,0,673,High,1017183.82,0.0
101586,3,337882.22,0,782,Low,1095207.68,0.3085097248404978
101587,4,284118.66,0,688,Medium,983728.36,0.28881820587138507
101588,3,1058525.69,0,677,High,185802.83,5.69703749937501
101589,2,99207.38,0,703,Medium,780336.59,0.1271340870995169
101591,1,239023.59,0,680,Medium,650519.94,0.3674346861681135
101592,2,207883.33,0,816,Low,2458523.53,0.08455616855536055
101593,2,396646.12,0,809,Low,855677.92,0.46354605013063793
101595,4,1188408.98,0,687,Medium,196926.68,6.034778933966693
101596,3,441494.57,0,687,Medium,582815.28,0.7575205818213963
101598,3,482256.72,1,738,Medium,366848.41,1.3145940035558557
101599,1,345440.86,0,707,Medium,839606.22,0.4114319924880976
101600,2,0.0,0,736,Medium,180000.0,0.0
101602,1,221678.96,0,739,Medium,1765043.36,0.1255940590603961
101603,2,447358.10000000003,0,776,Low,516658.06,0.865868810795287
101605,3,390902.69,0,700,Medium,482930.47,0.8094388618717722
101606,2,148600.65,0,589,Very High,684888.33,0.2169706264377435
101607,1,394721.75,0,693,Medium,385702.25,1.0233846185755981
101608,5,390718.11,0,681,Medium,872332.98,0.4479001928827682
101609,1,0.0,0,709,Medium,765785.88,0.0
101610,3,0.0,0,682,Medium,286891.38,0.0
101612,1,166010.31,1,746,Medium,781067.41,0.21254287129967436
101613,4,1866015.95,0,702,Medium,768918.85,2.426804792209217
101615,2,221156.79,1,570,Very High,512532.77,0.43149785329823886
101616,2,0.0,0,585,Very High,772156.27,0.0
101617,3,1903266.1800000002,0,646,High,678994.71,2.8030648132737297
101619,1,187783.91,0,811,Low,1851262.14,0.10143561300292135
101620,4,4058933.86,0,711,Medium,1085068.01,3.7407183905458607
101621,1,91494.44,0,753,Low,943913.81,0.09693092635226938
101622,3,693595.69,0,690,Medium,762532.61,0.9095947909690052
101624,2,1428576.8599999999,0,731,Medium,451808.17,3.161910197418519
101625,4,3666873.46,0,693,Medium,378919.17,9.677191734585506
101626,1,0.0,0,670,High,854984.69,0.0
101627,2,314399.62,0,669,High,346745.15,0.9067167053382
101628,1,1688713.64,0,620,High,1141265.77,1.4796848239827607
101629,4,1993964.1,0,722,Medium,466368.43,4.275512602772019
101630,1,0.0,0,682,Medium,604602.0,0.0
101631,2,2714591.15,0,718,Medium,829445.58,3.272777883752181
101632,3,302476.75,0,778,Low,874980.18,0.3456955447836544
101633,1,965096.31,0,696,Medium,610845.37,1.579935540806342
101634,3,1811536.46,0,783,Low,2062633.68,0.878263783610864
101636,3,3485543.54,0,652,High,474118.09,7.351635834017639
101637,4,1463159.12,0,650,High,857379.13,1.7065485603784176
101638,1,53048.38,0,653,High,930598.0,0.05700461423729687
101639,2,1251103.55,0,627,High,595943.12,2.099367385934416
101640,1,41990.93,0,679,High,938745.82,0.04473088359530592
101642,2,284344.46,0,611,High,932981.05,0.30476981284882476
101643,3,379514.2,0,850,Low,698857.1,0.5430497880038709
101644,3,809033.8400000001,0,703,Medium,864001.89,0.9363797109286417
101645,1,112771.9,0,658,High,331723.42,0.33995760685211796
101646,2,83516.68,0,718,Medium,464121.04,0.1799459037668277
101647,1,376375.51,0,723,Medium,490480.86,0.7673602390927141
101648,2,452283.79,0,669,High,588490.15,0.7685494651014974
101649,1,53808.51,0,676,High,594636.9,0.09048969211295162
101650,1,190131.34,0,742,Medium,1139153.8,0.16690576812367214
101651,1,64606.2,1,615,High,421973.65,0.1531048206446066
101652,2,4045087.35,0,629,High,1470583.42,2.750668404788625
101654,1,128181.36,0,669,High,634980.05,0.2018667515617223
101655,2,462640.85,0,683,Medium,776243.75,0.5959994524915659
101656,1,51298.52,0,678,High,480835.67,0.10668617825295698
101657,1,0.0,0,682,Medium,281588.49,0.0
101658,4,2353631.1599999997,0,692,Medium,1417704.86,1.6601700582447037
101660,1,121140.17,0,743,Medium,1903936.14,0.06362617288203795
101662,3,667544.11,1,613,High,2134540.17,0.31273438625425354
101663,3,359868.42000000004,0,624,High,484989.92,0.7420121638816742
101664,1,239407.57,0,725,Medium,378248.96,0.6329364924096552
101665,3,620489.11,0,665,High,988045.13,0.6279967292587131
101666,2,197739.75,0,830,Low,628164.26,0.31478987677522435
101667,2,1129951.62,0,681,Medium,1103509.93,1.0239614427393509
101668,1,269517.03,0,702,Medium,1223616.47,0.22026266939672692
101669,1,1804513.51,0,715,Medium,668705.5,2.698517523782891
101670,4,406392.75,0,650,High,894630.97,0.45425741297554234
101671,1,29101.15,0,759,Low,444535.18,0.06546422265162456
101672,3,204356.01,0,666,High,253746.3,0.8053556248899
101675,1,947693.4,0,727,Medium,468206.33,2.0240935230414334
101676,3,2094147.59,0,753,Low,481803.77,4.346474063496847
101677,2,101904.39,0,705,Medium,849079.66,0.12001746691235071
101678,1,0.0,0,693,Medium,1357236.05,0.0
101679,1,476318.73,0,758,Low,418336.76,1.1386011834102268
101681,1,0.0,0,784,Low,470953.64,0.0
101682,2,302853.65,0,671,High,1100752.58,0.2751332638257364
101683,2,310681.29,0,768,Low,732075.61,0.4243841561666014
101684,1,189625.87,0,645,High,212577.67,0.8920309927190376
101685,3,1675358.04,0,590,Very High,503160.6,3.329668578978561
101687,2,4079725.7,0,700,Medium,1418090.73,2.876914441151449
101688,1,1116444.94,1,587,Very High,379311.09,2.9433490594751657
101689,3,2471134.42,0,690,Medium,647623.43,3.815696445695301
101690,1,541254.74,0,750,Low,3434510.03,0.15759300024521986
101692,2,153935.9,0,744,Medium,568523.08,0.2707645571750579
101693,3,383242.15,0,726,Medium,781879.34,0.4901551050063556
101694,4,970875.54,0,667,High,1157155.26,0.8390192514010609
101695,3,1532546.52,0,703,Medium,710217.81,2.1578542503742617
101696,3,2923643.54,0,743,Medium,597982.49,4.88917917981177
101697,1,207719.35,0,706,Medium,573925.84,0.36192716118166074
101698,1,99657.8,0,705,Medium,2112555.71,0.047174045885871575
101700,5,647421.23,0,780,Low,1121755.9,0.5771498326864161
101701,3,1125924.97,0,675,High,1409962.91,0.7985493533301525
101702,4,1592987.53,0,680,Medium,391948.19,4.0642808683464
101703,2,1467252.7200000002,0,724,Medium,732930.33,2.001899307400746
101704,1,2655782.71,0,700,Medium,598327.6,4.43867658787594
101705,1,446315.87,0,735,Medium,1160037.02,0.38474278174329296
101706,3,681315.88,0,765,Low,1329175.33,0.5125854088790528
101707,2,1790025.4000000001,0,633,High,409283.95,4.373553861567257
101708,2,443931.13,1,663,High,403803.8,1.0993733342776864
101709,2,242221.55,0,736,Medium,1030495.26,0.23505353144467642
101710,4,1619125.1099999999,0,760,Low,794815.71,2.0371075830899215
101712,1,281892.67,0,687,Medium,635666.53,0.44345998522212576
101713,2,284047.69,0,763,Low,826674.46,0.3436028373248643
101714,4,2417151.95,0,806,Low,947158.37,2.5520040011893683
101716,4,729007.8,0,714,Medium,494239.98,1.4750077482602684
101717,1,0.0,0,643,High,364522.08,0.0
101718,2,0.0,0,683,Medium,791650.57,0.0
101719,3,191905.95,0,777,Low,2030352.34,0.09451854548555844
101720,1,2177520.9,0,653,High,813155.93,2.6778638876801892
101721,2,168766.21000000002,0,595,Very High,776138.22,0.21744349865929813
101722,1,113461.19,0,735,Medium,1663525.37,0.06820526578443466
101723,2,275959.69,0,712,Medium,748484.17,0.3686914180162287
101724,1,213482.35,0,613,High,1000643.69,0.21334502194282565
101726,2,192585.48,0,715,Medium,261354.13,0.736875594810765
101727,1,0.0,0,682,Medium,182665.6,0.0
101728,3,323211.1,0,695,Medium,541505.2,0.5968753393319215
101729,1,212008.8,0,786,Low,860017.12,0.2465169530578647
101730,2,1137693.83,0,615,High,880719.16,1.291778221334483
101732,2,0.0,0,753,Low,1371396.95,0.0
101733,1,203231.66,0,734,Medium,695114.43,0.29237151644226406
101734,1,27558.36,0,653,High,546592.93,0.0504184347938785
101735,1,279699.32,0,609,High,1560431.41,0.17924486664876865
101736,2,1228917.65,0,780,Low,290197.7,4.234760130766025
101737,2,878131.08,0,627,High,575115.34,1.5268782084651054
101738,1,749543.79,0,640,High,741942.52,1.0102450928408848
101739,4,384247.45,0,736,Medium,324218.55,1.185149492525952
101741,2,1260746.26,0,621,High,675827.77,1.8654845449751198
101742,1,394813.92,0,746,Medium,901542.53,0.4379315527133257
101744,2,385893.18,0,654,High,1353966.36,0.2850094296286652
101745,2,242994.54,0,659,High,870909.29,0.27901245605038844
101746,5,302883.37,0,754,Low,753535.18,0.40194987313001096
101747,3,2246928.35,0,749,Medium,818960.27,2.7436353536417584
101748,2,217904.57,0,725,Medium,632032.63,0.34476791174531607
101749,2,359056.77,0,621,High,321663.27,1.1162504503544965
101750,4,6918087.909999999,0,818,Low,1412969.28,4.896134691619055
101751,3,1288618.31,0,680,Medium,2387845.15,0.539657401988567
101752,4,1672295.21,0,703,Medium,569082.37,2.9385820017583746
101753,3,0.0,0,694,Medium,893753.66,0.0
101756,1,0.0,0,833,Low,684478.86,0.0
101757,1,119226.06,0,662,High,1093694.57,0.10901220804268964
101758,2,1244712.4,0,710,Medium,1212461.21,1.0265997705609071
101759,2,2502268.17,0,703,Medium,710979.17,3.519467623784252
101761,6,189370.12,0,850,Low,581465.85,0.32567711414178496
101762,2,255584.36,0,718,Medium,485330.24,0.5266194828494511
101763,1,333690.41,0,718,Medium,852091.23,0.39161347781974
101764,3,3786581.4699999997,0,601,High,1135300.5,3.3353120781678505
101765,1,1370522.01,0,685,Medium,602039.7,2.276464508901988
101766,2,2510645.23,0,743,Medium,403750.82,6.2183037300085235
101767,1,497806.03,0,623,High,448850.92,1.1090676387607716
101768,3,2177338.0,0,620,High,494374.78,4.404225474446735
101769,2,882936.57,0,553,Very High,667639.49,1.3224750531158664
101770,1,394206.52,1,638,High,728212.04,0.5413348013306674
101771,2,738128.35,0,680,Medium,1203861.61,0.6131338883711059
101772,1,121568.83,0,741,Medium,1231293.38,0.09873262698772896
101773,2,5005794.71,0,588,Very High,1488188.68,3.3636828295186336
101774,1,0.0,0,696,Medium,418909.66,0.0
101775,1,558347.93,0,705,Medium,371733.96,1.5020094747329515
101777,2,517197.45999999996,0,696,Medium,1442094.67,0.35864320890944
101778,2,771909.9199999999,0,662,High,2438750.93,0.31651855484889546
101779,3,160313.37,0,710,Medium,1625981.43,0.09859483450558226
101780,4,2223418.76,0,674,High,376649.36,5.903152895308251
101781,3,926765.52,0,703,Medium,841626.7,1.101159837253262
101782,3,1767734.39,0,752,Low,787583.79,2.244503267392032
101783,1,247099.71,0,730,Medium,763125.71,0.3237994825256248
101784,1,811837.68,0,635,High,1516475.7,0.5353449976151943
101786,1,588563.4,0,704,Medium,644837.55,0.9127312762726054
101787,3,1920939.9100000001,0,711,Medium,590297.96,3.254186936373624
101788,2,0.0,0,688,Medium,1034196.86,0.0
101789,2,0.0,0,757,Low,347560.71,0.0
101790,1,117899.03,0,659,High,552142.46,0.21353009149124305
101791,3,2101896.48,0,637,High,501452.53,4.1916160638375874
101792,3,421609.55000000005,0,665,High,408754.8,1.0314485603594137
101793,1,137043.01,0,608,High,1222585.48,0.11209278389270581
101794,1,1208619.9,0,633,High,555675.73,2.175045327245082
101796,1,704663.39,0,723,Medium,1537568.73,0.45829716503144546
101797,1,0.0,0,704,Medium,591444.05,0.0
101798,2,284489.98,0,770,Low,642641.68,0.4426883422811915
101799,2,785878.9199999999,0,645,High,530598.08,1.4811190421194136
101800,1,590204.58,0,641,High,560812.13,1.0524105104502643
101801,3,2856517.8899999997,0,692,Medium,242796.87,11.765052366614116
101802,3,439182.65,0,648,High,1367454.74,0.3211679605571443
101803,1,1790684.97,0,667,High,1007288.8,1.7777274700165433
101804,1,2132614.75,0,752,Low,593623.35,3.5925385179002816
101805,2,399260.02,1,651,High,910020.85,0.4387372223394662
101806,2,359602.18,0,701,Medium,1005912.29,0.3574886037032115
101807,1,88876.87,0,755,Low,455972.8,0.1949170432973195
101809,1,0.0,0,703,Medium,901972.74,0.0
101810,1,78589.45,0,801,Low,615098.03,0.12776735766817526
101811,2,410754.24,1,660,High,291811.88,1.4075994438608872
101812,1,69014.05,0,788,Low,591870.17,0.11660335914546935
101813,2,232779.63,0,707,Medium,603982.65,0.3854078093137278
101814,4,3105599.65,1,697,Medium,756672.85,4.1042831786550815
101815,1,68658.62,0,735,Medium,755275.1,0.09090544624071414
101817,2,2741936.42,0,689,Medium,859275.67,3.1909857519880664
101818,5,528249.06,0,593,Very High,343386.48,1.5383513643286133
101820,4,1373073.19,0,727,Medium,927797.0,1.4799284649551572
101821,5,3104186.47,0,731,Medium,814473.11,3.811281713155638
101822,3,1146428.8900000001,0,729,Medium,450029.47,2.5474529256939555
101824,2,136911.79,0,765,Low,1043168.97,0.13124603389995393
101825,1,0.0,0,684,Medium,490568.42,0.0
101826,1,0.0,0,768,Low,788042.04,0.0
101827,1,86935.07,0,698,Medium,1165460.75,0.07459287667988819
101828,1,1549186.97,0,696,Medium,425657.41,3.639516037087197
101829,2,161458.97,0,582,Very High,827401.95,0.19513970205170536
101830,2,357653.9,1,641,High,823563.04,0.4342762880665456
101831,2,473398.44,0,632,High,1200040.35,0.39448543542723374
101832,4,1379288.31,0,668,High,549875.01,2.5083669650672067
101833,1,185479.77,1,629,High,360672.32,0.5142611720245124
101835,1,0.0,0,650,High,733139.01,0.0
101839,3,104359.92,0,751,Low,663059.82,0.15739141002391008
101840,3,1334613.65,0,714,Medium,984834.8,1.3551649982311753
101841,2,1335167.8,0,698,Medium,300778.36,4.439042090661044
101842,2,382979.52,0,665,High,725837.01,0.5276384570139239
101843,1,507925.2,0,652,High,1002898.3,0.5064573347068192
101845,2,1109353.72,0,686,Medium,703711.07,1.5764335212177352
101846,2,0.0,0,705,Medium,1924832.13,0.0
101847,3,249542.25,0,722,Medium,736835.18,0.33866766513509844
101848,1,133415.03,0,638,High,476882.0,0.2797652878489857
101849,3,3940827.1199999996,0,745,Medium,2291067.39,1.7200834585664455
101850,1,889261.09,0,663,High,948269.3,0.9377727297509262
101851,1,596078.38,0,620,High,637463.88,0.9350778902170896
101852,4,5756570.06,0,633,High,863805.24,6.664199050239612
101853,2,2065048.88,0,689,Medium,1215677.43,1.6986815984565906
101854,2,3726357.28,0,816,Low,534679.5,6.969328878328045
101855,1,74411.54,0,640,High,1644035.22,0.04526152426345221
101856,2,236934.77,0,688,Medium,478793.17,0.49485829131606035
101857,1,1293999.52,0,709,Medium,622802.72,2.0777037068816915
101858,3,2521826.45,0,661,High,792145.11,3.1835410181349224
101859,3,412571.29,0,661,High,1830922.4,0.22533521355137717
101860,6,84848.51,0,794,Low,295963.57,0.2866856552649368
101861,2,0.0,0,802,Low,1043277.48,0.0
101862,3,2698172.0999999996,1,592,Very High,663325.17,4.067646189273956
101863,2,4109666.68,0,682,Medium,528681.52,7.773426012696642
101864,4,2036249.04,0,684,Medium,400762.06,5.080942642125355
101865,1,406391.57,0,686,Medium,445024.75,0.9131886934378369
101866,3,138224.41,0,822,Low,1574478.52,0.08779059748620768
101868,1,0.0,0,607,High,1318342.18,0.0
101869,5,2684324.5700000003,0,701,Medium,942896.54,2.846891950626948
101870,1,1527059.64,0,701,Medium,477931.8,3.1951413151416164
101871,4,1318490.94,0,681,Medium,494610.94,2.665713257373563
101872,2,0.0,0,713,Medium,774283.0,0.0
101873,3,418305.46,0,631,High,515930.93,0.8107780241048933
101874,1,250277.11,0,762,Low,457565.86,0.5469750518537375
101875,1,2257280.63,0,703,Medium,1095446.74,2.060602809407238
101876,2,71913.4,0,618,High,641328.24,0.1121319716094211
101877,4,1890284.35,2,659,High,2191962.35,0.8623708112504761
101878,4,4055608.62,0,681,Medium,455659.2,8.90053052807888
101879,1,75908.6,0,668,High,275801.92,0.2752286858626655
101880,1,246784.74,0,637,High,1627816.24,0.15160479047684153
101881,2,989625.17,0,671,High,747644.13,1.323658048381922
101882,2,0.0,0,688,Medium,1421877.84,0.0
101883,1,155565.92,0,737,Medium,751110.79,0.20711447907704802
101884,5,2013774.75,0,611,High,613580.81,3.2820041259113037
101885,1,449776.98,0,656,High,584692.95,0.7692532978206766
101886,2,942942.27,0,614,High,336221.9,2.8045236494112964
101887,1,210322.16,0,627,High,478963.15,0.4391197109840287
101888,3,1090452.98,0,668,High,1132395.92,0.9629608873899864
101889,4,1528002.0999999999,0,637,High,553929.37,2.758478215372476
101890,4,2091390.0299999998,0,743,Medium,871493.57,2.3997767763220557
101891,1,222058.34,0,658,High,1077242.6,0.20613586948752302
101894,1,150920.82,0,727,Medium,802459.79,0.18807275066081505
101895,3,4685118.28,1,658,High,729754.68,6.420127761290959
101896,3,1255582.79,1,722,Medium,2136611.35,0.5876514650172573
101897,3,1314107.75,1,636,High,872100.32,1.5068309457792655
101898,4,261075.31,0,785,Low,634843.79,0.4112433863454819
101899,2,1295245.59,0,777,Low,506496.56,2.5572643375899733
101900,2,100482.81,0,694,Medium,554158.78,0.1813249444500365
101901,3,432032.43,0,675,High,629806.93,0.6859759863233006
101903,2,1217567.38,0,569,Very High,1047787.01,1.1620371014143418
101904,3,859930.54,1,533,Very High,522596.38,1.6454965493637748
101905,5,938015.6,0,765,Low,305855.39,3.066859799331965
101907,2,759286.54,0,695,Medium,647050.9,1.173457204062308
101908,1,1228725.49,0,726,Medium,331528.51,3.7062438159541693
101909,3,0.0,0,762,Low,410269.45,0.0
101910,3,197502.78,0,615,High,887329.69,0.22258105665324915
101911,3,81831.82,0,694,Medium,309898.85,0.2640597730517555
101912,3,757631.01,0,680,Medium,918785.28,0.8246007271688114
101913,3,61168.85,0,785,Low,620841.26,0.09852574875580918
101914,5,1066634.44,0,673,High,610965.85,1.7458167915604448
101915,1,199669.33,0,666,High,1361670.54,0.1466355657514629
101916,2,607613.22,0,669,High,1214711.43,0.5002119886202108
101917,1,236317.18,0,710,Medium,458688.23,0.5152021886412913
101918,3,555905.48,0,659,High,766582.05,0.7251741415025306
101919,2,254433.84,0,693,Medium,2639801.79,0.09638369098916325
101920,4,3348309.3499999996,0,624,High,598867.16,5.591071899818316
101921,2,515635.81,0,605,High,2801253.5,0.18407324078309942
101922,1,862392.85,0,656,High,1523633.44,0.5660107131804616
101923,2,45679.83,0,742,Medium,705388.85,0.06475836696312963
101924,1,1633762.5,0,712,Medium,528046.21,3.0939763775598355
101925,2,1333473.24,0,673,High,669588.77,1.9914808905770627
101926,2,2461087.82,0,674,High,1243174.78,1.9796796553417852
101927,2,461912.34,0,683,Medium,421146.13,1.0967982538507477
101928,2,140503.25,0,714,Medium,646805.71,0.21722635998374226
101929,3,1710901.14,0,744,Medium,484222.11,3.5332982626505838
101930,1,3598506.13,0,774,Low,916260.61,3.927382767223836
101931,3,250441.49,0,582,Very High,825784.08,0.30327720776598166
101932,2,3754814.83,0,600,High,454779.93,8.256333629322649
101933,1,62977.27,0,771,Low,1017103.45,0.061918254234611045
101934,1,0.0,0,551,Very High,941432.69,0.0
101935,3,1797444.7400000002,0,641,High,613589.83,2.92939134926666
101936,1,429119.76,0,679,High,1369598.36,0.3133179569519928
101937,2,143295.68,0,739,Medium,2008234.1,0.07135407171902916
101938,2,194098.0,0,824,Low,409157.36,0.47438472083210237
101939,2,0.0,0,701,Medium,500644.13,0.0
101940,3,241997.43,0,661,High,1490231.75,0.1623891250471613
101942,1,1962068.78,0,808,Low,476687.2,4.1160509029820815
101943,2,1219654.32,0,669,High,487056.46,2.504133340105991
101944,2,927456.6399999999,0,681,Medium,1082955.28,0.8564126858497794
101945,2,5195030.96,0,632,High,512302.53,10.140553004881705
101946,1,115880.22,1,678,High,454904.4,0.2547353246088629
101947,3,511279.86,0,610,High,2259903.93,0.22623964373565206
101948,2,293107.78,0,757,Low,1787611.27,0.16396617369726027
101949,1,423094.22,0,740,Medium,1685042.89,0.2510881013835796
101951,2,105915.0,0,716,Medium,485490.5,0.21816080850191713
101952,1,0.0,0,700,Medium,501940.58,0.0
101953,1,116404.03,0,749,Medium,1466902.71,0.07935361302863773
101954,3,1090571.01,0,651,High,1132398.05,0.9630633062287594
101955,1,60558.03,0,688,Medium,818935.56,0.07394724683832266
101956,1,96596.32,0,665,High,870419.89,0.11097669195036433
101957,1,362421.85,0,684,Medium,1430937.53,0.2532758016347506
101958,4,46313.25,0,636,High,341256.36,0.13571395416630477
101959,1,407908.89,0,745,Medium,919049.09,0.44383797823030324
101960,4,3052443.59,0,690,Medium,2109834.01,1.4467695446809108
101961,1,130455.78,0,815,Low,499396.84,0.26122668297220303
101962,3,462720.54000000004,0,746,Medium,662608.62,0.698331603352821
101963,1,669273.75,0,596,Very High,826259.4,0.8100044005550799
101964,3,1680047.85,0,712,Medium,2168140.57,0.7748795780340019
101967,2,864043.09,0,618,High,925641.57,0.933453204786384
101968,4,853120.84,0,752,Low,230110.22,3.707444371658069
101969,1,313060.75,0,633,High,657672.05,0.47601346294099006
101970,2,0.0,0,643,High,825323.93,0.0
101971,2,200217.73,0,781,Low,471936.68,0.4242470197484968
101973,4,1112425.12,0,730,Medium,1423424.13,0.7815134621892353
101974,1,0.0,0,679,High,996627.86,0.0
101975,2,1838934.46,0,645,High,251182.12,7.3211200701706
101976,5,1916069.96,0,687,Medium,948202.94,2.020738260946544
101978,1,0.0,0,703,Medium,419905.59,0.0
101979,2,2957051.49,0,744,Medium,1213400.32,2.436995805308507
101981,1,476337.18,0,711,Medium,869509.97,0.5478225626326055
101982,1,0.0,0,823,Low,1410155.64,0.0
101984,2,513582.4,0,705,Medium,1030439.54,0.4984109984754661
101985,2,3260466.5300000003,0,698,Medium,854403.68,3.8160726671963774
101986,3,137458.05,0,675,High,804462.0,0.17086953765373628
101987,2,1240850.2999999998,0,654,High,492393.27,2.5200391142632794
101988,3,2402708.51,0,751,Low,1528223.74,1.5722229979230657
101989,4,162094.39,0,729,Medium,739444.53,0.2192110204669443
101990,3,531263.95,0,726,Medium,1150490.72,0.4617716082055838
101991,3,4752156.94,0,660,High,1893209.56,2.5101061395443196
101992,1,29962.7,0,703,Medium,564397.09,0.053087977473448705
101993,2,1783391.33,0,690,Medium,1767397.61,1.0090493049835005
101994,4,1743245.88,0,695,Medium,204258.88,8.534492502847366
101995,2,164359.89,0,844,Low,715501.84,0.22971274259755925
101996,2,1759277.1800000002,0,707,Medium,1312944.31,1.3399480591831043
101997,1,0.0,0,677,High,914670.35,0.0
101998,2,1828163.11,0,811,Low,440281.94,4.152255507005353
101999,3,514564.17,0,711,Medium,547159.08,0.9404288237344065
102000,2,1767140.23,0,708,Medium,767283.97,2.303111102399285
102001,2,1197865.1,0,694,Medium,580104.91,2.0649111554666897
102002,2,0.0,0,639,High,1592786.35,0.0
102003,2,152665.26,0,762,Low,542534.68,0.28139262913109997
102004,2,237130.38,0,685,Medium,2236114.56,0.10604572066289841
102005,2,157426.9,0,760,Low,493156.76,0.31922283697378495
102006,2,5496691.57,0,786,Low,1267946.68,4.335112553786568
102007,1,1429810.61,0,639,High,603795.05,2.3680396353034032
102008,2,264774.62,0,724,Medium,536755.08,0.49328759031027714
102009,1,173928.12,0,698,Medium,660248.13,0.2634284174345181
102010,2,1671819.54,0,806,Low,582918.8,2.868014447295232
102011,1,491103.02,0,690,Medium,830053.17,0.5916524841414676
102012,2,1356065.9,0,719,Medium,326309.58,4.1557649027650365
102013,7,5464887.470000001,0,642,High,740697.91,7.378024692954784
102014,2,444872.32999999996,0,801,Low,1384839.46,0.32124469503490316
102015,3,7457178.5,0,789,Low,260198.87,28.65953453218302
102016,1,1991524.5,0,784,Low,2423999.86,0.8215860623028254
102017,4,3698917.7199999997,0,606,High,1126473.5,3.2836260418021372
102018,4,1159541.4100000001,0,658,High,1284159.04,0.9029577909602226
102020,2,525073.72,0,624,High,342496.82,1.5330761903132413
102021,1,0.0,0,758,Low,905414.62,0.0
102022,2,589543.1699999999,0,672,High,493361.59,1.1949514959200611
102023,4,1397835.01,0,769,Low,844376.82,1.6554635050261093
102024,2,1244577.31,0,701,Medium,1356737.68,0.9173308358326129
102025,3,2238296.0,0,631,High,840173.72,2.6640871366459784
102027,3,744370.79,0,720,Medium,452041.42,1.6466871332277473
102028,1,587597.1,0,766,Low,1490948.01,0.39410971815174156
102029,2,97503.92,0,733,Medium,735755.91,0.13252210233690137
102030,2,1187180.23,0,727,Medium,1010765.08,1.1745362532706414
102031,1,858015.09,0,760,Low,2152495.06,0.3986141970518622
102033,1,694952.87,0,714,Medium,496179.36,1.4006081792680776
102034,3,312514.57,0,730,Medium,1120681.68,0.278861139230901
102035,3,467966.38,0,699,Medium,224000.2,2.0891337597020003
102036,2,347324.8,0,688,Medium,556397.65,0.6242384381026771
102039,3,585922.37,0,753,Low,467922.97,1.2521769769071178
102040,1,1360335.87,0,694,Medium,2051920.42,0.6629574211264978
102041,1,0.0,0,784,Low,558476.6,0.0
102042,3,1006255.06,1,683,Medium,1167742.09,0.8617100202322929
102043,2,1009229.62,0,720,Medium,964674.89,1.0461862648876452
102045,3,733319.61,1,749,Medium,706001.66,1.0386938891900055
102046,1,73926.88,0,675,High,607134.68,0.12176355994027552
102048,1,0.0,0,621,High,634991.24,0.0
102049,2,359975.12,0,683,Medium,1251875.04,0.2875487636529601
102050,2,1582269.55,0,696,Medium,373516.02,4.236149094756364
102051,1,2596202.72,0,606,High,1116650.13,2.3249920904052557
102052,2,118119.02,0,804,Low,1671886.22,0.07065015464987803
102053,1,106531.12,0,648,High,3118655.94,0.03415930517811465
102054,3,800921.03,0,776,Low,466352.23,1.7174165329926696
102055,1,317806.34,0,692,Medium,532089.64,0.597279698962002
102056,2,3255600.65,0,692,Medium,1082115.17,3.008552823448543
102058,3,214953.35,0,621,High,624373.55,0.3442704291365321
102060,2,2562870.55,0,690,Medium,581000.83,4.411130617489824
102061,5,2194507.15,0,642,High,633744.9,3.4627610415484207
102062,4,3752191.32,0,679,High,918556.42,4.084878444374707
102063,6,2998913.56,0,677,High,283009.08,10.59652771564785
102064,2,0.0,0,642,High,656199.39,0.0
102065,5,703200.89,0,726,Medium,430305.0,1.6341917709531613
102066,4,1508712.46,0,758,Low,678690.42,2.2229759188290883
102067,2,336744.03,0,742,Medium,522286.46,0.6447496839186679
102068,1,1378556.26,0,713,Medium,910010.06,1.5148802420931478
102069,2,210205.6,0,726,Medium,915887.09,0.22951038648224642
102070,1,114153.71,0,741,Medium,2932894.52,0.03892186003334344
102071,3,842010.0,0,729,Medium,423514.62,1.988148602756618
102072,1,0.0,0,619,High,571332.03,0.0
102073,1,588357.53,0,590,Very High,509033.53,1.1558325637212936
102075,1,196518.97,0,771,Low,768875.63,0.2555926632763741
102076,2,314316.42,0,575,Very High,293443.56,1.0711307482774541
102077,2,418243.09,0,648,High,625100.54,0.6690813129036811
102078,2,166932.59,0,645,High,1315249.26,0.1269208773400108
102080,1,70433.63,0,604,High,967538.37,0.07279673053173075
102081,2,93748.02,0,654,High,929674.25,0.1008396435633234
102082,1,370734.43,0,681,Medium,933627.61,0.39709025957362165
102083,2,236085.22,0,722,Medium,771193.88,0.3061295299698177
102084,2,860327.45,0,731,Medium,362602.22,2.372648049424518
102085,2,2167474.0,0,732,Medium,1011432.17,2.142975143849735
102086,1,2070259.47,0,700,Medium,892596.69,2.319367182506581
102087,4,2631641.96,1,562,Very High,928064.01,2.835625486651508
102088,1,142723.61,0,646,High,180000.0,0.7929089444444444
102090,1,0.0,0,715,Medium,972248.22,0.0
102091,1,1343920.36,0,642,High,1476252.84,0.9103592037797537
102092,3,2243739.98,1,701,Medium,524479.64,4.278030659111953
102093,1,1262814.1,0,714,Medium,416805.7,3.0297428753973374
102094,2,1111923.49,0,687,Medium,504129.3,2.205631551270676
102095,3,574920.71,0,703,Medium,1179339.22,0.48749392901560584
102097,5,769281.38,0,710,Medium,677707.65,1.1351227627429024
102098,1,2224917.5,0,693,Medium,626864.72,3.5492785429047595
102099,1,210690.08,0,776,Low,188365.9,1.1185149753750545
102100,2,96016.37,0,680,Medium,589930.19,0.16275886812980364
102101,1,479357.43,0,681,Medium,457888.71,1.0468863274659033
102102,1,0.0,0,690,Medium,615403.64,0.0
102103,1,355405.91,0,798,Low,280426.8,1.2673749798521396
102104,3,733619.47,0,674,High,1588314.76,0.46188544517460756
102105,3,963419.1200000001,0,760,Low,871071.15,1.1060165636297334
102106,2,213182.16,0,684,Medium,1344783.01,0.15852532223767463
102107,1,0.0,0,621,High,874213.89,0.0
102108,2,1262605.9100000001,0,682,Medium,564782.92,2.2355596553805133
102109,2,0.0,0,722,Medium,370840.7,0.0
102110,1,458599.71,0,717,Medium,696775.89,0.6581739072515842
102111,3,912618.7300000001,0,645,High,282966.58,3.225182033864211
102113,2,867435.09,0,847,Low,313134.29,2.770169597203807
102114,3,1998929.0,0,660,High,1210907.01,1.6507700289884357
102116,1,155107.71,0,761,Low,878639.56,0.17653167130330438
102117,2,1355677.37,0,675,High,938896.39,1.4439051895811423
102119,2,41113.83,0,741,Medium,1305569.72,0.03149110259695668
102121,4,1922756.98,0,717,Medium,2396077.9,0.8024601286961497
102122,2,1758643.7799999998,0,598,Very High,3225468.97,0.5452366140728986
102123,1,23138.23,0,763,Low,713682.46,0.03242090326838073
102124,2,0.0,0,728,Medium,390131.11,0.0
102125,3,831188.74,0,780,Low,827440.58,1.0045298237608797
102126,2,1035952.5700000001,1,738,Medium,974087.16,1.0635111646477304
102128,2,130510.31,0,758,Low,440835.94,0.29605188270266714
102129,2,0.0,0,582,Very High,515792.9,0.0
102130,3,535977.1799999999,0,777,Low,698846.86,0.7669451072585487
102131,3,1187391.8699999999,0,705,Medium,1367549.44,0.8682624812452849
102133,2,3320189.56,1,664,High,807625.66,4.111050112003623
102134,3,1002322.6,0,642,High,711578.31,1.4085907143515939
102135,1,0.0,0,641,High,1096316.04,0.0
102136,2,416956.19,0,778,Low,1020942.53,0.4084031938604811
102138,4,1407453.25,1,648,High,1183709.64,1.1890189979360142
102139,2,264212.62,0,791,Low,335570.08,0.7873545221910129
102140,1,2576068.87,0,613,High,441190.56,5.8389029674614985
102141,3,291672.77,0,754,Low,437126.05,0.6672509451221221
102142,1,919373.93,0,668,High,493279.99,1.8637973334373448
102143,3,2562790.06,0,691,Medium,388835.6,6.5909347292274685
102144,2,1024518.17,0,763,Low,582924.56,1.7575484724815849
102145,2,639719.98,0,827,Low,1559541.88,0.4101973715511891
102146,2,1165337.11,0,646,High,577607.67,2.0175236073302143
102147,1,3568157.2,0,743,Medium,345290.88,10.333771920069248
102148,1,782791.54,0,710,Medium,792523.45,0.9877203507353632
102149,6,4259338.319999999,0,659,High,310202.47,13.730833026571322
102150,1,269012.86,0,732,Medium,1060233.13,0.25372991315598675
102151,4,2349240.27,0,757,Low,374088.52,6.279904740193578
102155,1,916464.61,0,736,Medium,746085.24,1.2283644828572136
102156,1,2652904.97,0,718,Medium,1301518.95,2.038314517049483
102157,1,137555.99,0,675,High,1044138.08,0.13174118695105919
102158,2,263603.34,0,683,Medium,533434.8,0.4941622481322928
102159,2,71203.92,0,817,Low,536480.76,0.1327240887445805
102160,2,2584226.38,0,731,Medium,950772.32,2.7180286232985833
102161,3,1209876.1600000001,0,778,Low,1078629.17,1.1216794368726373
102162,2,0.0,0,685,Medium,903208.58,0.0
102163,3,1247149.51,0,657,High,681524.35,1.8299412339412378
102164,1,0.0,0,724,Medium,1615457.62,0.0
102165,1,345335.11,0,718,Medium,288388.95,1.197463044267126
102166,4,1116508.9500000002,0,696,Medium,1731918.63,0.6446659390689736
102167,1,0.0,0,759,Low,417769.99,0.0
102168,4,7125309.27,1,764,Low,669724.92,10.639158044171328
102169,4,2592557.4,0,798,Low,2111633.42,1.2277497483441042
102170,3,3213523.0700000003,0,730,Medium,374238.38,8.586834599914633
102171,1,566341.49,0,649,High,841246.57,0.6732169974850537
102172,1,599527.44,0,700,Medium,1198389.6,0.500277572502298
102173,3,197726.81,0,730,Medium,1320938.07,0.1496866616918687
102176,1,1264776.02,0,717,Medium,228717.26,5.529866963254107
102177,1,223340.87,0,643,High,2628063.58,0.08498305432930203
102178,1,586411.02,0,671,High,586221.15,1.0003238880071113
102179,3,1710305.99,0,764,Low,882285.7,1.9384945148719968
102180,5,6033124.95,1,670,High,1253645.64,4.81246434997373
102181,4,301055.88,0,678,High,416416.09,0.7229688939253044
102182,3,1091338.88,0,649,High,302791.82,3.6042548309264095
102184,4,818873.9,0,692,Medium,726083.24,1.1277961738932303
102185,3,1411439.1400000001,1,640,High,507575.3,2.7807482751820274
102186,1,0.0,0,634,High,724333.97,0.0
102188,2,556071.77,0,618,High,549806.2,1.0113959609767953
102189,1,287866.75,1,670,High,534200.96,0.5388735168128489
102191,3,1484563.5099999998,1,649,High,451854.13,3.285492842568463
102192,5,3675677.3000000003,1,665,High,777559.34,4.72719844121479
102193,5,6970659.850000001,1,738,Medium,849836.66,8.202352496772733
102194,2,0.0,0,691,Medium,771869.84,0.0
102195,2,1776463.74,0,745,Medium,1142265.11,1.5552114167261923
102196,2,0.0,0,645,High,336619.44,0.0
102197,3,0.0,0,697,Medium,448982.31,0.0
102198,9,1818185.18,0,757,Low,273326.82,6.652055513615531
102199,1,0.0,0,674,High,804333.73,0.0
102200,2,1342457.38,0,700,Medium,428846.11,3.1303942106412017
102201,3,2197018.18,0,674,High,449636.44,4.8862102457710055
102202,3,2332725.47,0,753,Low,485359.94,4.806176360578914
102203,3,461514.75,0,773,Low,364494.78,1.266176569113006
102204,3,1177350.46,1,604,High,1765895.03,0.6667159938719573
102206,3,1385065.77,0,651,High,1267643.65,1.0926302277457864
102207,2,4362993.09,0,640,High,979714.26,4.453332229746253
102208,2,583549.6699999999,0,645,High,1095596.73,0.5326318106115558
102209,2,2800725.0,0,697,Medium,397927.41,7.038281177966605
102210,3,319487.04,0,627,High,699225.27,0.4569157519149729
102211,1,2261106.74,0,665,High,302926.52,7.464208614022965
102212,1,262278.62,0,616,High,904978.9,0.2898173869026118
102213,2,2664151.75,0,666,High,625737.67,4.257617653097343
102215,3,1560447.1199999999,0,664,High,435181.96,3.5857348498545294
102216,4,2076494.4300000002,0,722,Medium,2077439.9,0.9995448869543713
102217,8,1696385.23,0,760,Low,425883.7,3.983212388734295
102218,2,276277.58,0,779,Low,990916.37,0.2788101885934128
102220,1,2799672.04,0,590,Very High,488349.42,5.732927951465572
102221,2,413331.29000000004,0,707,Medium,1668231.19,0.2477661924064614
102222,3,646726.0700000001,1,668,High,1369218.7,0.47233219207420996
102223,2,291853.61,0,710,Medium,874727.39,0.33365093323532485
102225,2,576369.9,0,757,Low,1414055.82,0.4076005288108075
102226,2,3579823.01,0,707,Medium,1305289.21,2.742551598967098
102227,2,265667.7,1,667,High,321795.65,0.8255789038789058
102229,6,3595532.99,0,634,High,509794.77,7.052902857359639
102230,1,126907.8,0,730,Medium,881535.4,0.14396222772222192
102231,1,0.0,0,747,Medium,744071.08,0.0
102232,5,1394899.05,0,739,Medium,320815.4,4.347980333861778
102233,3,108376.07,0,611,High,693262.53,0.15632760362802242
102234,3,1698494.7000000002,0,722,Medium,584306.29,2.9068567788308424
102235,2,997231.31,0,776,Low,405480.83,2.459379670304019
102236,4,1042406.74,1,639,High,436479.13,2.388216682891574
102237,2,2519228.68,0,665,High,708230.82,3.557072932804591
102238,1,0.0,0,653,High,1046350.39,0.0
102239,2,1132934.91,0,642,High,1359747.4,0.8331951287422943
102242,3,3856622.99,0,765,Low,1263482.23,3.052376122456428
102243,2,806922.29,0,774,Low,1831248.1,0.44064061554521206
102245,1,0.0,0,609,High,1593806.39,0.0
102246,1,201141.28,0,723,Medium,363584.22,0.5532178486734106
102247,1,439544.22,0,686,Medium,2861399.66,0.15361161397495934
102248,2,0.0,0,621,High,657512.46,0.0
102250,2,702957.32,0,795,Low,890619.09,0.7892906494964081
102252,2,1844372.91,0,712,Medium,501777.13,3.6756814922991805
102253,2,227414.14,0,767,Low,1127150.2,0.20176028004076121
102254,2,197440.21,0,726,Medium,760058.62,0.25976971355183104
102255,1,2621194.69,0,695,Medium,393738.33,6.657199694020138
102256,4,1255964.0699999998,0,733,Medium,939826.79,1.3363782383773075
102257,1,326697.84,0,681,Medium,572576.2,0.5705753050860306
102258,3,1547661.69,0,693,Medium,605797.3,2.5547517131555386
102259,2,540002.29,1,578,Very High,635281.88,0.8500199785329939
102260,3,423503.06,0,721,Medium,746799.44,0.5670907573256885
102261,2,1280705.04,0,660,High,921868.55,1.389249085458008
102262,2,342241.08999999997,0,581,Very High,349048.89,0.9804961419587954
102263,1,883656.87,0,763,Low,1582135.89,0.5585214744101407
102264,2,994272.71,0,730,Medium,871192.36,1.1412780410516914
102265,1,2018611.69,0,640,High,195186.81,10.341947235061632
102266,2,3060704.86,1,651,High,1206596.38,2.5366434963115005
102267,2,2152753.6,0,669,High,638387.95,3.3721714202155604
102268,4,466485.39,0,751,Low,394962.55,1.181087649955673
102269,3,1039345.41,0,663,High,1061993.36,0.9786741133673378
102270,3,36759.65,0,690,Medium,1131712.05,0.03248145144341266
102271,2,415915.2,0,706,Medium,1317863.09,0.3155981855444483
102272,4,381651.07,0,729,Medium,1499233.67,0.25456410007120506
102273,3,78884.24,0,734,Medium,1241248.17,0.06355235150115066
102274,1,342043.49,0,775,Low,251199.79,1.361639235446813
102275,3,887235.43,0,637,High,486922.7,1.8221278860073684
102277,4,1562716.08,0,808,Low,1431897.15,1.091360563152179
102278,2,1148446.5,0,785,Low,857938.18,1.338612182989688
102279,1,103816.44,0,683,Medium,896950.95,0.11574372043421104
102280,3,919319.98,0,644,High,348363.26,2.638969390744592
102282,2,2408885.31,0,770,Low,734197.15,3.280978835180714
102283,3,3582251.59,0,778,Low,532217.19,6.730807755382723
102284,1,59446.42,0,631,High,682415.52,0.08711176439832435
102286,2,254777.23,0,780,Low,813567.46,0.31316054602282156
102287,2,1438539.71,0,781,Low,248662.79,5.785102427267063
102289,4,3316727.1,0,723,Medium,1297396.48,2.5564483572515937
102290,1,81247.71,0,685,Medium,454250.86,0.1788608831692691
102292,2,392722.33,0,670,High,533156.11,0.7365991360391613
102293,3,3207253.8,0,726,Medium,678117.34,4.729644282507214
102294,2,1726885.54,0,698,Medium,903817.66,1.9106570013248025
102295,1,2345969.07,0,725,Medium,1201334.47,1.9528025946013186
102296,1,693080.35,0,613,High,308582.31,2.2460145236452473
102298,5,597054.11,0,712,Medium,691176.74,0.8638226309525404
102299,1,542312.09,0,733,Medium,404969.25,1.33914387326939
102300,1,0.0,0,803,Low,740535.33,0.0
102303,2,134642.77,0,758,Low,706246.87,0.1906454750022467
102304,1,311982.58,0,745,Medium,550224.16,0.5670099619035267
102305,3,320438.30000000005,0,771,Low,579347.06,0.553102487479612
102306,3,1454877.55,0,662,High,2398965.32,0.6064604343675966
102307,2,1034088.68,0,756,Low,973666.05,1.062056831497822
102308,1,291620.57,0,702,Medium,850453.12,0.34290022946826276
102310,1,0.0,0,662,High,534120.75,0.0
102313,4,1133468.28,0,660,High,1231852.44,0.92013316140365
102314,3,2208446.34,0,720,Medium,2130311.57,1.036677625517473
102315,1,224600.89,0,741,Medium,430727.46,0.5214454866657445
102316,2,3580317.14,0,632,High,638604.47,5.606470527837051
102317,1,717974.85,0,764,Low,227777.42,3.1520896584042437
102318,2,3731645.6100000003,0,683,Medium,508071.84,7.344720404106632
102319,2,4212897.27,0,733,Medium,621991.23,6.773242236872053
102320,1,213450.34,0,765,Low,665351.93,0.32080817741071255
102321,2,54697.87,0,725,Medium,771061.97,0.07093835791175125
102323,1,0.0,0,705,Medium,648678.96,0.0
102324,1,82324.78,0,676,High,709152.78,0.11608891951322534
102325,1,576811.84,0,736,Medium,640364.55,0.9007554212674639
102326,3,1838013.02,0,673,High,1011086.81,1.8178587652626979
102327,2,3788158.77,0,651,High,954742.52,3.9677281472705332
102328,1,114194.6,0,741,Medium,2562834.83,0.044557924164000846
102329,4,2326028.22,0,623,High,927830.17,2.5069547156458603
102330,3,3032233.6799999997,0,690,Medium,469707.25,6.455582024761167
102332,2,322297.41,0,640,High,332014.06,0.9707342213158081
102333,7,2980281.75,0,728,Medium,438589.14,6.795156282255415
102335,3,723191.3200000001,0,801,Low,944642.04,0.7655718138481324
102336,3,4075401.2199999997,0,600,High,750610.74,5.429446986063642
102337,1,0.0,0,709,Medium,967543.69,0.0
102338,1,326180.11,0,627,High,845248.09,0.385898665562202
102339,3,1479471.01,0,687,Medium,991762.72,1.4917590469623623
102340,3,463854.66000000003,0,629,High,369538.91,1.2552254916809709
102342,2,673632.8700000001,0,634,High,1061591.79,0.6345498112791548
102343,2,2323259.88,0,768,Low,305439.32,7.606289458737663
102344,1,1410666.75,0,688,Medium,1315568.53,1.0722867853946005
102345,2,160499.2,0,711,Medium,3499759.93,0.0458600598927367
102347,3,1047063.77,0,647,High,2218609.05,0.4719460465556111
102348,3,534501.52,0,712,Medium,1017866.22,0.525119617389405
102349,1,0.0,0,781,Low,571053.95,0.0
102350,1,0.0,0,696,Medium,749738.73,0.0
102351,2,2512697.2600000002,0,736,Medium,703256.97,3.5729432727840584
102352,1,0.0,0,650,High,490381.73,0.0
102353,2,124898.08,0,663,High,413366.05,0.30214885813675313
102354,3,1108845.24,0,723,Medium,591250.97,1.8754222762628197
102355,3,245324.34,0,689,Medium,191788.04,1.2791430581385574
102356,1,882979.65,0,674,High,505827.8,1.7456131315835153
102357,6,2964482.01,0,580,Very High,726423.42,4.0809284618053745
102358,2,516020.45,0,641,High,1979193.61,0.2607225727653799
102359,4,631689.98,0,699,Medium,667689.71,0.9460831439202501
102360,2,243818.92,0,712,Medium,914881.37,0.2665033172552197
102361,2,308418.95999999996,0,608,High,342020.89,0.9017547436941643
102362,1,0.0,0,687,Medium,223335.74,0.0
102363,1,0.0,0,680,Medium,1610184.6,0.0
102364,2,3398034.54,0,716,Medium,595430.51,5.7068532480809555
102365,1,0.0,0,701,Medium,931509.38,0.0
102366,5,1748272.2799999998,1,669,High,880433.07,1.9856958348917992
102367,1,0.0,0,788,Low,1165497.66,0.0
102368,1,582290.81,0,684,Medium,745984.81,0.780566577488354
102370,1,107217.11,0,746,Medium,469824.7,0.2282066268546545
102371,2,519489.09,0,715,Medium,656348.82,0.7914832390496261
102372,4,197135.93,0,714,Medium,1202131.45,0.16398866363574466
102373,4,345614.63,0,656,High,957751.11,0.36086058934455323
102374,1,377477.31,0,675,High,763154.79,0.4946274529705828
102375,4,3118805.1100000003,0,662,High,1545669.96,2.017769116765393
102377,1,38550.77,0,774,Low,605652.85,0.06365159513407721
102379,2,388160.62,0,717,Medium,1175297.82,0.3302657534070811
102380,1,328516.78,0,689,Medium,569749.2,0.5765989316000796
102381,2,236327.13999999998,0,748,Medium,546241.79,0.4326419990678486
102382,2,1199954.97,0,623,High,586178.31,2.047081834194786
102383,1,0.0,0,741,Medium,994836.03,0.0
102384,1,505930.84,0,571,Very High,2129151.3,0.23762089617586127
102385,1,176771.98,0,649,High,419908.65,0.4209772292140207
102386,5,1265244.8499999999,0,624,High,312973.03,4.042664155438568
102387,2,204003.84000000003,0,696,Medium,850963.29,0.2397328326583865
102388,3,1267743.21,0,712,Medium,593412.64,2.1363603073908233
102389,1,238032.46,0,728,Medium,911555.07,0.2611278987236613
102392,1,60091.59,0,573,Very High,786207.27,0.07643224922099741
102393,3,251748.22,0,697,Medium,1517143.32,0.1659356876053081
102394,2,3089837.17,0,620,High,609809.69,5.0668876219398875
102396,1,1516488.31,0,676,High,557562.71,2.7198524628736385
102397,2,1897676.44,0,689,Medium,591003.1,3.210941600813938
102398,2,2153323.49,0,759,Low,936609.51,2.2990621673273424
102399,3,1113454.38,0,671,High,2963390.61,0.37573662285445386
102400,3,2018834.23,0,719,Medium,548995.99,3.677320539262955
102401,3,258595.55,0,734,Medium,1003145.06,0.25778480133272047
102402,4,2787538.4899999998,0,714,Medium,669085.03,4.166194676332841
102403,2,1059234.42,0,706,Medium,403027.32,2.628195081167202
102404,3,2485471.01,0,692,Medium,784567.96,3.1679486503629333
102405,1,2027424.02,0,662,High,948025.81,2.1385747082139037
102406,1,0.0,0,727,Medium,1124967.99,0.0
102407,2,99142.36,0,744,Medium,597543.17,0.16591664833186864
102408,3,2730697.07,1,642,High,593154.89,4.603682977308001
102409,6,1135089.49,0,714,Medium,420613.16,2.6986542456256006
102410,3,1093800.32,0,767,Low,2286383.56,0.47839756160598007
102411,2,1894661.3800000001,0,756,Low,471457.89,4.018728756453731
102412,1,40521.24,0,850,Low,913492.23,0.04435860390405291
102413,2,3576365.05,0,760,Low,495823.7,7.212977213473256
102414,1,120549.2,0,731,Medium,349389.0,0.34502860708265
102416,3,1872608.13,0,697,Medium,845436.48,2.214960170632807
102417,2,772828.27,0,730,Medium,854126.78,0.9048168118554952
102419,3,4080894.01,0,740,Medium,1572088.02,2.5958432085755603
102420,2,779201.31,0,735,Medium,922140.61,0.8449918608399646
102421,2,273987.9,0,642,High,626351.42,0.43743478700822613
102422,4,1551387.16,0,617,High,1166990.21,1.3293917521381777
102423,1,105327.55,1,652,High,657232.59,0.16025917095803177
102424,2,93422.87,0,699,Medium,657622.55,0.1420615366671961
102425,4,1139351.34,0,702,Medium,586370.72,1.9430563313256843
102427,1,493991.65,0,722,Medium,720672.81,0.6854589810319054
102430,3,815598.39,0,679,High,666015.85,1.2245930633632818
102431,1,221173.48,0,611,High,1757098.79,0.12587424296160377
102432,3,1505410.62,0,774,Low,1028374.88,1.4638733882725725
102434,1,0.0,0,649,High,826847.32,0.0
102435,2,518474.65,0,647,High,1381842.46,0.37520532550432706
102436,3,494819.41,0,709,Medium,1336054.71,0.3703586434720177
102437,2,624622.36,0,693,Medium,1363434.82,0.4581241074655846
102438,3,1335128.25,0,696,Medium,639818.9,2.086728369543319
102439,1,195157.57,0,670,High,867563.81,0.2249489521698698
102440,2,188140.7,0,696,Medium,648071.75,0.29030844192791927
102441,6,701634.04,0,653,High,1165216.9,0.6021488703090386
102442,1,0.0,0,615,High,445749.26,0.0
102443,1,243538.0,0,734,Medium,443442.38,0.5491987482116617
102444,2,93945.38,0,721,Medium,934621.2,0.10051706509546328
102445,4,583290.94,0,705,Medium,443105.27,1.316371028491717
102446,3,1544268.21,0,705,Medium,670207.67,2.304163737785931
102447,3,735489.6699999999,0,663,High,1025934.8,0.716897087417251
102448,3,622392.7100000001,0,658,High,1895936.8,0.32827713982871165
102449,5,1534088.92,0,669,High,506885.35,3.026500805359634
102451,3,262948.31,0,731,Medium,446183.96,0.5893271241754185
102452,2,62446.99,0,760,Low,1230300.14,0.050757524907702606
102453,2,707794.95,0,594,Very High,214099.48,3.3059162497732357
102455,5,2217385.09,0,620,High,554143.94,4.001460505008861
102456,1,192179.05,0,672,High,374284.24,0.5134574995730518
102457,3,1594984.1300000001,0,688,Medium,558894.25,2.8538209688147624
102458,2,1941101.03,0,769,Low,315255.99,6.157221723209764
102459,1,48087.48,0,758,Low,860840.17,0.05586110137030432
102460,1,799527.1,0,648,High,860498.93,0.9291436306608771
102461,2,302997.05,0,645,High,869046.98,0.34865439610641075
102462,1,2903237.09,0,650,High,619771.25,4.6843687731562245
102463,1,3167929.87,0,747,Medium,985018.89,3.216110779357744
102464,3,467542.25,0,711,Medium,1797989.94,0.26003607673133033
102465,3,668056.21,0,620,High,2551909.04,0.26178684252789824
102466,3,179707.84999999998,0,676,High,1401816.36,0.12819642795437197
102467,1,0.0,0,739,Medium,918442.35,0.0
102468,1,0.0,0,726,Medium,297697.3,0.0
102469,2,759167.49,0,678,High,500597.51,1.5165227050370267
102470,4,140971.90000000002,0,754,Low,1419009.61,0.09934527504715068
102471,1,0.0,0,752,Low,1056116.03,0.0
102472,1,114245.88,0,697,Medium,1679905.59,0.0680073217686001
102473,1,0.0,0,565,Very High,1274399.73,0.0
102474,1,84794.09,0,767,Low,1078208.03,0.07864353412392967
102475,2,177055.69999999998,0,740,Medium,2051106.06,0.08632205981586344
102476,1,1064037.34,0,719,Medium,284509.8,3.739896973671909
102477,2,99738.83,0,674,High,841157.53,0.11857330695238501
102478,3,249126.4,0,714,Medium,641100.01,0.3885921012542177
102479,1,501615.7,0,720,Medium,840650.09,0.5966997517361832
102482,5,4983486.529999999,0,789,Low,1416030.29,3.519336108269265
102484,1,0.0,0,768,Low,323522.06,0.0
102487,2,159218.11,0,754,Low,309907.38,0.5137603047723484
102488,2,2200254.28,0,608,High,451783.11,4.8701561242517455
102489,1,139364.77,1,724,Medium,719196.23,0.193778504650949
102490,3,387994.55000000005,1,667,High,817038.18,0.47487933795211384
102491,1,0.0,0,698,Medium,1281331.72,0.0
102492,4,2471545.4099999997,0,702,Medium,877617.33,2.8161994134732957
102493,1,237777.9,0,724,Medium,1020610.49,0.2329761474428898
102496,1,55543.13,0,696,Medium,1398224.76,0.039724035497697804
102497,2,140716.92,0,687,Medium,597334.18,0.23557486698651667
102498,3,1411237.32,0,778,Low,545902.3,2.585146316474578
102499,1,118916.4,0,685,Medium,753574.02,0.1578032108909487
102500,4,2358938.38,0,731,Medium,692385.84,3.4069708589072243
102501,3,189352.81,0,705,Medium,935583.49,0.20239007210355967
102502,1,0.0,0,702,Medium,3144360.05,0.0
102504,3,1845717.62,0,760,Low,369150.97,4.9998991469533465
102505,1,140992.31,0,733,Medium,475478.04,0.29652749052301136
102506,3,748895.64,0,622,High,896659.67,0.8352061156045972
102507,3,2075568.71,0,683,Medium,1083448.49,1.9157059418671578
102508,1,94801.86,0,770,Low,2279176.12,0.041594793473002864
102509,1,650249.51,0,609,High,2070791.74,0.31401009451582995
102510,4,3632178.83,0,693,Medium,1313542.05,2.765178952588537
102511,3,1413603.16,0,706,Medium,1126898.08,1.254419707592367
102512,2,1641706.66,0,788,Low,639992.18,2.5651979997630594
102513,1,0.0,0,739,Medium,1148144.8,0.0
102514,1,1019682.41,0,806,Low,1098768.59,0.9280228969777885
102515,1,0.0,0,760,Low,1062633.58,0.0
102516,2,181950.14,1,646,High,685528.13,0.26541600853053254
102518,2,256795.03,0,729,Medium,824494.67,0.31145747734184864
102520,5,3687882.63,0,680,Medium,1849335.23,1.9941666444109216
102521,6,3334218.11,0,751,Low,560279.77,5.950987860939544
102522,1,1596847.54,0,803,Low,592909.43,2.693240247502894
102523,1,829423.59,0,707,Medium,1233603.94,0.6723580908796384
102524,3,0.0,0,768,Low,493066.19,0.0
102525,3,248645.47,0,761,Low,606330.82,0.41008218912573174
102527,3,364955.84,0,692,Medium,808555.63,0.4513676319339957
102529,2,1147134.79,0,653,High,543040.88,2.112428055140158
102531,4,1104270.46,0,700,Medium,571495.72,1.9322462467435453
102532,1,0.0,0,736,Medium,823666.61,0.0
102533,1,0.0,0,749,Medium,676228.1,0.0
102534,4,400583.98,0,712,Medium,936775.52,0.42762003430661805
102535,3,1317087.5,0,719,Medium,1427033.77,0.9229546824249296
102536,4,439797.56,0,732,Medium,1423436.59,0.30896884560203697
102537,2,0.0,0,619,High,542064.04,0.0
102538,3,946596.69,1,647,High,570058.18,1.6605264571416198
102539,3,1430237.03,0,720,Medium,549059.1,2.60488721523785
102540,2,300237.78,0,728,Medium,1375765.21,0.2182332986890983
102541,1,445837.75,0,673,High,442717.52,1.0070479026897332
102542,1,348759.04,0,751,Low,564304.83,0.6180330584801126
102543,3,2917377.96,0,694,Medium,733396.01,3.977902688617027
102544,3,1187336.97,0,723,Medium,887421.79,1.3379623797608124
102545,1,0.0,0,688,Medium,1566883.38,0.0
102547,3,1274757.27,0,759,Low,543988.53,2.3433532137157376
102548,1,96811.02,0,642,High,1013762.87,0.0954967111786211
102549,3,940614.9099999999,0,640,High,643277.63,1.4622223222654267
102550,2,92439.51,0,689,Medium,721855.19,0.12805824669626606
102551,3,5083762.06,0,720,Medium,1633064.4,3.1130199519382087
102552,1,2149521.77,0,642,High,639269.09,3.3624678615385584
102554,2,673253.09,1,622,High,446419.05,1.5081190867638825
102555,4,1765406.23,2,628,High,808568.21,2.183373286466457
102556,1,780371.91,0,715,Medium,442833.07,1.7622259105445761
102557,3,1297250.07,0,689,Medium,1398190.63,0.9278062963417228
102558,1,1188682.3,1,693,Medium,965028.13,1.231759223433207
102559,1,788577.79,1,656,High,311582.54,2.5308792655711714
102560,1,0.0,0,676,High,274240.96,0.0
102561,1,543930.13,0,675,High,389125.28,1.3978277895489082
102563,1,128812.37,0,741,Medium,537210.6,0.23978002295561554
102564,4,1787372.52,0,676,High,668964.57,2.671849302871152
102565,1,0.0,0,666,High,692483.55,0.0
102567,5,1403407.8,0,629,High,1025795.64,1.3681163628264204
102568,2,2375151.67,0,746,Medium,271012.7,8.76398659546213
102569,1,471508.79,0,689,Medium,1804234.51,0.26133453682803126
102570,2,890851.53,0,680,Medium,747479.48,1.1918073389787236
102571,2,29535.2,0,681,Medium,1121762.12,0.026329289849794532
102573,1,2327883.61,0,583,Very High,954002.84,2.4401223061348536
102574,1,72028.36,0,717,Medium,1608663.91,0.044775269434620436
102575,2,652820.29,0,673,High,835366.47,0.7814777267754116
102576,2,1547517.8900000001,0,683,Medium,673930.65,2.296256877469514
102577,2,1702408.94,0,675,High,661214.81,2.574668495401668
102578,2,1382546.81,0,638,High,709354.01,1.949022336534053
102580,3,1260394.88,0,679,High,620026.94,2.03280663901475
102582,3,905656.8,0,702,Medium,1957611.18,0.46263364719852085
102583,2,480500.77999999997,1,592,Very High,234400.86,2.049910482410346
102584,2,955615.28,0,694,Medium,1089338.3,0.8772438093841004
102585,2,396532.83999999997,0,777,Low,388919.25,1.0195762745094257
102586,2,270645.54,0,727,Medium,678628.05,0.39881278116930174
102587,4,168594.24,0,727,Medium,1662117.87,0.10143338390315242
102589,2,138847.36000000002,0,703,Medium,1970246.78,0.07047206543334639
102590,1,0.0,0,727,Medium,936370.1,0.0
102591,1,0.0,0,671,High,742382.4,0.0
102592,5,2128045.14,0,636,High,363919.36,5.847573319539802
102593,1,0.0,0,626,High,978377.72,0.0
102597,1,0.0,0,768,Low,553511.22,0.0
102599,1,0.0,0,772,Low,1061084.78,0.0
102600,2,1208701.04,0,699,Medium,1161285.72,1.040830020711871
102601,3,4507625.4399999995,0,750,Low,492359.71,9.15514683360261
102603,2,1983944.4600000002,0,726,Medium,1258919.94,1.575909950238774
102604,1,0.0,0,788,Low,615842.91,0.0
102605,3,868438.16,2,722,Medium,1381527.31,0.628607305634805
102606,2,282809.01,0,744,Medium,382740.2,0.7389059471672952
102607,4,1046628.59,0,728,Medium,526024.03,1.9896972957680277
102608,1,74641.68,0,696,Medium,775739.37,0.09622004875168318
102609,2,0.0,0,674,High,645357.19,0.0
102611,2,541304.27,0,735,Medium,397758.35,1.360887257300821
102612,2,2510796.1300000004,0,801,Low,781671.75,3.212085034415022
102613,3,687707.29,0,705,Medium,731930.32,0.9395802731604288
102614,1,0.0,0,740,Medium,712191.98,0.0
102615,2,1359707.81,0,665,High,540745.96,2.514503871651672
102617,2,378452.76,1,736,Medium,869362.36,0.43532222858141684
102618,1,167091.29,0,667,High,1164582.51,0.1434774166409214
102619,1,94362.45,0,639,High,1857043.52,0.05081326796261619
102621,2,281897.57,0,675,High,476061.04,0.5921458517168303
102622,3,4746501.99,0,738,Medium,1738695.15,2.729921912993201
102624,4,1257383.95,0,735,Medium,1288241.45,0.9760468039589939
102625,1,0.0,0,733,Medium,1075526.99,0.0
102626,2,985708.5,0,703,Medium,286934.49,3.4353085263469025
102627,2,208257.12,0,663,High,431627.97,0.4824921795499027
102628,4,4079788.1799999997,0,693,Medium,233786.22,17.450935217653118
102629,5,2717106.0799999996,0,581,Very High,867691.44,3.1314197129799966
102630,2,0.0,0,609,High,519258.48,0.0
102632,2,293482.49,0,587,Very High,541778.19,0.5417022970230677
102633,2,113258.06,0,779,Low,806305.84,0.14046538469819345
102634,2,0.0,0,675,High,1016003.17,0.0
102635,3,1162300.77,0,683,Medium,639396.09,1.8178102559244615
102637,2,359105.96,0,557,Very High,999108.15,0.3594265145369898
102640,3,978924.46,0,727,Medium,852091.35,1.1488491932232383
102641,2,218976.84,0,641,High,431096.65,0.5079530077535976
102642,1,159469.69,0,687,Medium,264684.3,0.6024901741433096
102643,2,283947.02,0,784,Low,594091.66,0.47795153360678383
102644,4,2240411.38,0,642,High,1093419.06,2.0489960912150185
102645,4,1812601.04,0,723,Medium,840297.83,2.157093562885912
102646,5,4091974.7600000002,0,654,High,1088049.13,3.7608363879671507
102647,1,303871.98,0,796,Low,328418.88,0.9252573420870323
102648,4,2891877.1399999997,0,790,Low,731777.91,3.9518508286209397
102649,1,1892438.23,0,748,Medium,1231255.47,1.5369988407036275
102651,1,0.0,0,651,High,489682.3,0.0
102653,2,590544.05,0,663,High,295074.97,2.001335626671419
102654,1,106326.08,0,804,Low,3894789.47,0.027299570572167538
102655,1,1113794.37,0,700,Medium,882037.75,1.2627513618323027
102656,2,233301.14,0,667,High,512361.56,0.45534473741550796
102657,2,3387592.75,1,695,Medium,839983.41,4.032928162235966
102659,2,3332308.68,0,658,High,514851.8,6.4723648242076655
102660,2,642058.7,0,695,Medium,391994.87,1.6379262820454767
102661,2,400806.19,0,786,Low,1064242.86,0.3766115846903591
102662,3,1613898.08,0,638,High,1045700.84,1.5433650029390815
102663,3,1315360.18,0,629,High,643142.36,2.045208435656454
102664,5,4542645.07,0,745,Medium,899509.44,5.050136071946061
102665,3,1834922.43,0,679,High,1687655.5,1.0872612508891772
102667,1,0.0,0,678,High,670947.78,0.0
102668,3,1593990.6,0,712,Medium,475107.63,3.3550094743795214
102669,1,0.0,0,762,Low,782692.85,0.0
102673,2,204092.07,0,782,Low,1051007.06,0.19418715417572932
102675,2,2404855.87,0,643,High,1156010.32,2.08030657546379
102676,1,0.0,0,664,High,737822.86,0.0
102677,1,386924.38,0,707,Medium,736543.16,0.5253247888419736
102678,1,0.0,0,728,Medium,1199521.06,0.0
102679,2,5276318.6,0,788,Low,1108179.05,4.761250990983812
102680,4,3698939.51,0,721,Medium,493139.53,7.500797005666935
102681,1,0.0,0,636,High,212450.36,0.0
102682,3,3258123.1900000004,0,693,Medium,1115606.34,2.920495405216145
102683,3,633542.6699999999,0,647,High,1152658.16,0.5496362165171329
102685,3,599298.73,0,689,Medium,399487.44,1.5001691417382232
102686,1,29628.34,0,611,High,516016.95,0.05741737747180591
102687,2,2523107.51,0,712,Medium,559885.71,4.50646884700808
102689,1,2737884.56,0,680,Medium,706679.68,3.874293597914121
102690,3,3862095.37,0,673,High,320865.03,12.036510709814653
102691,1,665426.73,0,673,High,557938.95,1.192651507839702
102692,2,24543.11,0,714,Medium,1291901.89,0.01899765778653672
102693,1,56487.59,0,700,Medium,799525.54,0.0706513890725742
102694,2,996380.24,0,710,Medium,804074.41,1.2391642211322207
102695,1,1478629.11,0,672,High,456933.49,3.23598322810613
102696,1,0.0,0,683,Medium,814601.72,0.0
102697,1,817744.0,0,769,Low,896610.17,0.9120396214109415
102698,1,2455027.02,0,731,Medium,2070736.95,1.1855813071766552
102699,3,3088689.9299999997,0,748,Medium,1087922.55,2.839071522140983
102700,1,158634.25,0,632,High,2029952.84,0.07814676620763268
102701,1,219835.74,0,707,Medium,547773.4,0.4013260592792567
102702,1,962835.69,0,747,Medium,468878.48,2.0534866304804607
102703,1,263834.05,0,680,Medium,526694.23,0.5009245117418507
102704,2,756963.63,0,666,High,1621334.54,0.4668768914279714
102705,2,779971.37,0,613,High,706800.17,1.1035245930968012
102706,2,46146.2,0,739,Medium,560773.13,0.08229031943809433
102707,3,1544704.6800000002,0,646,High,1537331.99,1.0047957695852021
102708,2,1698217.6600000001,0,595,Very High,1189117.59,1.4281326542314456
102709,2,31262.8,0,697,Medium,1555963.17,0.020092249355747927
102710,4,1580600.74,0,706,Medium,1366022.9,1.1570821689738877
102711,3,2173812.6799999997,0,654,High,1443458.45,1.5059752360727805
102712,1,5101465.95,0,658,High,809184.49,6.304453450411537
102713,1,92655.09,0,655,High,906164.77,0.1022497155787683
102714,2,481382.27999999997,0,802,Low,785631.6,0.6127328381394027
102715,2,1005181.66,0,640,High,615648.98,1.6327187937515955
102716,1,77767.92,1,615,High,431429.78,0.18025626325563338
102717,1,41948.17,0,731,Medium,1043481.06,0.040200221746238496
102719,1,646946.18,0,591,Very High,1107419.78,0.5841923647056404
102720,2,206790.39,0,746,Medium,650898.25,0.31770002454300655
102721,1,0.0,0,725,Medium,1213367.63,0.0
102722,3,863544.77,0,734,Medium,370009.76,2.33384322078423
102723,1,0.0,0,695,Medium,2408800.56,0.0
102725,1,664875.4,0,777,Low,639521.97,1.0396443456039517
102727,2,334144.23,0,687,Medium,684084.65,0.4884545063246193
102729,3,5562598.720000001,0,749,Medium,885946.54,6.27870697480234
102730,1,1241414.62,0,770,Low,443171.72,2.8012045082660064
102731,2,118398.48999999999,0,578,Very High,298414.41,0.39675862167648
102732,2,1233844.75,0,665,High,1480177.3,0.8335790246209018
102733,2,1738229.79,0,707,Medium,537580.07,3.233434211949115
102734,1,0.0,0,709,Medium,447761.02,0.0
102736,5,1770404.0300000003,0,679,High,437217.95,4.0492482753738726
102737,2,1789028.3900000001,0,733,Medium,590592.98,3.029207001410684
102738,1,586636.18,0,738,Medium,2858919.87,0.2051950410208594
102739,2,1695947.87,1,575,Very High,971377.34,1.7459207664860703
102740,1,386453.6,0,743,Medium,871371.85,0.44350021176378374
102741,1,3060314.47,0,678,High,632264.37,4.840245022821704
102742,1,59711.08,0,688,Medium,1833883.97,0.03255990072261769
102743,1,1399658.07,0,774,Low,1903231.49,0.7354113660656172
102746,2,324005.01,0,672,High,544333.11,0.5952329631390603
102747,1,959062.15,0,639,High,1007755.87,0.9516810356063716
102748,5,4829663.08,0,699,Medium,615495.42,7.846789631675894
102749,1,0.0,0,741,Medium,435858.19,0.0
102750,2,1649194.72,0,710,Medium,814025.54,2.0259741727513854
102752,2,1113016.95,0,751,Low,341209.14,3.2619787090111356
102753,3,161309.94,0,768,Low,1017969.96,0.15846237741632377
102754,3,508672.86,1,781,Low,485046.56,1.0487093445214826
102755,4,186789.06,0,670,High,241313.34,0.7740519442480884
102756,1,177950.94,0,726,Medium,368463.37,0.4829542214739012
102757,1,0.0,0,663,High,463339.0,0.0
102760,1,117608.81,0,764,Low,2217390.71,0.05303928147150937
102762,1,547414.94,0,753,Low,1449155.89,0.377747448550894
102763,2,465718.77,0,597,Very High,608082.38,0.765881047235738
102764,1,829718.54,0,763,Low,397783.48,2.0858546966304385
102765,3,1317487.85,0,704,Medium,972586.31,1.3546230668206711
102766,1,537217.26,0,621,High,773998.66,0.6940803489246351
102767,4,2665746.4899999998,0,737,Medium,699350.76,3.8117446101009453
102768,3,1292714.68,0,773,Low,834141.34,1.5497549611915888
102769,1,117760.58,0,818,Low,2280853.0,0.05163006120955625
102770,1,97032.38,0,697,Medium,535978.74,0.18103774041485304
102771,3,183648.92,0,632,High,1852782.88,0.09912058341126297
102772,4,1667192.25,0,734,Medium,332168.66,5.019113633417434
102773,2,47939.46,1,641,High,252056.87,0.19019303064423518
102774,4,2262455.93,0,728,Medium,367834.09,6.150751089981899
102775,2,1860737.7400000002,0,667,High,423327.95,4.39549937583852
102776,1,42555.94,0,594,Very High,573721.78,0.07417522130674559
102777,3,1699187.16,0,701,Medium,1262968.14,1.3453919431411785
102778,3,359263.06,0,648,High,691416.32,0.5196045415879105
102779,1,0.0,0,677,High,1136787.2,0.0
102780,3,381037.80999999994,0,694,Medium,1208063.36,0.3154121071927882
102781,1,0.0,0,701,Medium,2033291.55,0.0
102782,1,79346.54,0,707,Medium,933968.86,0.0849563014338615
102783,2,2179891.69,0,708,Medium,667054.56,3.2679361190484926
102784,3,358151.81,0,739,Medium,925028.48,0.38717922501153695
102785,1,324903.94,0,762,Low,762518.32,0.4260932904536642
102786,2,730973.95,0,695,Medium,1188958.39,0.6148019612360026
102787,4,506275.37,0,768,Low,446357.52,1.1342373485720594
102788,3,1114433.3900000001,0,775,Low,2540286.28,0.4387038574250774
102789,2,2580346.65,0,681,Medium,889385.66,2.901268556544975
102790,2,3896352.33,0,695,Medium,317655.38,12.265973049157864
102792,2,492678.77,1,712,Medium,465369.58,1.0586828000231558
102793,1,0.0,0,634,High,298347.81,0.0
102794,1,0.0,0,657,High,258918.31,0.0
102795,1,89611.01,0,713,Medium,873964.02,0.1025339807467131
102796,3,2316669.89,0,690,Medium,706940.15,3.2770382188647793
102797,1,352179.17,0,581,Very High,786170.7,0.44796781411467
102798,2,0.0,0,728,Medium,1428326.98,0.0
102799,1,1068575.82,1,611,High,1381239.27,0.7736355627942725
102801,1,1075484.37,0,614,High,519444.55,2.070450772849576
102803,4,474135.28,1,718,Medium,893894.28,0.5304153864817214
102804,1,566168.22,0,687,Medium,656693.09,0.862150414891681
102805,3,482479.8,0,751,Low,736491.38,0.6551058343683533
102806,4,2145146.46,0,667,High,456323.49,4.700933673171197
102809,1,0.0,0,794,Low,1186807.1,0.0
102811,1,0.0,0,685,Medium,695996.93,0.0
102812,2,51997.58,0,683,Medium,1796286.08,0.028947271027118353
102813,3,705938.0,0,819,Low,1172510.14,0.6020741108473484
102814,2,490488.0,0,632,High,875882.76,0.5599927551947705
102815,3,195995.79,0,707,Medium,753651.76,0.2600614772000267
102816,3,1269088.44,1,733,Medium,843735.94,1.5041298821524658
102817,1,482762.26,0,694,Medium,680812.83,0.7090968893756012
102818,1,109508.59,0,722,Medium,588032.24,0.1862288877222106
102819,2,266827.4,0,725,Medium,500484.91,0.5331377523450208
102820,3,666291.35,1,677,High,1761520.84,0.37824778161579964
102821,5,980876.6300000001,0,657,High,726077.74,1.350925081383159
102822,2,1205991.87,0,586,Very High,330659.44,3.64723254234024
102823,1,378476.93,0,672,High,2218494.44,0.17060080168602992
102824,5,3430104.75,0,723,Medium,763021.29,4.49542469516152
102825,2,441073.61,0,616,High,615136.0,0.7170342981064349
102826,3,2318538.83,0,683,Medium,2465781.73,0.9402855093747491
102828,1,277276.24,0,782,Low,386975.76,0.716520952113383
102829,1,0.0,0,733,Medium,1626033.31,0.0
102830,3,237021.83,0,707,Medium,1311959.47,0.18066246360491608
102831,1,1018061.62,0,720,Medium,343882.68,2.9604911186570955
102832,2,152332.51,0,664,High,1205332.18,0.12638218121746322
102833,3,372275.81,0,696,Medium,468324.16,0.7949105380341686
102834,1,863688.8,0,671,High,748512.1,1.153874199228042
102835,1,0.0,0,652,High,774189.08,0.0
102836,1,0.0,0,809,Low,790036.78,0.0
102837,4,1207476.78,0,729,Medium,395391.17,3.0538789725627917
102838,3,0.0,0,770,Low,617951.03,0.0
102839,5,1429132.43,0,650,High,408419.67,3.4991763006909045
102841,3,999432.35,0,643,High,848453.45,1.177946002812529
102843,1,594879.06,0,668,High,354935.56,1.6760198949916432
102844,1,0.0,0,616,High,810318.29,0.0
102845,2,62328.93,0,696,Medium,464474.97,0.13419222568656392
102846,2,185240.71,0,778,Low,320979.0,0.5771116178940054
102847,2,2511046.04,0,647,High,690748.28,3.6352548572397456
102849,1,219613.96,0,726,Medium,987581.46,0.22237553953270853
102850,2,749353.0800000001,0,760,Low,736653.08,1.0172401369719382
102851,3,290242.93,0,724,Medium,1642461.94,0.17671211912526874
102852,3,734602.6,0,753,Low,513702.8,1.4300147867599708
102854,2,293628.3,0,775,Low,302935.83,0.9692755723217025
102855,2,0.0,0,733,Medium,837681.54,0.0
102856,2,252148.58000000002,0,641,High,1033706.68,0.2439266233628286
102857,2,0.0,0,763,Low,1997144.74,0.0
102858,4,500883.77,1,706,Medium,3674263.21,0.13632223424733908
102859,1,2793159.9,0,718,Medium,766011.86,3.6463663891574734
102860,4,459850.81,0,646,High,603377.6,0.7621277455444153
102861,2,4135525.56,0,704,Medium,1681948.93,2.458769993688215
102862,2,92593.94,0,701,Medium,1610726.78,0.05748581395039573
102863,4,873876.1799999999,0,810,Low,373273.58,2.3411144715894436
102864,3,1657659.2799999998,0,692,Medium,2252720.31,0.7358477981671856
102866,3,2742365.81,0,581,Very High,2750430.88,0.9970677067151021
102867,4,452269.08,0,634,High,655405.92,0.6900594977842128
102868,2,1030537.3500000001,0,653,High,653113.29,1.577884519851066
102869,2,498077.25,0,726,Medium,1291766.62,0.3855783562513792
102870,3,1441285.42,0,809,Low,466589.64,3.0889786151274166
102871,3,4825887.930000001,0,764,Low,507993.94,9.499892715255621
102872,1,122406.13,0,757,Low,2018987.64,0.060627478630825106
102873,2,349261.82999999996,0,797,Low,599828.89,0.582269103443817
102874,2,344771.16000000003,1,625,High,321663.95,1.0718364927123478
102875,4,688563.41,0,696,Medium,1251678.37,0.5501120946909068
102876,2,2625605.61,0,767,Low,1495905.49,1.7551948485729536
102877,1,45511.33,0,654,High,1075933.29,0.04229939757696316
102878,1,93077.26,0,757,Low,460500.39,0.20212200037441877
102879,2,317781.08,0,749,Medium,188868.3,1.6825538218959986
102880,1,509513.87,0,813,Low,1238957.49,0.4112440290425138
102881,2,374587.04000000004,0,630,High,955735.39,0.39193593113675534
102882,4,1394525.73,0,642,High,1177734.28,1.1840750105363325
102884,2,1150960.63,0,721,Medium,414427.94,2.7772273992916596
102886,1,0.0,0,603,High,966707.39,0.0
102887,3,871809.88,0,614,High,1284414.66,0.6787604557549974
102888,3,1796203.98,0,728,Medium,378372.09,4.7471894134686305
102889,1,57274.48,0,820,Low,603936.27,0.09483530439395535
102890,2,3140665.07,0,698,Medium,1163308.16,2.6997705148049507
102891,3,4270575.15,0,653,High,606771.34,7.03819522853535
102892,1,0.0,0,784,Low,1921554.85,0.0
102894,1,28460.69,0,721,Medium,910297.32,0.031265268363088225
102895,3,4456023.890000001,0,735,Medium,1604494.2,2.7772140840396933
102896,2,1887850.27,0,649,High,2323236.78,0.812594861725631
102898,2,426746.67,0,714,Medium,1134639.68,0.3761076556039359
102900,2,204774.1,0,750,Low,1488922.31,0.13753175610620005
102902,1,0.0,0,749,Medium,851125.91,0.0
102903,1,1232967.56,0,758,Low,1525739.73,0.8081113283980618
102904,2,116296.56,0,717,Medium,469349.66,0.24778234632150367
102905,2,63310.7,0,845,Low,270190.18,0.23431902669445648
102906,1,0.0,0,694,Medium,670975.22,0.0
102907,1,1678955.3,0,675,High,473152.08,3.548447467461202
102909,6,1180238.94,0,719,Medium,1029914.62,1.145958040677197
102910,3,537589.71,0,690,Medium,974725.87,0.5515291289026729
102911,2,582921.1799999999,0,762,Low,950134.48,0.6135143942992154
102913,2,443050.48,0,793,Low,598453.84,0.7403252354433886
102914,2,3348168.14,0,683,Medium,260319.01,12.861788848997236
102915,1,81995.7,0,770,Low,600216.47,0.13661021331187398
102916,3,508703.89,0,748,Medium,665678.68,0.7641883468462591
102917,3,1927605.05,0,633,High,435955.22,4.421566623287594
102918,3,1160518.99,0,778,Low,687627.4,1.6877148729093692
102919,4,1578764.65,0,791,Low,569852.43,2.770479806500079
102920,1,2518135.71,0,822,Low,1529060.66,1.6468514139916464
102921,1,162105.37,0,775,Low,723961.75,0.22391427447651757
102922,1,0.0,0,775,Low,1084422.73,0.0
102923,3,222523.86,0,807,Low,1257987.18,0.176888813763587
102925,2,1548098.37,0,617,High,747503.91,2.0710237756482104
102926,1,94791.95,0,659,High,573569.96,0.1652665875318854
102927,1,592547.93,0,765,Low,837577.03,0.7074548474663876
102928,2,1252421.81,0,698,Medium,770995.74,1.6244211803297384
102929,1,451020.98,0,768,Low,531551.35,0.8484993594692215
102930,4,5000454.01,0,681,Medium,1391472.03,3.5936432081929808
102931,1,0.0,0,735,Medium,415031.69,0.0
102932,3,1000968.33,0,688,Medium,307131.41,3.259088121270306
102934,2,120512.91,0,697,Medium,761946.52,0.15816452577275372
102935,1,291640.42,0,687,Medium,452075.74,0.6451140687177772
102937,3,381288.97,0,728,Medium,548776.12,0.6947987642027863
102938,3,390686.22,0,680,Medium,927653.31,0.4211554206603326
102939,3,393249.38,0,729,Medium,937542.9,0.4194468114472415
102940,3,509335.15,0,730,Medium,705153.6,0.7223038356465883
102942,4,1929149.4,1,671,High,830404.41,2.323144454399032
102943,2,68214.02,0,731,Medium,842961.58,0.0809218612312082
102944,3,3544062.9699999997,0,730,Medium,262735.24,13.48910397402343
102945,2,683943.14,0,787,Low,800978.78,0.8538842190051527
102946,2,147528.76,0,741,Medium,1046329.68,0.14099644005128478
102948,1,2157093.02,0,700,Medium,998240.92,2.1608942057795026
102949,1,1142883.26,0,717,Medium,732755.53,1.5597060864214836
102951,1,2084505.79,0,638,High,464951.65,4.483274314651856
102952,1,65134.6,0,715,Medium,331334.2,0.19658278559834752
102953,3,3182211.83,0,778,Low,1285195.11,2.4760534842059894
102954,3,883499.05,0,749,Medium,623734.21,1.4164672000273963
102955,4,483231.79,0,743,Medium,1173110.79,0.4119234040972379
102956,2,2919160.57,0,655,High,1979756.31,1.4745049960214547
102958,5,4373240.21,0,641,High,400840.7,10.910170075044775
102959,1,93846.68,0,641,High,1128122.77,0.08318835723881364
102962,3,298912.36,0,715,Medium,722794.84,0.4135507663557753
102963,1,0.0,0,745,Medium,1388451.18,0.0
102964,2,295049.16,0,702,Medium,2014898.79,0.14643373724989928
102965,2,553782.75,0,615,High,1549274.7,0.357446455428466
102966,4,1742415.26,0,673,High,868382.04,2.0065077117440153
102967,9,2703739.1599999997,1,802,Low,965945.72,2.7990591024100193
102968,3,2262943.23,0,628,High,571998.88,3.956202204451869
102969,1,0.0,0,649,High,1038962.19,0.0
102970,5,1100458.76,0,788,Low,833607.12,1.3201167955475237
102971,3,2617309.6399999997,0,737,Medium,474898.82,5.511299522706752
102972,1,0.0,0,656,High,496597.14,0.0
102973,2,645795.49,0,719,Medium,746411.33,0.8652005456562403
102974,2,2838866.11,0,619,High,1352579.78,2.0988529859584326
102975,1,2919368.66,0,725,Medium,2168783.23,1.346085961758382
102976,2,207290.91,0,733,Medium,383948.06,0.5398931042912419
102977,2,65347.94,0,677,High,1255096.63,0.05206606283374373
102978,2,157440.09,1,672,High,656907.97,0.23966841199993358
102980,4,1920707.57,0,693,Medium,476642.56,4.029660234285415
102982,2,224081.78,0,746,Medium,3120174.11,0.07181707561825773
102983,2,3911407.04,0,718,Medium,722890.61,5.4107868962359325
102985,3,3453708.39,1,625,High,710592.46,4.860322314706239
102986,2,1158734.26,0,687,Medium,865181.42,1.3392962830847661
102987,2,0.0,0,589,Very High,637912.32,0.0
102988,4,625282.7,0,766,Low,590868.72,1.0582430222402024
102989,1,307456.73,0,711,Medium,429894.24,0.7151915550206023
102990,4,504374.81,0,725,Medium,469155.65,1.0750692440770988
102993,2,106344.67,1,673,High,817837.37,0.13003156116478268
102994,3,2912954.39,0,620,High,1041917.56,2.795762833673712
102995,3,212775.66999999998,0,603,High,613441.98,0.3468554108409731
102997,3,230635.82,0,752,Low,763617.88,0.30203040819316596
102999,2,831297.49,0,709,Medium,639576.91,1.2997615720680098
103001,1,805783.03,0,657,High,653161.85,1.233665178087177
103002,3,1196010.64,0,622,High,729338.37,1.6398570117735611
103003,1,273026.06,0,627,High,617066.67,0.4424579600126514
103004,1,478742.33,0,577,Very High,803514.97,0.5958100942413058
103005,4,1388729.71,1,607,High,550564.34,2.5223749689273376
103006,3,1034420.22,0,673,High,1577968.02,0.6555394069393117
103008,2,3205388.3499999996,0,728,Medium,1662674.96,1.9278502576354428
103009,1,0.0,0,700,Medium,530789.44,0.0
103010,2,0.0,0,789,Low,1002269.95,0.0
103011,1,707307.25,0,640,High,609670.94,1.1601459141221329
103012,3,169069.44,0,723,Medium,814004.36,0.20770090224086762
103013,2,713703.2100000001,0,704,Medium,586877.45,1.2161026292627193
103014,2,484970.35,0,758,Low,1025664.08,0.4728354628544659
103015,1,0.0,0,629,High,1217690.71,0.0
103017,1,715924.89,0,654,High,724360.04,0.9883550312907928
103018,1,145290.6,0,725,Medium,657771.01,0.22088325236467932
103019,2,358376.83,0,682,Medium,778762.53,0.46018756192596993
103020,4,6628033.51,0,716,Medium,784809.46,8.445404710080838
103021,2,3454010.6399999997,0,709,Medium,1314464.1,2.627694921451259
103022,3,3348779.85,0,687,Medium,1049861.55,3.189734732165398
103023,3,553984.62,0,643,High,272067.83,2.0362003842938723
103024,3,4030658.06,0,696,Medium,1579394.45,2.55202749382841
103026,1,0.0,0,700,Medium,1734925.36,0.0
103027,4,1663008.2200000002,0,735,Medium,924408.8,1.7989965262122127
103028,1,0.0,0,772,Low,1920071.17,0.0
103029,1,75531.95,0,707,Medium,666804.33,0.11327453437502423
103030,1,284322.8,0,590,Very High,732278.72,0.3882712855564067
103031,3,522442.29000000004,0,742,Medium,871537.97,0.5994486849494349
103032,2,155755.61,0,705,Medium,783135.22,0.19888724963742532
103033,2,147855.58,1,666,High,413407.22,0.35765117987054024
103034,1,0.0,0,586,Very High,886227.33,0.0
103036,2,305115.64,0,700,Medium,969399.56,0.314747037846809
103037,2,356620.26,0,645,High,792393.6,0.4500544426406271
103038,5,1121205.29,0,810,Low,297915.34,3.763503047543641
103039,2,130436.95,0,779,Low,511684.41,0.2549167952957566
103040,2,35773.54,0,707,Medium,1020321.59,0.03506104384206944
103041,2,91654.49,0,601,High,869689.63,0.10538758522393789
103043,2,580564.36,0,692,Medium,1482253.13,0.39167693307552676
103044,1,187500.74,0,626,High,1340407.96,0.13988333820398977
103045,3,907283.02,1,737,Medium,1614348.68,0.5620118077589038
103046,1,0.0,0,666,High,495829.28,0.0
103048,1,218470.66,0,668,High,587383.21,0.3719388914776778
103049,2,258125.47999999998,0,664,High,599265.12,0.4307366996430561
103050,2,286654.9,0,750,Low,543423.9,0.5274977784377904
103051,4,879149.6100000001,0,727,Medium,585310.14,1.5020235425957256
103053,1,1318654.08,0,742,Medium,686278.93,1.9214549978971378
103054,3,1553692.42,0,684,Medium,1839595.68,0.8445836424229916
103055,1,33693.58,0,641,High,602044.07,0.055965304998353366
103056,3,211368.47,0,649,High,671694.86,0.31467930244396985
103057,1,32764.37,1,683,Medium,493551.77,0.06638486981821583
103058,2,153352.56,0,763,Low,547616.76,0.2800362793863358
103059,2,879771.8899999999,0,655,High,298746.84,2.9448742955741385
103060,2,2299314.36,0,710,Medium,442102.69,5.200860370245654
103061,1,260203.33,0,696,Medium,1260220.33,0.20647447418976328
103063,1,819321.96,0,697,Medium,553186.51,1.4810953361823662
103064,3,672944.1,1,664,High,396242.94,1.69831189926059
103065,3,1069578.11,0,730,Medium,1045644.68,1.0228886833718698
103067,4,696118.93,0,737,Medium,403874.96,1.7236001211860226
103068,3,0.0,0,702,Medium,543779.01,0.0
103069,1,210573.65,0,746,Medium,491901.0,0.42808136190005713
103070,1,474908.24,0,694,Medium,483759.55,0.9817030795567757
103071,4,1643544.1300000001,0,663,High,1327109.57,1.2384389105113605
103076,2,36922.93,0,767,Low,2523264.87,0.014632998080776196
103077,3,466620.73,0,717,Medium,1343410.74,0.34734033018077554
103078,1,297418.47,0,707,Medium,810455.97,0.3669767155888802
103079,1,0.0,0,697,Medium,759792.37,0.0
103082,1,0.0,0,693,Medium,627776.91,0.0
103083,4,533044.02,0,687,Medium,465824.2,1.1443029795360566
103085,3,1438502.2999999998,0,720,Medium,1235173.16,1.1646158988752637
103086,1,143477.66,0,648,High,987021.56,0.14536426134399738
103089,4,193007.6,0,678,High,664453.93,0.29047551874664956
103090,1,68548.42,0,676,High,855472.69,0.08012929086023775
103091,4,2735399.64,0,744,Medium,508878.46,5.375349626706542
103092,1,0.0,0,638,High,1832382.26,0.0
103093,3,2302146.84,0,604,High,410143.55,5.6130270487003875
103095,2,448931.02,0,627,High,631286.02,0.711137274986701
103096,2,341578.92,0,672,High,292322.23,1.16850134866582
103097,4,1342829.74,0,718,Medium,2148252.64,0.6250799905917955
103098,2,1529943.95,0,625,High,188122.46,8.132702230238749
103099,1,1177961.22,0,684,Medium,1098220.52,1.0726090057031532
103100,2,467833.27,0,706,Medium,671626.7,0.6965674086512642
103101,3,669177.27,0,743,Medium,1324946.32,0.5050599106535878
103102,3,77417.01,0,775,Low,1089968.87,0.07102680831609437
103103,2,133937.68,0,664,High,929653.19,0.14407273749041832
103104,2,2444312.02,0,711,Medium,776475.1,3.1479593099637064
103105,2,5222666.41,0,726,Medium,495893.76,10.531825224015725
103106,2,321010.63,0,648,High,1694973.04,0.18938981471941288
103107,1,0.0,0,630,High,692598.59,0.0
103108,2,2626191.91,0,745,Medium,527138.55,4.981976579022725
103109,3,859190.9199999999,0,599,Very High,652731.97,1.3162997363220925
103110,2,192313.7,0,587,Very High,971704.32,0.19791380571406744
103111,1,639787.38,0,699,Medium,903280.27,0.7082933185289213
103112,2,475308.99,0,795,Low,1182281.93,0.40202677376622004
103113,4,125212.94,0,695,Medium,402843.75,0.31082259560933984
103114,2,790336.79,0,701,Medium,1745389.84,0.45281390545965367
103115,3,1213604.45,0,737,Medium,1701460.95,0.7132719972209765
103116,1,362713.36,1,733,Medium,630598.44,0.575189117182085
103117,2,25453.72,0,705,Medium,1109061.68,0.022950680254320933
103118,1,279600.24,0,652,High,602597.34,0.46399182578535775
103119,3,692783.39,0,654,High,503903.04,1.3748347102648955
103120,1,640891.03,0,713,Medium,418687.05,1.5307161518370345
103121,1,1194979.11,0,730,Medium,958712.88,1.2464410721174415
103122,1,518198.23,0,610,High,866417.92,0.5980926964206834
103124,3,333688.70999999996,0,760,Low,1192347.84,0.27985852685404283
103125,1,1775990.19,0,720,Medium,1129771.38,1.571990777461543
103126,1,1182509.41,0,770,Low,180000.0,6.569496722222222
103128,1,524486.63,0,748,Medium,1252303.85,0.41881739004475627
103129,2,75084.61,0,635,High,1562639.11,0.048049872500631315
103131,1,159035.56,0,563,Very High,1636556.91,0.09717692004978917
103132,2,2736767.66,0,695,Medium,961188.81,2.847273742190153
103133,1,693796.46,0,679,High,574706.2,1.207219375743641
103134,1,176533.89,0,726,Medium,892591.88,0.19777671515452283
103135,1,155290.27,0,605,High,1223410.55,0.12693226325373766
103136,1,706479.88,0,732,Medium,502188.64,1.4068017946403566
103137,1,573163.81,0,800,Low,852382.0,0.6724259897557668
103138,1,1009418.49,1,622,High,967553.73,1.0432686668470597
103141,6,1412260.15,0,721,Medium,1023653.23,1.3796275033489611
103143,2,203869.31,1,658,High,1380678.25,0.1476588118919089
103144,4,2078585.0899999999,0,621,High,1036640.51,2.0051165953373746
103145,2,550688.89,0,686,Medium,248957.08,2.2119832462687947
103146,6,5762426.57,0,622,High,910895.67,6.326110398570672
103147,2,475144.01,0,810,Low,1173548.24,0.4048781241408534
103148,2,31754.1,0,716,Medium,975593.16,0.03254850618263867
103149,1,944116.1,0,680,Medium,189721.93,4.976315073328634
103150,2,411537.8,0,693,Medium,933147.5,0.441021167607479
103151,6,5911839.27,0,638,High,838519.92,7.050326568270434
103152,4,2490983.62,0,718,Medium,1942149.59,1.282591018130586
103153,2,1553002.18,0,596,Very High,768182.48,2.0216579008675124
103154,2,1877421.71,0,794,Low,1387079.05,1.3535073649912022
103155,2,4162318.62,0,571,Very High,1642256.13,2.534512457566531
103156,2,767124.62,0,792,Low,507382.31,1.5119262238370115
103157,4,490865.30999999994,0,733,Medium,666070.78,0.73695667898838
103158,2,2242534.24,0,751,Low,2292224.8,0.9783221261719184
103159,1,0.0,0,695,Medium,730748.72,0.0
103160,4,3107126.82,1,677,High,1839754.23,1.6888814654335649
103161,2,1265584.26,0,693,Medium,754481.56,1.677422387897724
103162,3,903429.9,0,711,Medium,884212.93,1.021733418894926
103163,3,1146130.03,0,718,Medium,286971.33,3.993883395947602
103164,3,147796.57,0,722,Medium,484807.7,0.30485606973651613
103167,1,315978.17,0,660,High,1325804.59,0.23832936798023904
103168,4,778941.26,0,753,Low,1289039.01,0.604280595045762
103169,2,1859181.33,0,579,Very High,875672.52,2.1231468243402225
103170,1,229772.94,0,671,High,377722.38,0.6083116917774372
103171,3,2325812.7399999998,1,651,High,683275.6,3.4039159893899327
103172,1,0.0,0,603,High,660763.96,0.0
103174,1,588304.42,0,658,High,1079609.56,0.5449233146842457
103175,5,1963759.72,0,667,High,699738.19,2.8064206699937304
103176,1,0.0,0,640,High,1355766.02,0.0
103177,2,1321470.28,0,782,Low,693861.61,1.9045156281235966
103178,1,111807.58,0,686,Medium,3452793.93,0.0323817703189718
103179,2,324130.96,0,752,Low,2792375.53,0.11607713809180961
103180,3,2017879.3800000001,0,690,Medium,1204844.64,1.6748046287527993
103182,4,985634.81,1,551,Very High,746741.04,1.319915147559052
103183,4,1705624.37,0,745,Medium,478699.87,3.5630349554930945
103184,2,3498502.4699999997,0,708,Medium,984507.53,3.553555827043801
103185,4,3877144.8,1,753,Low,592274.81,6.546192298808047
103186,3,1044187.3800000001,0,660,High,481413.2,2.1690044643561914
103187,3,434037.42000000004,0,729,Medium,693565.48,0.6258059729270263
103190,1,405582.65,0,752,Low,559982.86,0.7242769001894094
103191,2,65717.64,0,672,High,1251159.81,0.052525376434525976
103192,2,145481.04,0,741,Medium,308230.91,0.4719871864895056
103193,2,2097436.61,0,643,High,1093039.19,1.9189033926587755
103194,4,1283453.1,1,686,Medium,572483.89,2.2419025625332445
103195,3,1811971.2,0,703,Medium,765991.66,2.3655234053070497
103197,3,82256.44,0,652,High,1095548.74,0.07508241029970059
103198,1,56764.45,0,726,Medium,2360642.21,0.02404618953246625
103199,3,750498.89,0,696,Medium,516014.72,1.4544137229263538
103200,2,273460.4,0,672,High,873817.46,0.31294911410902687
103202,1,0.0,0,590,Very High,875765.46,0.0
103203,5,1122586.9100000001,0,700,Medium,359671.39,3.121145971604803
103205,1,51761.93,0,669,High,571310.93,0.09060202996641425
103206,2,57604.55,0,728,Medium,698685.38,0.08244705220538606
103207,4,142653.11,0,707,Medium,1034634.36,0.13787780061740845
103208,3,0.0,0,682,Medium,1216469.26,0.0
103210,1,121616.33,0,799,Low,1096987.25,0.1108639412171837
103211,1,101973.95,0,619,High,289568.7,0.352158054375352
103212,4,3123536.17,0,617,High,589434.93,5.299204392247334
103213,1,52032.73,0,693,Medium,355407.16,0.14640315631232642
103214,1,1965873.99,0,778,Low,1073235.29,1.8317269365974724
103215,2,2558222.73,0,677,High,352729.61,7.252645248580067
103216,2,1317663.38,0,750,Low,1362967.14,0.9667609301277799
103217,2,298092.27,0,747,Medium,476663.09,0.625373091086201
103218,1,0.0,0,678,High,752088.06,0.0
103219,1,109168.21,0,671,High,638637.71,0.17093918553603735
103220,2,67308.16,0,694,Medium,1049327.15,0.06414411368275376
103221,1,92219.81,0,570,Very High,582231.97,0.15839015160916017
103222,3,117529.5,0,699,Medium,190094.02,0.6182703695781698
103223,1,206710.5,0,747,Medium,830595.06,0.24887037011753957
103224,2,302530.27,0,718,Medium,302285.56,1.000809532549289
103225,1,1162803.58,0,748,Medium,1336815.17,0.8698312273042205
103226,2,235221.64,1,631,High,821134.45,0.28645934901403786
103227,3,168968.57,0,695,Medium,783607.48,0.21562909276976275
103229,4,2351654.75,0,694,Medium,615586.29,3.820187012287099
103230,1,225590.02,0,745,Medium,713426.03,0.3162066009842674
103232,4,610660.49,0,727,Medium,394169.87,1.5492317817188817
103233,1,0.0,0,675,High,849591.33,0.0
103234,5,2502464.47,0,603,High,795260.16,3.1467242996304505
103235,2,0.0,0,634,High,304448.47,0.0
103236,2,460349.06,0,683,Medium,601991.08,0.764710766146236
103238,1,0.0,0,800,Low,964782.43,0.0
103239,1,730799.97,0,654,High,919355.39,0.7949047538623774
103240,1,0.0,0,804,Low,435212.67,0.0
103241,2,451354.64999999997,0,699,Medium,1073773.52,0.42034436647310874
103242,1,0.0,0,715,Medium,2911126.86,0.0
103243,2,1620537.27,0,680,Medium,717246.92,2.259385470766469
103244,3,1858992.08,0,687,Medium,1761128.78,1.0555685087379016
103245,3,305679.96,0,748,Medium,252337.47,1.2113934565484865
103246,2,223518.72,0,714,Medium,733974.15,0.3045321419017277
103248,1,0.0,0,726,Medium,736009.45,0.0
103249,1,0.0,0,680,Medium,1305280.76,0.0
103250,2,770326.03,0,704,Medium,722603.3,1.0660427789355515
103251,1,213640.19,0,804,Low,633917.8,0.3370156036003406
103253,1,343360.84,0,705,Medium,218682.21,1.570136134987844
103254,1,110165.68,0,670,High,1512406.99,0.07284129254123586
103255,4,2540053.7399999998,0,720,Medium,850657.94,2.985987223019396
103256,4,2236261.2,0,706,Medium,391241.44,5.715808632132629
103257,1,189119.68,0,763,Low,1055091.42,0.17924482790315935
103258,1,972382.27,0,711,Medium,499400.37,1.9470996186887086
103259,3,303496.12,0,638,High,515064.97,0.5892385187833683
103260,1,1257348.63,0,631,High,911934.74,1.378770404119049
103261,3,780705.94,0,739,Medium,683404.48,1.1423775565533314
103263,2,1690134.21,0,707,Medium,575248.38,2.938094688767311
103264,3,1398090.1199999999,0,767,Low,860326.92,1.6250684332881271
103265,1,132416.48,0,714,Medium,767245.96,0.1725867412843725
103266,3,2260516.49,0,762,Low,386528.44,5.848253986174989
103267,1,315203.77,0,795,Low,289526.71,1.0886863253480137
103268,1,0.0,0,635,High,541120.51,0.0
103269,1,788510.5,0,725,Medium,562484.04,1.4018362192107707
103270,2,275252.82,0,745,Medium,744950.62,0.36949136306511166
103271,2,587080.81,0,691,Medium,414270.07,1.41714512467676
103272,2,161411.39,0,639,High,562710.39,0.2868462940590097
103273,1,74679.45,0,758,Low,586394.72,0.12735355120523595
103275,1,254404.8,1,763,Low,1243716.4,0.20455209885469067
103276,4,1743392.6099999999,0,693,Medium,640154.55,2.7233932961969884
103277,2,126300.38,0,802,Low,727906.12,0.17351190837631644
103279,4,514097.76,1,714,Medium,416571.02,1.2341179182363669
103280,1,545917.04,0,727,Medium,264003.06,2.0678436075703064
103281,1,173304.41,0,742,Medium,317853.0,0.5452344637300891
103282,1,0.0,0,678,High,693267.01,0.0
103283,2,0.0,0,766,Low,861769.88,0.0
103284,1,113702.15,0,665,High,535616.49,0.21228276597682794
103285,1,1048293.42,0,749,Medium,570908.02,1.8361861863492477
103287,1,0.0,0,722,Medium,1836534.53,0.0
103288,1,875823.89,0,673,High,244043.32,3.5888050121593165
103290,1,1484829.29,0,760,Low,665574.12,2.23089997850277
103291,4,470394.11,0,677,High,1617637.77,0.2907907559552099
103292,2,589375.4299999999,0,707,Medium,519647.06,1.134184094104179
103293,2,0.0,0,633,High,525855.64,0.0
103294,2,2215215.66,0,758,Low,640512.03,3.4585075006319554
103296,1,2188567.96,0,703,Medium,934012.31,2.343189630980345
103298,4,107491.35,0,734,Medium,324440.61,0.3313128710983499
103299,2,194097.68,0,656,High,775359.6,0.25033246509103646
103300,4,1576349.71,0,802,Low,498838.51,3.1600401300212364
103301,3,384428.26,0,736,Medium,560094.61,0.6863630771237024
103302,2,617558.03,0,641,High,311286.94,1.9838867316438011
103303,1,745032.3,0,739,Medium,904157.09,0.82400758478817
103304,1,3228274.69,0,704,Medium,763019.79,4.230918689540149
103305,2,781418.88,0,694,Medium,291972.15,2.6763473160025706
103306,1,104927.62,0,725,Medium,1571036.56,0.06678878306944047
103307,1,947085.32,0,622,High,683068.54,1.386515795325605
103308,3,1720736.1,0,748,Medium,866916.42,1.9848927304895205
103309,3,2023622.74,0,695,Medium,1130434.91,1.7901276067279275
103310,2,57690.58,0,664,High,867946.18,0.06646792316085774
103311,3,766946.96,0,676,High,738159.08,1.038999560907657
103313,1,769870.37,0,647,High,342143.9,2.250136185388662
103314,3,4219113.05,0,728,Medium,577450.62,7.306448211970055
103316,3,2735373.63,0,694,Medium,990826.15,2.7606998765626036
103317,2,1910490.76,0,712,Medium,839292.17,2.276311906972753
103319,2,470397.98,0,696,Medium,669334.27,0.7027848432144375
103320,1,0.0,0,605,High,804630.49,0.0
103321,3,2711167.1799999997,0,726,Medium,821179.05,3.301554246908758
103322,2,2066182.54,0,637,High,620271.52,3.3310936797485073
103323,1,0.0,0,592,Very High,830027.76,0.0
103324,2,419116.38,0,744,Medium,298667.83,1.4032859849686523
103325,2,140804.64,0,783,Low,693732.72,0.20296669875971832
103326,3,1780747.6300000001,0,680,Medium,1341033.55,1.3278919308170927
103327,4,104603.76,0,704,Medium,2978705.29,0.03511719012658684
103329,2,0.0,0,728,Medium,662091.82,0.0
103331,6,1934314.07,0,618,High,1399916.25,1.3817355645382359
103332,1,256994.92,0,674,High,705147.25,0.3644556792925166
103333,5,1727991.0699999998,0,722,Medium,800143.83,2.1596005683128245
103334,1,1334106.81,0,695,Medium,703114.17,1.8974255774136937
103335,3,800994.3899999999,0,746,Medium,535414.7,1.4960261457147142
103336,1,141063.98,0,700,Medium,982610.6,0.14356040938292342
103337,2,1472658.13,0,816,Low,233195.35,6.315126480866792
103338,2,257009.55,0,773,Low,548342.33,0.46870273538794643
103339,2,547137.6599999999,0,831,Low,1027593.51,0.5324456165551298
103340,3,4484620.92,0,683,Medium,1114298.19,4.024614739794202
103341,1,1438266.3,0,749,Medium,463016.82,3.1062938491089804
103342,1,203741.59,0,710,Medium,1647643.96,0.12365632075026695
103343,2,216243.02,0,705,Medium,1025117.36,0.21094464735237728
103344,1,686914.54,0,774,Low,2027826.31,0.3387442684871763
103345,2,560607.0599999999,0,802,Low,617328.22,0.9081183102240166
103346,1,1328966.04,0,671,High,420505.13,3.1604038695080843
103347,6,1936108.8900000001,0,802,Low,640398.49,3.023287718870168
103348,1,298275.05,0,733,Medium,1236943.28,0.24113882570266276
103349,2,83066.35,0,651,High,1357629.26,0.06118485542953015
103350,1,94584.85,0,682,Medium,290775.75,0.32528451908386447
103351,3,272930.48,0,692,Medium,1585523.54,0.17213902733982744
103352,1,445229.4,0,704,Medium,342572.69,1.299664021670846
103354,2,1586804.44,0,740,Medium,865362.15,1.8336882887701986
103355,1,0.0,0,599,Very High,599924.77,0.0
103356,4,189379.74,0,656,High,420459.49,0.4504113820810656
103357,1,190743.57,0,681,Medium,924690.44,0.20627829784852109
103358,3,1929086.1099999999,1,657,High,641563.48,3.0068514965970317
103359,3,734194.31,1,721,Medium,841159.09,0.8728364452436698
103360,1,68610.26,0,732,Medium,510152.91,0.13448959842255923
103361,4,238183.99,0,627,High,640820.02,0.3716862497523095
103362,1,312817.0,0,693,Medium,1282499.34,0.24391201636017995
103363,1,712679.87,0,698,Medium,1271765.37,0.5603862841461078
103364,2,1775430.69,0,697,Medium,508305.49,3.4928418538229833
103365,1,1985233.08,0,658,High,229841.8,8.637389195524923
103366,1,0.0,0,611,High,1055866.89,0.0
103367,2,0.0,0,700,Medium,753524.52,0.0
103368,1,1104993.48,0,734,Medium,221153.03,4.996510696688171
103369,3,263831.49,0,631,High,1260723.17,0.20926996209643708
103371,3,1943808.54,0,645,High,703530.42,2.7629346006104467
103372,4,2270453.13,0,725,Medium,515416.66,4.405082928440846
103374,2,67314.94,0,615,High,282862.86,0.23797730108505585
103375,2,75752.61,0,641,High,785230.76,0.09647178111056169
103376,1,117062.8,0,709,Medium,992414.98,0.11795751007305433
103377,3,3419878.61,0,696,Medium,528739.02,6.46798984118857
103378,2,1087589.59,0,655,High,1620291.85,0.671230673659193
103379,2,0.0,0,773,Low,672926.38,0.0
103380,5,646725.16,0,795,Low,446081.75,1.4497906717770903
103381,5,909141.89,0,728,Medium,433006.61,2.0996027982113254
103382,1,1476887.89,0,686,Medium,671276.75,2.2001177457732597
103383,1,204514.26,0,683,Medium,1110619.14,0.18414436833854675
103384,1,397847.94,0,731,Medium,934462.92,0.4257503764836383
103385,2,558837.4400000001,0,648,High,1029020.04,0.5430773146070119
103386,3,1054682.38,0,754,Low,390524.69,2.700680410244996
103387,1,0.0,0,696,Medium,1822260.08,0.0
103389,2,1012529.5,0,633,High,775470.47,1.3056970434992838
103390,2,4307078.77,0,773,Low,268705.97,16.028965675753316
103391,4,1113215.68,0,715,Medium,409933.16,2.715602904629623
103392,1,1236302.48,0,704,Medium,461259.23,2.6802769453524
103393,2,114611.29,0,740,Medium,2436701.33,0.0470354280144789
103394,5,1064580.5699999998,0,779,Low,751109.93,1.4173432243133834
103396,4,474298.83,0,716,Medium,346013.32,1.370753097019502
103397,2,6475673.83,0,726,Medium,809324.27,8.001334038827231
103398,2,592642.7000000001,0,665,High,841319.86,0.7044201951918739
103400,2,422207.82999999996,0,661,High,978349.29,0.43155122032132304
103401,1,81318.63,0,727,Medium,432059.87,0.18821148559804918
103402,3,1908952.1500000001,0,721,Medium,3348811.97,0.5700386188000874
103403,4,1070022.4300000002,0,749,Medium,373630.24,2.8638539268127765
103404,2,754442.5,0,650,High,738176.48,1.0220354081181238
103405,2,255599.5,0,722,Medium,600208.06,0.42585149556305524
103406,3,402480.05000000005,0,750,Low,336536.42,1.1959479749621158
103407,1,0.0,0,754,Low,684478.5,0.0
103408,1,1761946.3,0,660,High,710339.16,2.480429630262817
103409,2,1297830.67,0,648,High,1615392.76,0.8034149354488873
103410,2,189330.49,0,752,Low,834416.11,0.22690176727292571
103411,3,1045435.0800000001,0,707,Medium,985066.15,1.0612841381261553
103412,2,829851.29,0,796,Low,857097.68,0.9682108695008952
103414,2,1195265.71,0,731,Medium,464941.76,2.570785876493434
103415,3,688351.06,0,737,Medium,1212913.05,0.567518883567128
103417,1,0.0,0,725,Medium,1292708.35,0.0
103418,1,172224.78,0,698,Medium,539883.38,0.31900367075571023
103419,1,2240909.78,0,728,Medium,211555.4,10.592543513424852
103421,2,3804993.49,0,796,Low,536219.29,7.0959653279164945
103422,1,2124449.56,0,730,Medium,885615.49,2.39883965895854
103423,1,24893.15,1,684,Medium,815293.34,0.030532752788094655
103424,1,134722.65,0,725,Medium,964512.01,0.13967959818354153
103425,1,165809.21,0,736,Medium,583485.69,0.2841701396310165
103426,3,1602569.0,0,669,High,452965.71,3.537947717940945
103427,2,631460.4299999999,0,711,Medium,871358.76,0.7246847785176337
103428,4,3597441.7199999997,0,723,Medium,350486.67,10.264132784279642
103429,3,320248.37,0,714,Medium,624696.58,0.5126462674087314
103430,1,75125.84,0,776,Low,2391941.37,0.03140789358060227
103431,1,1268926.43,0,580,Very High,485814.86,2.6119547475348943
103432,3,1340812.3,0,701,Medium,432180.19,3.1024381288739775
103433,2,321796.3,0,681,Medium,506599.8,0.6352081070699199
103434,3,2547052.6799999997,0,700,Medium,1112181.5,2.290141204470673
103435,2,372748.7,0,634,High,955809.27,0.3899823026407769
103436,2,946783.16,0,702,Medium,1182390.21,0.8007366366810497
103437,2,1220469.98,0,691,Medium,1370137.28,0.890764741471745
103438,1,0.0,0,764,Low,347415.38,0.0
103439,2,0.0,0,801,Low,1088935.52,0.0
103440,2,0.0,0,612,High,1261686.62,0.0
103441,1,1448913.02,0,665,High,796177.3,1.8198371392904569
103442,2,1102072.94,0,753,Low,922263.57,1.1949652744063175
103443,1,0.0,0,695,Medium,454189.9,0.0
103444,4,471667.49,0,713,Medium,897145.14,0.5257426797184679
103446,2,0.0,0,737,Medium,523704.1,0.0
103447,3,1607787.08,0,705,Medium,252956.16,6.355991014411351
103449,1,975178.26,0,695,Medium,1368469.86,0.7126048505006898
103450,2,141745.44,0,616,High,528707.06,0.2680982546365089
103451,1,367224.33,0,641,High,758358.13,0.48423602975021846
103453,2,0.0,0,700,Medium,429523.22,0.0
103455,1,279437.09,0,650,High,299564.82,0.9328101009991762
103456,1,0.0,0,762,Low,666598.92,0.0
103457,1,0.0,0,671,High,1492394.2,0.0
103458,6,3705678.0,0,729,Medium,987080.11,3.7541816134862653
103459,1,2752403.79,0,772,Low,614313.96,4.480451315154877
103461,1,0.0,0,698,Medium,779348.38,0.0
103462,2,257459.59,0,724,Medium,426264.83,0.6039897544444377
103463,1,1054951.17,0,675,High,477341.33,2.2100562086253874
103464,1,109601.01,0,749,Medium,902252.98,0.1214748107565131
103465,2,469342.39,0,729,Medium,1052116.19,0.4460936866678195
103466,4,2102112.73,0,606,High,407989.62,5.152368165641077
103467,3,3014073.69,0,693,Medium,761303.24,3.9590974156369017
103468,1,238870.87,0,721,Medium,2898043.04,0.08242488696786228
103469,2,495934.10000000003,0,698,Medium,1122850.66,0.44167414035273406
103470,1,378373.58,0,735,Medium,1176709.59,0.32155221918434435
103472,5,4893274.4,0,629,High,1235459.52,3.9606918080165023
103473,8,970726.7,0,694,Medium,1162307.7,0.8351718740226878
103475,2,671729.64,0,654,High,705349.74,0.9523355605121511
103476,1,0.0,0,682,Medium,211823.52,0.0
103479,2,687108.89,0,673,High,602536.48,1.1403606467113825
103480,1,831882.93,0,716,Medium,548784.02,1.5158658045472972
103481,4,4025480.07,1,779,Low,893684.63,4.504363099542172
103482,1,0.0,0,689,Medium,1091404.11,0.0
103483,2,276117.06,0,702,Medium,1134841.45,0.24330893095242512
103484,2,2572940.02,0,670,High,559273.17,4.600506797063052
103485,1,0.0,0,815,Low,1079638.9,0.0
103486,1,60989.22,0,577,Very High,491563.76,0.12407183963276706
103487,3,503765.87,0,587,Very High,764695.85,0.658779395755842
103488,2,152030.67,0,765,Low,909979.44,0.16707044502016444
103490,3,518638.05000000005,0,721,Medium,588450.31,0.881362523200982
103491,1,57452.05,0,718,Medium,2392771.77,0.0240106685979499
103492,2,177966.25,0,764,Low,637820.18,0.27902260790807837
103493,2,0.0,0,704,Medium,199113.06,0.0
103494,5,917388.26,0,717,Medium,366529.61,2.5029035444094134
103495,2,1357330.96,0,699,Medium,390754.5,3.4736156845282653
103497,2,510980.32,0,793,Low,568622.01,0.8986291614002068
103498,2,2055295.3699999999,0,698,Medium,1106183.93,1.8580050878157306
103499,3,724913.4299999999,0,697,Medium,1168426.75,0.6204183788157879
103500,1,466601.26,0,674,High,619123.38,0.7536482631297173
103501,1,198380.75,0,697,Medium,1963993.47,0.1010088643522832
103502,3,325137.04,0,714,Medium,274685.62,1.183669680269393
103503,3,255557.13,0,723,Medium,2597632.86,0.0983807734862116
103504,3,1287229.3,0,762,Low,682476.78,1.8861144257537963
103505,3,221073.02000000002,0,766,Low,1421153.37,0.15555887539428626
103506,2,1470355.93,0,680,Medium,1268754.31,1.1588972887902937
103507,4,2327068.79,0,720,Medium,459223.05,5.06740415142489
103508,3,153483.91,0,670,High,1007596.14,0.1523268141936312
103509,3,1039771.09,0,687,Medium,864241.03,1.2031031320047372
103510,1,0.0,0,666,High,591473.37,0.0
103512,1,105824.66,0,806,Low,1560160.61,0.06782933713471974
103513,4,2591172.3,0,739,Medium,620965.94,4.172809059382549
103514,1,143631.19,0,658,High,970957.06,0.1479274376973993
103515,3,355021.98,0,719,Medium,1240472.34,0.2861990296373718
103516,2,355981.36,0,641,High,617595.17,0.576399196904341
103518,4,130061.07,0,674,High,615841.16,0.2111925581589902
103519,1,296594.2,0,722,Medium,761443.33,0.38951578970427125
103520,1,0.0,0,639,High,1716055.77,0.0
103521,1,550252.76,0,784,Low,635419.11,0.8659682268605362
103522,4,1587616.27,0,652,High,1398825.24,1.1349639859229306
103523,2,2309960.1100000003,0,756,Low,529140.01,4.365498859177177
103525,3,4142490.69,0,731,Medium,855859.11,4.840154929238295
103527,2,696612.8300000001,0,713,Medium,1397365.16,0.4985188195188723
103528,2,1027521.75,0,729,Medium,1576672.27,0.6517028107559728
103529,1,71345.02,0,687,Medium,920530.57,0.07750423758333198
103530,2,466092.51,0,643,High,547424.15,0.8514284764382426
103532,1,0.0,0,753,Low,1007999.9,0.0
103533,2,1907646.66,0,645,High,551952.85,3.456176845540339
103534,3,1107697.94,0,687,Medium,1832121.81,0.6045984136829854
103536,3,241380.85,0,783,Low,1119328.69,0.2156478719401001
103537,1,214852.72,0,632,High,920680.51,0.23336295019430792
103538,3,2753531.26,0,646,High,496944.57,5.540922320571889
103539,1,751969.06,0,753,Low,469452.22,1.6018010522987838
103542,3,3571475.94,1,751,Low,749453.75,4.765438747888045
103543,2,173151.79,0,760,Low,306767.64,0.5644395543154421
103544,1,193221.13,0,740,Medium,883645.18,0.2186637061721991
103545,2,420231.69,0,653,High,596015.77,0.7050680722760071
103546,2,377492.48,0,676,High,1125979.97,0.33525683409803464
103548,2,170763.89,0,669,High,501111.83,0.3407700233299222
103549,3,1105588.9100000001,0,694,Medium,180000.0,6.142160611111112
103550,1,193504.79,1,637,High,619880.94,0.3121644456433844
103551,3,909636.18,0,602,High,987492.33,0.921157716738924
103552,2,402258.32,0,725,Medium,776619.66,0.5179605162197414
103553,2,101335.39,0,792,Low,3520518.27,0.028784224999917413
103554,5,726735.22,0,571,Very High,968193.62,0.7506093874074485
103555,2,230853.15,0,684,Medium,420267.23,0.5493008579327016
103556,2,1298234.91,0,735,Medium,968064.3,1.3410626856087966
103557,2,256670.78,0,699,Medium,643255.59,0.3990183435483243
103558,1,72910.21,0,650,High,507121.14,0.14377276798202498
103559,3,881095.4,0,697,Medium,807530.96,1.0910979809368548
103561,1,0.0,0,774,Low,643938.04,0.0
103562,2,178419.14,0,658,High,592978.0,0.30088660962126756
103563,2,353444.85,0,719,Medium,1319513.43,0.2678599868437868
103564,1,175457.12,0,599,Very High,316828.7,0.5537917492954394
103565,3,826767.51,0,719,Medium,400651.31,2.0635587339025547
103566,2,359390.28,0,712,Medium,1314386.94,0.27342806677613524
103567,2,822261.1799999999,0,744,Medium,534486.93,1.5384121366634724
103568,2,64701.5,0,684,Medium,481554.05,0.13435978785766625
103569,2,1385529.07,0,782,Low,769557.86,1.8004222190648538
103570,3,1432495.49,0,630,High,1098719.16,1.30378675657208
103571,2,436872.69999999995,0,709,Medium,702495.42,0.6218869014121116
103572,1,204208.74,0,678,High,556307.68,0.36707877194864535
103574,1,1466462.03,0,719,Medium,588805.52,2.490571131194558
103575,2,1752573.57,0,698,Medium,934693.59,1.8750247019453725
103576,3,1333161.13,0,674,High,558520.55,2.3869509009113448
103577,1,0.0,0,732,Medium,654570.23,0.0
103578,4,1554332.27,0,721,Medium,1329393.84,1.169203755299483
103579,4,540986.19,0,790,Low,537706.63,1.0060991622885511
103580,5,1615482.85,0,760,Low,648091.13,2.492678537353227
103582,2,210136.02000000002,0,697,Medium,920458.94,0.22829483301015038
103583,1,1257513.88,0,702,Medium,700592.85,1.7949282240034279
103584,2,534476.45,0,649,High,552950.76,0.9665895928961196
103585,2,876887.64,0,707,Medium,835808.41,1.0491490986552767
103586,2,201941.99,0,719,Medium,661056.38,0.3054837622170744
103587,2,208451.57,0,655,High,633935.89,0.3288212156595204
103588,2,425838.94000000006,0,759,Low,631626.38,0.6741943552135996
103589,2,2820834.37,0,749,Medium,730433.69,3.86186235467863
103590,1,619275.72,0,714,Medium,1446097.79,0.4282391718474308
103591,3,1401892.72,0,785,Low,799685.77,1.7530544778857324
103592,1,102118.41,0,653,High,649133.76,0.15731489608551558
103593,5,793658.1,0,773,Low,898183.77,0.8836255190850308
103594,2,1428389.36,1,642,High,912092.75,1.5660571361848892
103595,1,465471.58,0,673,High,604084.55,0.7705404483528009
103597,3,1658575.3500000003,0,757,Low,699092.32,2.3724697047165395
103598,2,2668839.82,0,825,Low,482318.29,5.5333581067390165
103599,3,3839329.23,1,675,High,256168.66,14.987505614465094
103602,3,377786.4,0,643,High,943879.84,0.4002484045003017
103603,1,753315.87,0,629,High,933969.07,0.806574750917608
103604,3,3510917.67,0,750,Low,680706.17,5.157757964791181
103605,3,3755531.8499999996,0,656,High,299789.33,12.527236543075096
103606,3,231174.95,1,694,Medium,2263942.39,0.10211167520035702
103607,6,1595669.5999999999,0,791,Low,714995.29,2.2317204355290223
103608,1,232194.66,0,630,High,371147.14,0.6256134965771257
103609,1,65200.62,0,660,High,841409.33,0.07748977539861604
103611,2,542785.15,0,731,Medium,2285340.01,0.23750739392165987
103612,1,0.0,0,637,High,2281499.89,0.0
103613,3,854674.95,0,661,High,1113248.94,0.7677303065745564
103614,1,55301.21,0,727,Medium,1039099.93,0.0532202999955933
103615,2,2153530.87,0,702,Medium,1165148.59,1.8482886118413446
103617,2,1248962.94,0,704,Medium,745374.04,1.675619048927435
103618,2,615150.65,0,847,Low,661175.86,0.9303888529747593
103620,2,1012521.64,0,775,Low,669391.45,1.5126001982845763
103622,2,755418.79,0,610,High,1894440.22,0.3987556757003396
103623,3,1444612.75,0,696,Medium,1739897.13,0.8302862997423303
103625,2,263285.22,0,618,High,1001309.06,0.26294101443564283
103626,4,2434980.9800000004,0,798,Low,1018706.95,2.3902663862261866
103627,2,248597.85,0,734,Medium,659737.64,0.37681319804642344
103629,1,280913.94,0,641,High,790008.88,0.35558326888680036
103630,2,286353.39,0,650,High,920680.76,0.31102354088511636
103632,4,3446785.4,0,678,High,378633.95,9.10321274677033
103633,4,2107357.67,0,738,Medium,873260.2,2.4132070487123998
103634,5,572846.79,0,711,Medium,295546.77,1.9382610407144696
103637,1,876030.25,0,716,Medium,682884.84,1.2828374547017327
103638,2,173143.63,0,721,Medium,1076860.39,0.16078558707131946
103639,1,0.0,0,712,Medium,1824100.35,0.0
103640,1,101228.65,0,675,High,466418.07,0.2170341513569575
103641,1,134199.96,0,729,Medium,454327.64,0.29538145643087
103642,2,5815592.86,0,785,Low,1411556.3,4.119986471669604
103643,1,836549.4,0,643,High,441294.08,1.895673288887084
103644,2,546086.41,0,758,Low,388508.2,1.4055981572589717
103645,2,228745.77999999997,0,682,Medium,961750.0,0.237843285677151
103647,3,1416668.81,0,640,High,513814.61,2.7571594548469536
103648,3,442900.58,0,592,Very High,1694262.46,0.26141202467532687
103649,2,1778483.54,0,829,Low,836365.1,2.1264439895925835
103650,3,584539.6,0,758,Low,950261.53,0.6151354985400703
103651,1,339657.93,0,681,Medium,813254.09,0.4176529010754806
103652,2,1151586.95,0,684,Medium,806838.34,1.4272833762461015
103653,3,2894115.02,0,654,High,446152.5,6.486829099915388
103654,2,918056.0299999999,0,667,High,333651.52,2.7515415784708543
103655,2,54193.58,0,736,Medium,793049.58,0.06833567707078289
103656,1,256972.83,0,770,Low,911503.37,0.28192197468233166
103657,3,700171.2000000001,0,677,High,704510.02,0.9938413650951339
103658,3,842743.91,0,763,Low,663618.96,1.2699213868151087
103659,2,177234.78999999998,0,602,High,962063.09,0.1842236666620273
103660,2,205714.82,2,606,High,1202595.26,0.1710590643771538
103661,2,3441754.5,1,601,High,442906.9,7.770830619256552
103662,3,3369184.73,0,742,Medium,477672.75,7.053332495939951
103663,2,592204.6,0,669,High,565036.67,1.0480817112276977
103664,1,325300.41,0,714,Medium,991001.76,0.32825411934687176
103666,2,411509.11,0,656,High,244226.2,1.6849507137235888
103667,2,7086402.81,0,707,Medium,3146393.34,2.252230425201701
103668,2,739898.23,0,691,Medium,249384.0,2.966903369903442
103669,3,1470239.6800000002,0,701,Medium,1073439.76,1.369652713441507
103671,2,3916849.14,0,693,Medium,668979.51,5.854961297693557
103673,4,2657742.35,0,604,High,1236431.77,2.149526091520602
103674,1,2532061.65,0,779,Low,729743.24,3.4697980210135277
103675,1,256118.12,0,671,High,1260857.75,0.2031300676067542
103676,4,755239.88,0,689,Medium,268119.59,2.8168023082535667
103677,2,1478670.52,0,742,Medium,434120.9,3.406126081467167
103679,5,4547489.8,0,708,Medium,835716.71,5.441425001541491
103680,1,174495.07,0,659,High,707346.58,0.24668963551078457
103683,1,111049.04,0,691,Medium,618703.78,0.1794866034275724
103684,1,49519.95,0,700,Medium,1060037.9,0.04671526367123289
103685,1,2224079.54,0,664,High,593870.61,3.745057429260559
103686,4,2528451.14,1,629,High,495906.57,5.098644165976668
103687,1,880505.86,0,724,Medium,919421.02,0.9576742763614432
103688,1,0.0,0,615,High,1283551.77,0.0
103689,3,709389.3200000001,0,775,Low,704165.58,1.007418340442031
103690,1,1873302.72,0,714,Medium,599298.15,3.1258276368782383
103691,2,450037.1,0,717,Medium,820358.51,0.5485858859439393
103692,1,248738.14,0,669,High,758892.22,0.32776477798125275
103693,2,690697.11,0,776,Low,656882.84,1.0514768661029417
103694,1,68644.16,0,685,Medium,408895.53,0.1678770124975443
103695,5,2096773.28,0,638,High,1265931.37,1.6563088092208347
103696,1,0.0,0,656,High,1219260.98,0.0
103697,1,46467.42,0,650,High,975914.7,0.04761422284140202
103698,3,215341.47,1,654,High,893703.4,0.24095406820652132
103699,1,59998.86,0,613,High,512776.79,0.11700775302251883
103701,4,970253.53,0,655,High,690518.25,1.405109177056508
103702,1,1004664.67,0,667,High,612524.21,1.6402040174052877
103703,2,327813.7,0,639,High,564655.99,0.5805547196975631
103704,4,1651086.91,0,644,High,731301.29,2.257738270911569
103705,2,370505.26,0,715,Medium,734559.63,0.504390991375336
103708,2,56670.69,0,694,Medium,1022247.18,0.0554373649629437
103709,3,2882146.3600000003,0,675,High,1197693.69,2.4064135797526
103710,4,1428751.72,0,745,Medium,840255.89,1.7003769173221743
103712,2,4349158.85,0,654,High,665031.16,6.539782060738326
103713,3,205941.87,0,631,High,814905.4,0.25271874502242836
103715,1,0.0,0,800,Low,929889.95,0.0
103716,3,1257716.19,0,667,High,569463.96,2.2085966423581924
103717,1,0.0,0,681,Medium,1452569.57,0.0
103718,1,2954967.59,0,844,Low,595881.81,4.958982704976344
103719,2,330327.57,0,733,Medium,1397455.64,0.2363778574037599
103720,2,336158.11,0,746,Medium,718080.77,0.4681341209011905
103722,5,563356.89,0,778,Low,816992.54,0.6895496132681945
103723,3,1467699.25,0,701,Medium,1770362.79,0.8290386909905624
103724,1,192892.98,0,585,Very High,880562.33,0.21905658853246654
103725,1,373577.64,0,850,Low,480923.64,0.7767920079786471
103727,6,2824646.6399999997,0,719,Medium,3535470.94,0.7989449462141527
103728,3,1569785.1,0,659,High,505682.9,3.10428748925463
103729,4,499487.89,0,643,High,391652.3,1.2753350101607983
103730,3,556999.15,0,704,Medium,546386.11,1.019424066252343
103731,1,823822.83,0,703,Medium,307803.92,2.6764533408151525
103732,1,1512913.59,0,639,High,1197532.38,1.2633592337603432
103733,1,812994.1,1,649,High,696624.22,1.167048283219323
103734,1,236988.63,1,691,Medium,906795.57,0.2613473618976767
103736,3,2993503.9699999997,0,732,Medium,522400.06,5.730290249200967
103737,3,2900671.27,0,777,Low,832649.34,3.4836648882709738
103738,2,389801.97,0,637,High,854389.27,0.45623462710387264
103739,1,489257.61,0,757,Low,246521.39,1.9846456731401683
103740,3,354476.18,0,805,Low,325954.72,1.0875012946583502
103742,1,840044.6,0,677,High,821073.12,1.0231057131671781
103743,4,2600036.39,0,832,Low,516681.03,5.03218860193106
103744,2,1113091.8,0,713,Medium,1176278.95,0.9462821722687463
103745,2,2921818.71,0,711,Medium,979798.2,2.982061724546953
103746,4,2225119.37,0,822,Low,1207749.52,1.8423682503305818
103747,1,0.0,0,745,Medium,1559260.97,0.0
103748,1,40714.54,0,718,Medium,1132982.28,0.03593572531425646
103749,3,1348382.93,0,691,Medium,517341.92,2.6063670425160983
103750,2,2069431.8900000001,0,690,Medium,2142112.33,0.9660706681988055
103752,2,492563.86,0,751,Low,1195733.04,0.41193464052812323
103753,3,1070421.61,0,694,Medium,871538.13,1.228198254504367
103754,3,844165.6399999999,0,592,Very High,1297083.23,0.6508184058474027
103755,4,477038.01,0,740,Medium,793050.41,0.6015229347148311
103756,4,2002495.34,1,593,Very High,988724.79,2.0253313765906484
103757,5,2163382.77,0,666,High,1772502.98,1.220524193420538
103758,3,141696.16,0,685,Medium,1165239.27,0.12160263016195808
103759,3,3530093.26,0,748,Medium,1098988.69,3.212128834556068
103760,2,90480.72,0,734,Medium,1245761.54,0.0726308503632244
103762,2,228184.82,0,747,Medium,257786.97,0.8851681681195912
103763,3,771250.1499999999,0,628,High,251181.96,3.0704838436645687
103764,1,105334.32,0,666,High,1054921.63,0.09985037466716842
103766,1,244336.12,0,713,Medium,331671.94,0.736680106251979
103770,6,1560410.7200000002,0,702,Medium,2062369.21,0.7566107525431881
103771,1,151243.02,0,721,Medium,1046210.38,0.14456272169656736
103772,3,523465.73000000004,0,738,Medium,1088638.41,0.48084444310576924
103773,3,219446.21000000002,0,746,Medium,1272602.1,0.17243898151668932
103774,2,166273.2,0,732,Medium,1329127.9,0.12509947312068315
103777,1,247740.18,0,720,Medium,601280.01,0.41202131432907607
103778,1,662998.51,0,677,High,593721.31,1.1166830275975776
103779,2,499634.72,0,688,Medium,1268127.22,0.39399416093284395
103780,3,2193699.33,0,693,Medium,379669.94,5.7779115460128345
103781,1,134794.33,0,778,Low,291354.84,0.46264661331865975
103783,4,1513117.1400000001,0,660,High,457520.26,3.3072134117077137
103785,3,3136759.1799999997,0,651,High,888306.13,3.5311691252203783
103786,1,167710.04,0,662,High,499213.94,0.3359482309328141
103787,2,1548880.43,0,729,Medium,1345885.45,1.1508263426133332
103788,3,1240136.85,0,691,Medium,1586517.34,0.7816724209267073
103789,3,664436.78,0,659,High,477696.88,1.3909171439428283
103790,3,1721903.84,0,770,Low,743319.82,2.3165046776231533
103791,1,173485.48,0,648,High,795764.32,0.21801113173810058
103792,1,1079173.44,0,627,High,853283.77,1.2647298330776875
103793,2,1795092.5,0,680,Medium,767708.61,2.3382471899071184
103794,3,4535412.159999999,0,672,High,334631.25,13.553462684671558
103795,3,234526.74,1,651,High,689794.63,0.3399950214167367
103796,2,181565.73,0,609,High,1685834.8,0.10770078420495294
103797,2,125805.18,0,749,Medium,1327824.65,0.09474532650075446
103798,1,992326.59,0,771,Low,774199.02,1.2817461200092968
103799,1,0.0,0,817,Low,642757.41,0.0
103800,1,508627.03,0,598,Very High,1246011.5,0.40820412171155723
103801,2,1227197.9,0,680,Medium,527378.11,2.326979214211223
103802,6,1638144.53,0,771,Low,1057747.34,1.5487106117421197
103803,3,290821.03,0,723,Medium,721679.29,0.4029782121085947
103804,4,3350006.3800000004,0,713,Medium,727656.21,4.60383122408864
103806,2,1083670.6,0,766,Low,1526907.86,0.7097157781347724
103807,1,121221.08,0,771,Low,425364.19,0.28498186459936836
103808,2,1695847.21,0,653,High,763010.91,2.222572689032716
103811,1,0.0,0,707,Medium,1357329.56,0.0
103812,1,642462.52,0,670,High,857051.2,0.7496197660069784
103813,1,47563.82,0,798,Low,217078.3,0.21910904959178326
103814,2,445825.5,0,688,Medium,1300176.32,0.34289618503434977
103815,2,107277.73,0,850,Low,538747.93,0.19912416183204637
103816,1,263642.07,0,737,Medium,792973.73,0.3324726406762555
103817,2,492368.7,0,722,Medium,1251333.42,0.3934752258115188
103818,1,2635162.99,0,628,High,1177067.09,2.2387534341819038
103819,3,190163.96,0,660,High,372722.5,0.5102025233249938
103820,4,1035320.3700000001,0,673,High,1209261.0,0.8561595635681628
103822,1,0.0,0,793,Low,309312.19,0.0
103823,2,1566706.6600000001,0,703,Medium,884172.76,1.7719463105830133
103824,2,3273070.97,0,691,Medium,180000.0,18.183727611111113
103826,1,176103.43,0,740,Medium,180000.0,0.9783523888888889
103827,1,397092.58,0,674,High,664273.92,0.597784389909512
103828,6,1299735.28,0,589,Very High,218677.13,5.943626935290398
103829,1,512342.0,0,655,High,340408.49,1.5050799702439854
103830,2,290681.41,0,631,High,827864.49,0.35112196924885614
103831,1,0.0,0,686,Medium,242519.44,0.0
103833,1,0.0,0,760,Low,1367926.32,0.0
103834,2,896921.81,1,749,Medium,1966665.91,0.45606211275610103
103835,5,2689992.5999999996,0,685,Medium,1363125.23,1.973400932502731
103837,1,0.0,0,782,Low,1212515.02,0.0
103838,4,2485248.39,0,792,Low,939364.15,2.645670893444252
103839,2,3035337.41,0,704,Medium,683257.63,4.4424493437416865
103840,5,3596208.4699999997,0,747,Medium,401654.99,8.953476390272158
103841,1,302016.9,0,665,High,596300.73,0.5064842030295688
103842,2,1210487.7300000002,0,740,Medium,757472.3,1.5980620413446143
103843,5,610462.0599999999,0,659,High,543085.08,1.1240633972120906
103844,1,222646.5,0,706,Medium,224447.72,0.991974879495323
103846,1,2276066.95,0,711,Medium,1598078.8,1.4242520143562383
103847,2,432550.03,0,658,High,588907.21,0.7344960677251685
103848,2,1039593.71,0,713,Medium,621865.7,1.6717334787881049
103849,1,0.0,0,702,Medium,616465.02,0.0
103850,1,364388.37,0,713,Medium,917952.06,0.3969579522486174
103851,1,0.0,0,621,High,1032396.93,0.0
103852,4,349327.16,0,731,Medium,727114.97,0.4804290578696241
103853,1,1855554.52,0,760,Low,521125.63,3.560666398234913
103854,5,272401.54000000004,0,755,Low,1137251.7,0.23952616645901698
103855,2,2448203.3600000003,0,679,High,390582.24,6.268086741476009
103856,1,0.0,0,739,Medium,1506635.47,0.0
103858,2,2257481.35,0,711,Medium,737272.08,3.061937934771652
103859,3,1881579.54,0,716,Medium,334251.21,5.629237781966443
103860,1,0.0,0,583,Very High,783588.42,0.0
103861,3,707256.96,1,642,High,955633.46,0.7400922943824089
103862,2,612546.72,0,666,High,892926.08,0.6859993606637629
103863,4,115465.25,0,740,Medium,577608.94,0.19990211716598433
103864,3,691804.24,0,718,Medium,831082.31,0.8324136269968253
103865,2,4083527.33,0,793,Low,1093589.58,3.7340583749892713
103866,3,3538094.15,0,650,High,564383.53,6.268953578429193
103867,1,170932.92,0,704,Medium,458193.32,0.37305851599931666
103868,1,738329.27,0,650,High,388568.51,1.9001263638167694
103869,4,580429.02,0,610,High,650557.49,0.8922025015806059
103871,1,0.0,0,726,Medium,382813.81,0.0
103874,3,2333326.09,0,701,Medium,1058664.23,2.2040284576347684
103875,1,315249.93,0,813,Low,1442053.71,0.21861178111042756
103876,1,41310.92,0,683,Medium,1211592.27,0.034096387887981486
103877,1,52246.48,0,658,High,509265.99,0.10259173207305676
103878,1,0.0,0,658,High,1139579.38,0.0
103879,3,1073017.26,0,730,Medium,722150.42,1.485863928459669
103880,1,0.0,0,686,Medium,1182293.52,0.0
103882,4,2131690.49,0,675,High,748013.06,2.8498038389864475
103883,1,311136.24,0,726,Medium,528497.81,0.5887181254355622
103885,2,652546.16,1,652,High,592608.23,1.1011425879117474
103886,5,2461201.08,0,750,Low,1197241.23,2.055726964899129
103887,1,819594.64,0,754,Low,1558848.91,0.525769133071402
103888,3,1318832.4700000002,0,718,Medium,745696.91,1.7685904987858942
103889,1,1335476.25,0,756,Low,1273084.75,1.0490081276992753
103891,1,0.0,0,727,Medium,1150853.17,0.0
103893,4,2350335.74,0,808,Low,1031153.79,2.2793260935403246
103894,3,1619656.87,0,659,High,751445.32,2.1553888578346596
103895,1,306785.12,0,763,Low,1185871.7,0.25870009377911624
103896,2,1091726.6300000001,0,730,Medium,618875.57,1.7640486762145098
103897,2,3308793.08,0,701,Medium,661407.42,5.002654914273565
103898,4,2618763.3,0,578,Very High,584118.03,4.48327763483007
103899,2,1002901.75,0,652,High,898419.92,1.11629509505978
103900,1,252599.57,0,781,Low,1398581.48,0.18061126477951076
103901,1,124095.88,0,673,High,299013.89,0.4150171084025561
103902,4,395292.84,0,718,Medium,371435.57,1.0642299012988983
103903,4,235048.94,0,608,High,906068.11,0.2594164140706817
103905,2,599970.25,0,795,Low,2560091.16,0.2343550336699729
103907,2,311082.55,0,671,High,672514.69,0.46256617829418717
103908,1,0.0,0,761,Low,739709.79,0.0
103909,6,5540645.17,0,780,Low,1203910.03,4.6022086633832595
103911,4,1960202.2999999998,1,679,High,944171.46,2.076108400904217
103912,2,86870.65,0,627,High,502636.63,0.1728299228808692
103915,3,217838.37999999998,0,733,Medium,503319.43,0.4328034385638559
103916,2,78238.42,0,643,High,1999494.52,0.03912909948860475
103917,4,1004361.12,0,800,Low,2751922.62,0.3649670643718899
103918,1,235251.73,0,761,Low,180000.0,1.3069540555555557
103919,1,152898.71,0,678,High,833740.34,0.18338888340223528
103921,4,2053915.06,1,579,Very High,444037.58,4.625543315500458
103923,2,392456.49,0,697,Medium,337956.57,1.1612630877393506
103924,1,745007.83,0,839,Low,801104.08,0.9299763271708715
103925,2,2280661.4400000004,0,676,High,857615.76,2.65930448852759
103926,2,255543.78,0,658,High,810649.74,0.31523328435286985
103927,4,196297.65000000002,0,606,High,558308.38,0.3515935942068432
103928,4,1453765.72,0,624,High,325428.7,4.467232668784283
103929,2,337364.63,0,712,Medium,474562.54,0.710896039118469
103930,1,0.0,0,606,High,474354.84,0.0
103931,4,5397317.04,1,633,High,319897.51,16.872019541508777
103932,4,1447084.83,0,683,Medium,605028.68,2.3917623706697673
103933,1,274503.04,0,650,High,653743.98,0.41989379389772735
103934,2,1099756.63,0,647,High,936722.68,1.1740471897189464
103936,1,0.0,0,655,High,1428339.67,0.0
103937,1,0.0,0,626,High,842902.82,0.0
103938,2,630002.09,0,725,Medium,290885.4,2.165808562409801
103940,4,502588.72,0,708,Medium,764814.96,0.6571376689598226
103941,2,405175.95,0,677,High,1035482.57,0.39129190750163956
103943,2,1508411.2,0,747,Medium,714690.45,2.1105797621893507
103945,5,5321752.08,0,597,Very High,1601725.27,3.3225124056387023
103947,1,125677.58,0,688,Medium,377070.39,0.33330005042294625
103948,2,1242374.58,0,806,Low,343549.46,3.6162903006746103
103949,1,83368.61,0,656,High,511882.53,0.16286668349474634
103950,3,1285842.19,0,701,Medium,397058.67,3.23841861959594
103951,1,224643.76,0,749,Medium,469140.5,0.47884111476199565
103952,2,203233.06,1,643,High,1216095.94,0.167119265277705
103953,4,4664666.45,0,742,Medium,457545.45,10.194979427726798
103954,1,580189.11,0,632,High,937508.82,0.6188625617410192
103955,2,231651.39,0,659,High,340793.74,0.6797407428904064
103956,3,2509209.69,0,660,High,631046.31,3.976268698885189
103958,3,150620.18,0,741,Medium,1024726.98,0.1469856683191849
103959,2,1117211.05,0,688,Medium,405967.2,2.751973681617628
103960,3,613472.98,0,683,Medium,1180072.49,0.5198604197611623
103961,1,646277.04,0,757,Low,591647.1,1.0923353465266712
103962,3,153345.67,0,686,Medium,936533.91,0.16373744544925234
103963,1,57616.48,0,703,Medium,436973.87,0.13185337603825145
103965,3,3252323.85,0,714,Medium,1916862.34,1.6966914014284407
103966,1,2845130.0,0,697,Medium,1291193.55,2.2034883925806477
103969,4,1641643.4500000002,0,713,Medium,590636.45,2.779448254505797
103970,3,4445981.92,0,707,Medium,3286070.62,1.3529782022761274
103971,2,3596224.47,0,802,Low,407966.73,8.814994472711048
103972,2,572307.65,0,749,Medium,858939.72,0.6662954764741815
103973,2,1087827.65,0,723,Medium,583696.92,1.863685780627384
103974,3,3094368.59,0,693,Medium,299237.73,10.340836999398439
103975,2,949054.09,0,779,Low,660361.26,1.4371740855906658
103976,2,1237277.12,0,686,Medium,3135305.7,0.3946272671274128
103977,1,462644.79,0,708,Medium,1083104.21,0.42714707017896275
103978,2,863133.45,0,651,High,427479.05,2.019124562946418
103979,2,1232639.46,0,729,Medium,1295585.82,0.951414750741869
103980,1,0.0,0,739,Medium,1163236.46,0.0
103981,4,1040570.39,0,661,High,230555.38,4.513320790865952
103982,1,0.0,0,646,High,679354.04,0.0
103983,2,539411.66,0,696,Medium,1135400.51,0.4750849195937036
103984,1,0.0,0,806,Low,1458750.67,0.0
103985,1,47094.54,0,690,Medium,1014384.66,0.046426707596307695
103986,2,0.0,0,760,Low,1196441.71,0.0
103987,3,1931089.79,0,759,Low,1074321.76,1.7974966736222489
103988,4,2931073.4,0,729,Medium,482958.89,6.068991503603961
103989,4,2069749.3800000001,0,644,High,475117.67,4.356287948625443
103990,1,320532.3,0,758,Low,2302968.34,0.13918224338246873
103991,3,951112.66,0,742,Medium,702440.98,1.3540107810908186
103992,3,1013038.51,1,553,Very High,466758.39,2.170370220875944
103993,3,721891.95,0,677,High,865305.8,0.8342622342297947
103994,3,2215707.23,0,792,Low,943788.45,2.3476736020662257
103995,2,1329326.29,0,685,Medium,1117484.11,1.1895706418590595
103996,3,953461.9299999999,0,725,Medium,2090184.89,0.45616152645711644
103997,2,67470.56,0,723,Medium,586348.9,0.11506896320603653
103998,3,2395500.5,1,601,High,1017735.03,2.353756556851541
103999,1,24482.69,0,617,High,1434106.44,0.017071738412945136
104000,1,76836.61,0,723,Medium,1752581.94,0.0438419501230282
104001,2,450455.17,0,693,Medium,1573500.06,0.28627591536285035
104002,1,92682.77,0,695,Medium,1229732.34,0.07536824639417061
104003,2,3750414.2700000005,0,756,Low,624094.94,6.009364969374693
104004,1,154405.84,0,763,Low,1116089.45,0.1383453987491773
104005,2,4883649.5200000005,0,721,Medium,547867.49,8.913924642617507
104006,2,2265821.48,0,606,High,5684244.11,0.3986143867420922
104007,1,3564432.31,0,725,Medium,772665.49,4.61316359554249
104010,1,170405.34,0,804,Low,753031.41,0.22629247297931435
104011,2,979920.88,0,794,Low,1700543.37,0.5762398638501057
104013,1,0.0,0,584,Very High,1386984.52,0.0
104014,3,896659.3800000001,0,700,Medium,757512.8,1.1836887508699523
104016,4,321249.36,0,672,High,1486456.27,0.2161175989388507
104018,1,126661.64,0,633,High,1111716.11,0.11393343935620398
104021,1,346033.09,0,724,Medium,261237.07,1.3245941320655603
104022,1,130671.96,0,653,High,654820.53,0.19955385332833106
104023,2,164037.58,0,749,Medium,1675147.65,0.09792425163238595
104024,1,0.0,0,673,High,1690256.51,0.0
104025,2,2464249.74,0,656,High,655630.73,3.7585940183127176
104026,2,157277.18,0,687,Medium,1077321.15,0.14598913239566494
104027,1,3188927.46,0,740,Medium,768658.07,4.1486944383476
104028,1,440804.93,0,643,High,1006477.42,0.43796802714163224
104029,1,0.0,0,666,High,895603.05,0.0
104030,4,213972.16,0,704,Medium,1274493.44,0.1678880041940428
104031,4,748607.68,1,696,Medium,1091651.91,0.6857567628860742
104032,1,615153.18,0,848,Low,2312674.5,0.26599211432477854
104033,1,1097653.97,0,720,Medium,793045.37,1.3840998403407865
104034,1,0.0,0,719,Medium,1086178.29,0.0
104035,1,200708.08,0,702,Medium,438133.49,0.45809801026623187
104036,2,82384.05,0,799,Low,680971.79,0.12098012165819673
104038,1,387125.19,0,651,High,1984938.79,0.19503129867294294
104039,1,460790.41,0,639,High,1017274.12,0.4529658240003196
104040,2,218286.87,0,680,Medium,574851.86,0.37972717005734313
104041,3,1969333.77,0,688,Medium,1644776.39,1.1973261423092292
104042,3,3809711.81,0,669,High,555028.04,6.863998817068773
104043,1,270817.06,0,777,Low,824756.79,0.3283599035298636
104044,1,548427.66,0,727,Medium,630347.75,0.8700398470526786
104047,3,359759.97,0,668,High,3069908.89,0.11718913586389854
104048,4,942763.89,0,747,Medium,323683.46,2.9126106412728037
104049,1,25895.05,0,696,Medium,1017636.39,0.025446269664157743
104050,2,1613891.48,0,678,High,810009.35,1.9924356181814444
104051,1,104700.58,0,656,High,528454.09,0.19812616077964315
104052,2,288102.75,0,698,Medium,898688.37,0.32058137127111147
104053,1,59105.83,0,645,High,354834.84,0.1665727920065572
104054,1,2074615.71,0,631,High,401265.83,5.170177859400587
104055,1,0.0,0,678,High,706654.48,0.0
104056,1,0.0,0,676,High,300895.13,0.0
104057,2,763073.5,0,670,High,1455866.42,0.5241370290002293
104059,2,4565112.73,0,724,Medium,885603.67,5.154803310605071
104061,1,185923.99,0,682,Medium,862871.26,0.21547129753747968
104062,3,623549.4,0,692,Medium,1968014.62,0.31684185354273436
104064,3,157444.4,0,843,Low,646712.57,0.24345344021997284
104065,1,999196.41,0,639,High,1007685.27,0.9915758816242297
104066,1,877043.43,0,651,High,611695.69,1.4337904358946851
104068,3,224532.72999999998,0,669,High,817986.93,0.27449427584374725
104069,2,150473.24,0,666,High,876380.3,0.17169856510923395
104070,1,206286.54,0,677,High,474549.15,0.43470005161741415
104072,2,48883.94,0,679,High,620261.05,0.07881188090079169
104073,2,1759506.53,0,654,High,2603516.44,0.6758192508283144
104075,4,4960609.67,1,661,High,1092198.18,4.541858575519692
104077,4,687556.73,1,692,Medium,804573.95,0.8545600190013609
104078,1,225900.8,0,690,Medium,261402.78,0.8641866777392344
104079,2,179344.51,0,687,Medium,674736.2,0.2657994487327048
104081,1,231509.95,0,680,Medium,466049.28,0.4967499359724362
104082,1,0.0,0,776,Low,939897.63,0.0
104083,1,0.0,0,736,Medium,297228.8,0.0
104084,5,1908700.6700000002,0,729,Medium,180000.0,10.603892611111112
104085,2,657585.2,0,661,High,408170.17,1.611056486562945
104086,1,195938.19,0,643,High,608645.13,0.32192517501947315
104087,3,198488.40000000002,0,641,High,1000684.18,0.19835269105583345
104088,3,716206.44,0,652,High,1001300.11,0.7152765018671574
104089,5,3167006.43,1,666,High,554127.93,5.7152983247027445
104090,3,1583409.3399999999,0,699,Medium,751624.6,2.1066491703438124
104091,2,0.0,0,668,High,990290.38,0.0
104092,2,0.0,0,711,Medium,1080688.12,0.0
104094,1,1219395.05,0,728,Medium,625184.62,1.9504559309216534
104096,1,0.0,0,774,Low,1694766.47,0.0
104097,2,295325.84,0,846,Low,947004.8,0.31185252704104566
104098,2,1543824.6500000001,0,634,High,798454.5,1.9335161239619791
104099,5,262660.07,0,648,High,1925820.17,0.13638867953075806
104100,1,0.0,0,622,High,2192367.87,0.0
104101,2,606533.84,0,708,Medium,998307.02,0.6075624310445097
104102,1,131342.44,0,594,Very High,944379.72,0.1390779971429289
104103,1,785197.75,0,725,Medium,873850.6,0.8985491913606285
104104,1,0.0,0,650,High,240416.44,0.0
104105,1,0.0,0,770,Low,372310.03,0.0
104106,2,42519.21,0,794,Low,650145.3,0.0653995499159957
104107,5,3787749.73,0,732,Medium,1017103.71,3.7240545804321177
104108,1,0.0,0,629,High,1289162.2,0.0
104109,1,0.0,0,613,High,668613.37,0.0
104110,2,534696.37,0,700,Medium,907212.64,0.5893837303677779
104111,1,0.0,0,724,Medium,457459.56,0.0
104112,1,0.0,0,850,Low,541007.14,0.0
104113,1,487415.5,0,664,High,1227259.11,0.39715777705655
104115,1,0.0,0,695,Medium,442492.84,0.0
104116,1,559129.03,0,635,High,180000.0,3.1062723888888892
104117,1,891013.57,0,721,Medium,1631603.53,0.5460968633721943
104118,3,0.0,0,723,Medium,1122515.73,0.0
104120,2,1424161.79,0,707,Medium,754341.85,1.8879527763175277
104121,4,970011.31,1,633,High,1447839.51,0.669971570260574
104122,2,361421.72,0,772,Low,683009.89,0.5291603024957662
104123,2,2104543.71,0,698,Medium,715709.43,2.940500183153937
104125,3,13397.82,0,676,High,575496.21,0.02328046608682271
104126,2,2065750.23,0,693,Medium,787827.37,2.6220848737458815
104127,2,1946026.64,0,681,Medium,357395.72,5.4450194311224545
104128,2,1831278.71,0,790,Low,1126775.87,1.625237776879265
104129,1,0.0,0,673,High,3020622.38,0.0
104130,3,6366442.66,0,640,High,664886.21,9.575236430305873
104132,1,138404.08,0,775,Low,504781.78,0.2741859660624042
104133,2,531512.3,0,646,High,924558.28,0.574882418445271
104134,1,1635871.1,0,659,High,550594.66,2.9710987389525356
104135,2,2466575.96,0,713,Medium,1713708.22,1.4393208430779425
104136,1,98419.87,0,660,High,1812817.47,0.054291108525118086
104137,1,1527446.26,0,666,High,543993.89,2.807837161553414
104138,2,0.0,0,684,Medium,823110.64,0.0
104139,5,2805385.57,0,628,High,922061.26,3.042515385582949
104142,3,2728658.23,0,652,High,3139581.33,0.8691153192709297
104143,2,307053.52999999997,0,744,Medium,976522.46,0.3144357068858406
104144,1,1766709.13,0,699,Medium,644916.21,2.739439794822338
104146,2,154773.29,0,697,Medium,266422.63,0.5809314696728277
104147,3,2069654.66,0,816,Low,986933.77,2.097055266433937
104148,1,2192748.4,0,781,Low,1907849.35,1.149329951025745
104149,1,1861691.0,0,660,High,696301.46,2.673685331637823
104150,2,175132.2,0,734,Medium,735197.98,0.23821093741307617
104151,2,381204.20999999996,0,823,Low,404805.35,0.9416975590861139
104152,4,3496536.92,1,629,High,402300.23,8.691361971132853
104153,1,131634.33,0,617,High,832602.9,0.15809977361356775
104154,2,366874.71,0,651,High,243203.64,1.5085083019316652
104156,4,2536162.8899999997,0,715,Medium,569414.25,4.4539856352383165
104158,1,272352.09,0,682,Medium,471901.95,0.5771370302665628
104159,2,107316.34,0,659,High,862120.98,0.12447944370870083
104160,3,213104.49,0,691,Medium,769877.64,0.27680306444540975
104161,1,0.0,0,629,High,771481.2,0.0
104162,4,1463198.9,0,764,Low,618325.07,2.366391031177177
104163,6,1349357.36,0,819,Low,1424913.89,0.9469746694658161
104164,4,1991551.9300000002,0,849,Low,979180.19,2.0338972850339223
104165,1,0.0,0,656,High,1494043.76,0.0
104166,2,3901953.77,0,642,High,960450.18,4.062630057500744
104167,2,1599700.0499999998,0,749,Medium,795439.36,2.0110898837090483
104168,2,193650.71000000002,0,694,Medium,418599.47,0.4626157553424519
104169,1,932144.21,0,699,Medium,367853.17,2.534011627519752
104170,1,0.0,0,704,Medium,1526022.74,0.0
104171,2,1030728.9099999999,0,608,High,284570.1,3.622056252571862
104173,3,373267.29,0,728,Medium,1242757.21,0.30035415364840246
104175,1,757341.91,0,734,Medium,2046583.45,0.3700518100055974
104176,1,396656.45,0,672,High,483892.47,0.8197202366054591
104177,3,1844529.54,1,611,High,635599.24,2.9020323246453223
104178,1,1150721.04,0,704,Medium,867959.82,1.325776854509233
104180,2,273814.1,0,658,High,273308.97,1.001848201323213
104181,3,425905.11,0,658,High,508489.69,0.8375884867990145
104182,2,127556.45,1,672,High,731996.64,0.17425824522910377
104183,1,121252.39,0,664,High,710015.23,0.17077435085441758
104184,1,2028531.81,0,729,Medium,833656.77,2.433293752295684
104185,2,2637807.95,0,644,High,466229.97,5.657739998996633
104186,2,1039021.13,0,620,High,456453.86,2.2762895027330914
104187,1,310341.85,1,761,Low,859930.14,0.3608919324539549
104188,3,1294580.5899999999,1,599,Very High,380188.85,3.405098781829083
104189,1,51956.01,0,687,Medium,610218.83,0.0851432427937368
104190,1,1648409.15,0,672,High,677079.59,2.434586973741152
104192,3,1958526.0299999998,0,850,Low,1882969.49,1.0401262688542021
104193,1,116720.61,0,682,Medium,3231188.75,0.03612311722736717
104195,2,6234843.21,0,693,Medium,220081.59,28.329689957256306
104196,2,169865.26,0,739,Medium,592340.66,0.28676954237786073
104197,2,1204508.61,0,850,Low,633009.38,1.9028290070519966
104199,5,278883.51,0,745,Medium,289441.0,0.9635245524994731
104200,2,60207.08,0,785,Low,435690.12,0.13818784782175
104201,1,130623.07,0,734,Medium,941688.23,0.13871158822915308
104202,2,818573.17,1,576,Very High,1055806.82,0.7753058177820825
104203,4,2553895.74,0,721,Medium,384021.71,6.650394166517304
104204,2,931658.89,0,694,Medium,876682.92,1.062709069317787
104205,2,2347540.2600000002,0,615,High,688389.94,3.4101896666299343
104207,5,861477.9699999999,0,696,Medium,375144.7,2.296388486895856
104208,2,76263.71,0,676,High,505687.58,0.15081191038941474
104209,1,491896.96,0,628,High,775318.14,0.634445312991129
104210,2,2231476.88,0,723,Medium,819112.24,2.7242626480590744
104211,3,563578.84,0,686,Medium,295925.77,1.9044601624251918
104212,2,239456.81,0,664,High,1581393.06,0.15142143724849785
104213,3,951388.3600000001,1,696,Medium,396151.09,2.4015795589506017
104214,2,385335.36,0,626,High,1015936.19,0.37929090802444987
104215,4,553921.4199999999,0,667,High,955501.22,0.5797181713697863
104216,3,5540697.1,0,760,Low,1054876.56,5.252460155148389
104217,3,2867394.89,0,716,Medium,1128410.83,2.541091253085545
104218,1,112395.62,0,737,Medium,1277438.95,0.08798512054137694
104220,3,1338019.67,1,638,High,887076.31,1.5083478782112891
104222,4,1277462.11,0,760,Low,850236.01,1.5024794233309409
104223,2,319678.72,0,661,High,793410.77,0.40291704132022305
104224,2,1039363.19,0,641,High,747173.35,1.391060307490892
104226,2,467557.80000000005,0,631,High,655582.62,0.7131943186657389
104227,1,2166148.63,0,670,High,418704.48,5.173454628429101
104228,1,0.0,0,715,Medium,803893.64,0.0
104229,1,721980.65,0,738,Medium,535174.58,1.3490563210233193
104230,1,0.0,0,729,Medium,1651789.82,0.0
104231,3,1000210.0000000001,0,689,Medium,631037.32,1.585025113887084
104232,2,1028434.35,0,639,High,816861.5,1.259007004247354
104233,3,818054.0499999999,0,757,Low,1834050.91,0.4460367187953359
104235,1,386899.82,0,658,High,641328.2,0.603278976349395
104236,4,2208728.42,0,768,Low,1142871.26,1.9326134948918043
104237,1,0.0,0,729,Medium,741383.37,0.0
104238,1,270219.01,0,799,Low,380297.38,0.7105465990851686
104239,1,360534.08,0,762,Low,580690.38,0.6208714530452528
104241,2,289913.25,0,732,Medium,752119.42,0.38546172627745734
104242,1,278907.75,0,771,Low,2302330.51,0.12114149067155437
104243,1,1177690.17,0,651,High,373083.13,3.156642783606967
104244,1,238117.63,0,627,High,1735665.13,0.13719099720578012
104245,4,2915062.59,0,680,Medium,2029730.2,1.436182301470412
104246,3,299203.72,0,652,High,453558.02,0.659681246513952
104247,3,3279530.5300000003,0,731,Medium,783512.44,4.1856776773065665
104250,5,3054567.76,0,652,High,553323.55,5.520400785399428
104251,2,105466.95,0,714,Medium,598448.81,0.17623387036227875
104252,3,265838.62,0,715,Medium,438800.58,0.6058301472618837
104254,2,1579342.63,0,736,Medium,312021.53,5.061646322931625
104255,3,1977985.13,0,639,High,976504.74,2.025576578358442
104256,3,3631765.89,1,725,Medium,215556.3,16.848340271195973
104257,5,2485103.46,0,683,Medium,2000081.2,1.2425012844478514
104258,2,0.0,0,595,Very High,966432.15,0.0
104259,1,0.0,0,690,Medium,1702462.91,0.0
104261,1,0.0,0,683,Medium,763423.24,0.0
104262,2,146476.9,0,709,Medium,1273905.28,0.11498256762072608
104263,1,0.0,0,765,Low,731610.76,0.0
104264,1,157370.37,0,756,Low,1283656.92,0.12259535047729109
104265,1,1513463.54,0,630,High,409602.97,3.694952553688759
104267,2,877769.45,0,719,Medium,1397879.58,0.6279292312146085
104270,3,425596.96,0,661,High,1475559.6,0.28843088412016704
104271,2,780362.75,1,707,Medium,822016.31,0.9493275747776829
104272,2,299377.74,0,701,Medium,1364905.16,0.21933959133101966
104273,1,0.0,0,631,High,1425854.49,0.0
104274,1,0.0,0,655,High,1478021.39,0.0
104275,2,990207.76,0,665,High,1058315.56,0.9356450924712851
104276,4,2104532.98,0,656,High,1292403.82,1.6283865363381547
104277,1,93080.14,0,701,Medium,351209.23,0.2650276019226488
104278,4,3488854.02,0,645,High,1476270.12,2.3632897345371995
104279,1,40972.57,0,679,High,1321572.93,0.03100288230026019
104280,2,3044345.35,0,702,Medium,400445.52,7.602395826528412
104282,1,583644.91,0,692,Medium,626702.43,0.9312951124188237
104283,2,92695.53,0,661,High,983082.34,0.09429070814149708
104284,1,0.0,0,658,High,510892.43,0.0
104285,1,66905.19,0,713,Medium,677121.69,0.09880822160637036
104286,1,0.0,0,632,High,1677042.36,0.0
104287,2,194149.69,0,671,High,1021082.88,0.19014097073099492
104289,3,303998.36,0,643,High,448012.46,0.6785488957159806
104291,1,0.0,0,697,Medium,1054818.56,0.0
104292,1,0.0,0,683,Medium,1360136.36,0.0
104293,1,180189.31,0,721,Medium,376106.53,0.4790911500526194
104294,3,491533.91000000003,0,708,Medium,708083.58,0.6941749870827397
104295,4,723158.24,0,687,Medium,1529547.55,0.47279225807657954
104296,3,4113517.8600000003,0,662,High,464474.34,8.85628657118066
104297,3,1890058.94,0,810,Low,723213.43,2.6134179228391816
104298,1,52523.5,0,782,Low,733820.57,0.07157539887441422
104300,2,233095.9,0,769,Low,911967.45,0.25559673209827827
104303,2,1880497.13,0,762,Low,958843.02,1.9612148086555397
104304,1,713235.53,1,578,Very High,872912.54,0.8170755915592643
104305,3,593575.17,1,780,Low,989061.4,0.600139859871187
104306,2,162628.21,0,728,Medium,283964.88,0.5727053641281273
104308,1,85531.3,0,648,High,624630.72,0.13693098539886095
104310,3,3429048.9899999998,0,714,Medium,1342287.03,2.554631694534067
104311,1,98163.21,1,618,High,531909.94,0.18454855346376872
104313,2,347327.82999999996,0,655,High,1097315.16,0.3165251357686519
104314,1,0.0,0,729,Medium,1083585.97,0.0
104315,2,556978.74,0,695,Medium,1053285.22,0.528801438987248
104316,2,914856.45,0,791,Low,304644.49,3.003029695367213
104317,2,280972.7,0,704,Medium,1575214.46,0.17837107716748615
104318,5,3622648.42,0,719,Medium,417415.41,8.678760614036745
104319,3,625190.15,0,672,High,403799.99,1.5482668783622309
104320,1,0.0,0,647,High,676752.6,0.0
104321,2,216997.43,0,641,High,980186.44,0.22138383183509455
104322,3,177468.2,0,646,High,280037.21,0.6337307817057597
104324,3,163020.59000000003,0,667,High,1508772.68,0.10804847685868757
104325,1,114929.28,0,680,Medium,262418.59,0.4379616550793905
104326,3,2855880.33,0,681,Medium,1582622.04,1.8045245534429686
104327,2,1539192.3499999999,0,703,Medium,1208938.65,1.2731765586285126
104328,1,2347393.76,0,747,Medium,910291.58,2.578727312846286
104329,1,67559.98,1,677,High,654426.23,0.10323544030317977
104330,5,1446017.8399999999,0,669,High,847804.36,1.7056032125147362
104331,2,244929.21999999997,0,697,Medium,1613208.99,0.1518273339153658
104333,3,145182.43,0,644,High,1009936.43,0.14375402816195074
104337,2,0.0,0,670,High,1289780.73,0.0
104338,3,2113267.5,0,697,Medium,1776339.92,1.1896751720808032
104339,2,1722119.02,0,644,High,330997.53,5.202815320102237
104340,2,269479.36,0,716,Medium,1582480.24,0.17028924165271092
104341,1,1463485.34,0,725,Medium,731877.66,1.9996311132109157
104342,2,146645.63,0,747,Medium,598742.93,0.24492252459665786
104344,3,6176414.25,0,649,High,962251.42,6.418711494341053
104345,1,254002.09,0,759,Low,496645.3,0.5114356060552672
104346,1,442465.72,0,719,Medium,515344.32,0.8585827044722254
104347,3,2209380.92,0,702,Medium,751108.92,2.9414920541750456
104348,2,599740.04,0,768,Low,1660703.85,0.3611360568592648
104349,6,6383018.26,1,730,Medium,1224151.28,5.214239746577727
104351,1,591684.56,0,729,Medium,1690710.0,0.34996218156869013
104352,1,973461.74,0,683,Medium,1431484.29,0.6800366212890817
104354,4,1122800.18,1,850,Low,917465.21,1.2238068187893467
104355,2,0.0,0,646,High,1072759.1,0.0
104357,1,83388.94,0,694,Medium,232972.02,0.35793542932752187
104358,1,907684.13,0,729,Medium,546763.99,1.6601022499671203
104359,1,358129.23,0,734,Medium,1608071.95,0.22270721779582064
104360,4,1011534.59,0,756,Low,530077.38,1.908277221714309
104361,1,0.0,0,626,High,952346.55,0.0
104362,4,2137400.39,0,622,High,449032.0,4.760017971993087
104364,5,1946632.17,1,777,Low,1077958.86,1.8058501509046456
104365,1,634473.54,0,721,Medium,429553.18,1.4770546920406922
104366,3,4081718.96,0,603,High,197799.42,20.63564675771041
104368,2,1312524.71,0,730,Medium,1166332.54,1.1253434719398294
104369,2,1758488.01,0,623,High,557535.79,3.1540361023280674
104370,2,396037.04,0,750,Low,421739.62,0.9390558088898548
104371,1,506839.84,0,602,High,1907870.95,0.26565729720870274
104374,1,1564573.02,0,675,High,837088.44,1.8690653761745892
104375,1,0.0,0,709,Medium,333254.68,0.0
104376,3,1166241.16,0,714,Medium,549148.7,2.123725613845576
104378,1,0.0,0,642,High,583621.48,0.0
104379,4,1159490.07,0,713,Medium,992496.82,1.1682557028243175
104381,1,0.0,0,677,High,1073311.59,0.0
104382,3,876106.72,0,649,High,1012532.21,0.8652630616067019
104383,2,872199.97,0,729,Medium,340011.49,2.565207340493111
104384,4,3685166.6100000003,0,680,Medium,2282301.7,1.6146711059278447
104385,4,751821.34,0,677,High,740707.59,1.015004233991986
104386,2,193301.85,0,711,Medium,273397.58,0.7070357023643004
104387,1,167045.67,0,646,High,1206575.61,0.13844608544672968
104388,2,2129992.87,0,673,High,426638.51,4.992500255075427
104389,2,257299.09,0,766,Low,735928.43,0.349625153087237
104390,3,308790.76,0,671,High,356461.77,0.8662661356363685
104391,2,795890.97,0,662,High,695753.74,1.1439262547119042
104392,1,357259.82,0,632,High,435396.46,0.820539101305509
104393,2,393016.41,0,740,Medium,234713.8,1.6744495210763066
104394,4,2647249.24,1,686,Medium,1314199.76,2.014343116300676
104396,1,927893.61,0,665,High,1620736.29,0.5725136258903661
104398,1,132316.46,0,719,Medium,360648.61,0.3668847080819194
104399,2,1021995.37,0,745,Medium,714446.6,1.4304713186401896
104400,2,65600.41,0,686,Medium,1333995.27,0.04917589400448174
104401,1,0.0,0,641,High,543987.75,0.0
104402,2,628297.5,0,690,Medium,694515.87,0.9046553536638406
104403,3,1370259.82,0,751,Low,267969.4,5.113493630242856
104404,3,1812035.75,0,774,Low,1780268.92,1.0178438378848966
104405,2,961805.24,0,736,Medium,1193807.64,0.8056618233738226
104406,2,0.0,0,668,High,521400.78,0.0
104407,4,214202.1,1,640,High,821971.4,0.26059556330062095
104408,2,323729.03,0,651,High,889977.81,0.3637495523624348
104409,1,118592.76,0,605,High,528162.48,0.22453840340949627
104410,2,723673.1799999999,0,697,Medium,1273719.35,0.5681574830436547
104411,1,0.0,0,657,High,971756.93,0.0
104412,1,753251.43,0,680,Medium,234028.12,3.218636418563718
104413,1,67360.75,0,783,Low,676666.19,0.09954797652887018
104414,2,768551.67,0,638,High,960963.3,0.7997721348983879
104415,4,935409.9500000001,0,748,Medium,878937.27,1.064251092686057
104417,3,5040840.35,0,762,Low,285895.46,17.63176074919133
104419,1,598752.78,0,665,High,631696.71,0.9478485015380246
104420,4,541652.27,0,717,Medium,180000.0,3.0091792777777777
104422,2,1233914.51,0,710,Medium,1171328.17,1.0534319429882746
104423,3,2861691.3,0,558,Very High,1078311.22,2.653863974447006
104424,1,2496809.93,0,655,High,414072.77,6.0298819697803365
104426,2,111122.42,0,770,Low,677454.56,0.16402933356888172
104428,1,279896.07,0,690,Medium,1091284.52,0.256483130540512
104429,3,3048363.76,0,753,Low,1857929.88,1.6407313283534684
104430,3,1430684.71,0,710,Medium,847374.33,1.6883739090845482
104431,1,101005.53,0,660,High,357656.15,0.2824095992757289
104432,1,0.0,0,699,Medium,296752.4,0.0
104433,2,73225.38,0,685,Medium,852682.01,0.08587653913326963
104435,2,1960408.47,0,649,High,535842.57,3.6585530522518956
104436,3,3527056.3400000003,0,597,Very High,424687.34,8.30506588682394
104437,1,0.0,0,762,Low,1135183.72,0.0
104438,2,1457368.58,0,705,Medium,765154.91,1.904671277610961
104439,2,974706.8,0,740,Medium,309365.77,3.1506614322586497
104440,4,304499.78,0,701,Medium,954582.92,0.31898724942616824
104441,1,0.0,0,741,Medium,1865699.33,0.0
104442,2,2967306.83,0,705,Medium,763855.67,3.884643325354906
104443,3,2258032.11,0,710,Medium,1621757.27,1.3923366657699643
104444,1,65887.75,0,782,Low,1505786.06,0.04375638196570899
104445,1,516807.71,0,727,Medium,573170.28,0.9016652259080844
104447,2,57266.06,0,723,Medium,1555354.5,0.03681865452538312
104448,1,0.0,0,660,High,1141518.6,0.0
104449,4,1179900.46,0,715,Medium,354878.54,3.3248008177671156
104450,4,3622545.16,0,699,Medium,537153.78,6.743962892712028
104451,2,124328.91,0,741,Medium,247165.38,0.5030191121426472
104452,2,354964.45,0,584,Very High,760567.49,0.46670999571648797
104453,5,340159.44,0,745,Medium,763193.05,0.4457056310981867
104454,1,244038.73,0,706,Medium,1224592.82,0.19928152934948615
104455,3,980256.21,0,698,Medium,568330.17,1.724800585546954
104456,4,3340721.7,0,682,Medium,692496.38,4.824172077260534
104457,2,1171304.5,0,681,Medium,420296.4,2.786853515756975
104458,1,63681.39,0,750,Low,523627.31,0.1216158683549183
104460,3,1958779.4400000002,0,626,High,250541.85,7.818172652592771
104462,3,0.0,0,803,Low,591637.27,0.0
104464,1,117488.78,0,688,Medium,2197490.33,0.05346498157286544
104466,2,421304.25,0,742,Medium,777651.55,0.5417648174172609
104467,2,675237.21,0,740,Medium,3158295.81,0.21379796276904156
104468,2,746441.84,0,712,Medium,683082.04,1.092755769131333
104469,5,795560.25,0,788,Low,509787.97,1.560570858508097
104470,2,1378230.22,0,788,Low,814926.21,1.6912331485816368
104471,3,1303536.77,0,681,Medium,593448.42,2.196546028381034
104472,1,259594.8,0,680,Medium,583781.72,0.4446778497963246
104473,2,439775.07999999996,0,770,Low,612903.3,0.7175276752466497
104475,3,788897.46,0,752,Low,780277.71,1.0110470283714756
104476,1,77861.85,0,684,Medium,329623.92,0.2362141982899785
104477,2,352132.09,0,730,Medium,338285.63,1.040931268644193
104478,1,501248.04,0,699,Medium,495360.81,1.0118847310508878
104479,3,2673173.99,0,736,Medium,968959.91,2.75880762703588
104480,3,882021.89,0,681,Medium,1333270.87,0.6615474093422591
104481,3,2708575.15,0,850,Low,672538.15,4.027392572451094
104482,5,661332.8,0,723,Medium,311074.14,2.1259652120230887
104483,3,1518016.99,0,696,Medium,928810.32,1.6343670578509508
104484,1,1780529.15,0,834,Low,1312864.93,1.3562165530615553
104485,2,4452032.52,0,661,High,3895592.61,1.1428383215872255
104486,2,478034.62,0,693,Medium,280477.83,1.7043579522844996
104487,3,2141454.6399999997,0,819,Low,1279488.61,1.6736801119315938
104488,3,581589.98,0,613,High,878659.0,0.6619063595774926
104489,1,130862.14,0,697,Medium,390897.76,0.3347733177084463
104490,3,650447.64,0,687,Medium,1617573.52,0.40211318493888304
104491,1,3697543.23,0,723,Medium,364651.75,10.139930029130534
104492,2,2516313.75,0,676,High,444948.57,5.655291239614502
104493,1,0.0,0,665,High,900653.8,0.0
104494,1,372333.07,0,588,Very High,1939895.54,0.19193459767426446
104495,2,1111209.08,0,744,Medium,180000.0,6.1733837777777785
104496,2,1600088.32,0,756,Low,944193.0,1.6946623412798019
104498,3,859744.77,0,632,High,484485.26,1.7745529967206846
104500,1,124628.63,0,709,Medium,1851124.59,0.06732590052190922
104501,1,137770.41,0,764,Low,968132.26,0.1423053602201005
104502,3,1800626.73,0,776,Low,737050.46,2.4430169000912096
104503,2,258349.44,0,739,Medium,563621.08,0.4583743390151412
104505,3,986735.27,0,785,Low,454763.64,2.169776084121413
104506,2,335119.04000000004,0,705,Medium,589449.77,0.5685285787794947
104507,2,196157.88,0,670,High,998160.08,0.1965194600849996
104508,3,406866.62,0,766,Low,725445.14,0.5608509831632479
104510,1,1337670.83,0,697,Medium,336162.4,3.9792398852459407
104511,2,132028.0,0,703,Medium,1269823.34,0.1039735180800819
104512,2,2026176.8699999999,0,737,Medium,374170.76,5.415112795024389
104513,3,1480700.04,0,694,Medium,2886605.88,0.5129553882845967
104514,2,1596243.74,0,565,Very High,420356.34,3.7973585458470778
104515,2,85876.2,0,698,Medium,3312171.35,0.025927462961721468
104516,3,1100997.7,0,683,Medium,1007202.47,1.0931245035568669
104517,3,341324.44,0,692,Medium,576772.37,0.5917836182062605
104518,1,394629.91,0,708,Medium,417479.63,0.9452674613130225
104519,1,57767.54,0,693,Medium,708582.28,0.08152552163737428
104520,1,0.0,0,733,Medium,1267348.76,0.0
104522,4,478304.76999999996,0,700,Medium,410177.51,1.166092138986362
104523,2,1859877.59,0,713,Medium,541535.94,3.4344490413692585
104525,2,1058689.31,0,752,Low,342031.32,3.095299313524855
104526,3,1447897.9800000002,1,743,Medium,1140713.89,1.2692910927910244
104528,2,50055.14,0,705,Medium,729453.29,0.06862007572822106
104529,1,0.0,0,625,High,539373.09,0.0
104530,1,135151.32,0,714,Medium,459643.86,0.29403486429689285
104531,2,513539.85,0,670,High,861591.74,0.596036180662549
104532,2,521902.78,0,774,Low,423258.94,1.2330579006789555
104533,4,3213742.47,0,703,Medium,665180.41,4.831384721627626
104534,4,1853434.13,0,730,Medium,876670.06,2.1141752348654403
104535,1,366455.39,0,557,Very High,1842739.41,0.19886446668007174
104536,2,0.0,0,661,High,392655.94,0.0
104537,1,2071869.17,0,757,Low,760198.74,2.7254309445448435
104538,1,0.0,0,766,Low,434049.06,0.0
104539,2,107408.41,0,668,High,578597.97,0.18563564956855969
104541,3,1031430.4500000001,0,724,Medium,2133273.87,0.4834965001469783
104542,5,1735653.47,0,690,Medium,1806902.0,0.9605686805371846
104543,4,5411453.18,0,742,Medium,291613.49,18.55693706076492
104544,3,344736.42,0,665,High,894185.68,0.3855311348757005
104545,1,82531.37,0,750,Low,898498.93,0.09185472263166745
104546,1,39740.28,0,589,Very High,1083749.51,0.036669248413316466
104547,2,736549.18,0,643,High,542093.43,1.3587126115880062
104548,3,389152.13,0,745,Medium,1609025.63,0.24185576832607697
104549,5,3723718.07,1,598,Very High,687298.6,5.417904343177769
104550,1,2318424.24,0,740,Medium,1058117.75,2.1910834025797223
104551,3,832174.71,0,667,High,1600886.2,0.5198212777397918
104553,2,1761604.56,0,802,Low,2022133.23,0.8711614713932574
104554,2,134424.83,0,806,Low,940702.85,0.14289829142114324
104555,1,536930.33,0,645,High,891252.96,0.6024443722464607
104556,3,550575.1,0,740,Medium,974980.6,0.5647036464110158
104557,3,1248516.1,0,630,High,1610075.36,0.7754395421590702
104558,3,1666688.27,0,684,Medium,723846.31,2.302544403383088
104559,2,1432041.75,0,702,Medium,529422.5,2.704912900377298
104560,1,0.0,0,786,Low,736229.64,0.0
104561,2,1206139.0499999998,0,770,Low,952068.93,1.2668610559531648
104562,4,143704.78,1,698,Medium,277497.68,0.5178593925542008
104563,2,668883.4600000001,0,782,Low,1743484.37,0.38364752303457705
104565,1,145741.62,0,707,Medium,1273812.72,0.11441369497393619
104566,3,3741347.62,0,720,Medium,589121.55,6.350722732855384
104567,3,610972.12,0,636,High,1368757.06,0.4463700227416544
104568,3,580633.8,0,794,Low,433518.3,1.3393524564014947
104569,2,1551786.92,0,700,Medium,757217.0,2.0493292147429334
104570,2,452538.39,0,756,Low,370721.31,1.220696997429147
104571,2,439446.75,0,751,Low,634362.62,0.692737459845916
104573,5,256099.17,0,694,Medium,802933.51,0.3189543926246147
104574,3,4841407.41,0,760,Low,549008.91,8.818449613140158
104575,1,141964.41,0,627,High,180000.0,0.7886911666666667
104576,1,0.0,0,752,Low,1615413.4,0.0
104577,6,2411621.01,0,692,Medium,360412.61,6.6912781159349555
104578,1,115027.36,0,655,High,1290720.18,0.08911874299509287
104579,2,1563490.63,0,618,High,428165.8,3.6516009218858674
104581,1,0.0,0,708,Medium,279686.13,0.0
104582,1,1734322.72,0,641,High,1519347.44,1.1414918499484226
104583,1,412940.44,0,660,High,852200.08,0.48455808640618764
104585,2,1026327.4299999999,0,662,High,378541.6,2.7112672160734776
104586,1,0.0,0,654,High,1149002.83,0.0
104587,5,2009045.48,0,658,High,750628.91,2.676482950809875
104588,3,1824857.0599999998,0,682,Medium,511526.55,3.567472812506017
104589,2,889162.81,0,730,Medium,938364.59,0.9475664570846606
104591,1,1911436.82,0,745,Medium,764012.47,2.5018398194469262
104592,2,278640.77,0,642,High,1008812.88,0.27620659442809653
104595,4,4506466.18,0,710,Medium,853528.69,5.27980632965015
104596,1,224335.64,0,670,High,2522620.43,0.08892960563234636
104597,2,2527891.27,0,591,Very High,639357.0,3.9538024452692313
104598,6,1906302.06,0,780,Low,465810.41,4.092441944352425
104599,1,0.0,0,706,Medium,621130.51,0.0
104601,1,662411.86,0,698,Medium,370310.28,1.7888022444313454
104602,2,0.0,0,709,Medium,423116.8,0.0
104603,2,178635.48,0,671,High,993894.25,0.17973288405683
104604,4,3344937.67,0,677,High,358755.5,9.323725127559019
104605,3,150405.63,0,752,Low,619166.36,0.24291634642424698
104606,3,2423018.77,0,731,Medium,922903.2,2.625431106967665
104607,2,437353.22,0,769,Low,531619.03,0.8226816485482094
104608,4,2568344.84,0,634,High,832968.35,3.0833642598785413
104610,2,1315382.95,0,636,High,307369.26,4.2794876429737965
104611,2,1311238.82,0,718,Medium,1553437.04,0.844088808388398
104612,1,889098.45,0,682,Medium,1384138.85,0.6423477312265311
104613,6,655899.3,0,601,High,667402.73,0.9827638853080509
104614,1,0.0,0,640,High,1019121.62,0.0
104615,2,1853820.8299999998,0,715,Medium,562894.57,3.2933713146317967
104616,2,393985.75,0,723,Medium,616070.73,0.6395138266023449
104617,1,39041.0,0,741,Medium,514943.51,0.07581608320493252
104619,1,132932.34,0,700,Medium,2015205.79,0.06596464770975077
104620,3,1146478.2,0,726,Medium,972992.71,1.17830091450531
104621,2,1241595.99,0,722,Medium,872883.42,1.422407576489424
104622,3,0.0,0,630,High,235043.8,0.0
104623,3,489442.9,0,681,Medium,1003090.34,0.4879350149060353
104624,1,595424.58,0,721,Medium,443438.66,1.3427439547106697
104625,1,217767.29,0,703,Medium,445427.59,0.4888949290276339
104626,4,1176280.0,0,682,Medium,315346.52,3.730118854649165
104627,1,956603.23,0,746,Medium,2020536.68,0.47344017036107455
104629,1,164791.96,0,662,High,861421.8,0.19130228652211959
104630,2,453502.27,0,678,High,780351.44,0.581151320743382
104631,1,0.0,0,638,High,579293.53,0.0
104632,4,2341809.82,1,565,Very High,730427.98,3.206079016852558
104633,2,897953.47,0,673,High,637297.52,1.4090019838771692
104634,1,117835.47,0,711,Medium,905801.37,0.13008974583467456
104635,1,281888.15,0,699,Medium,775538.08,0.36347428613692323
104636,2,47656.48,0,717,Medium,1071819.52,0.04446315737933192
104637,1,258672.73,0,647,High,614493.2,0.42095295765681384
104638,2,1474849.93,0,727,Medium,504696.52,2.9222510390996947
104639,2,3097442.06,0,647,High,770551.1,4.019775015570025
104640,1,243853.47,0,635,High,705663.1,0.345566418309247
104641,2,115409.63,0,624,High,973057.88,0.11860510291535793
104643,2,213650.48,0,796,Low,1567236.2,0.13632308901491685
104644,1,172989.69,1,641,High,363108.96,0.4764126173036325
104645,3,2249107.06,0,694,Medium,752336.87,2.9894946661327393
104646,1,109820.47,0,754,Low,762027.94,0.14411606745023026
104647,2,363752.15,1,654,High,974819.92,0.3731480476927472
104649,7,5807340.72,0,740,Medium,2608963.9,2.2259183885219724
104650,1,0.0,0,697,Medium,785647.21,0.0
104651,2,497036.35,0,653,High,2174077.13,0.22861946484851714
104652,1,0.0,0,748,Medium,564844.81,0.0
104653,3,1463715.1999999997,0,669,High,354738.2,4.126184324101548
104655,1,62921.26,1,769,Low,1174296.72,0.05358207932318844
104656,1,965190.94,0,736,Medium,516315.99,1.8693802994557653
104657,4,1177277.35,0,659,High,2165574.3,0.5436328598838656
104660,2,660509.99,0,736,Medium,488992.26,1.3507575559580431
104661,2,379582.52,0,775,Low,1761181.3,0.21552722595907645
104663,4,6110587.7700000005,1,634,High,1844563.35,3.3127557099082554
104664,1,2172116.85,0,704,Medium,555167.85,3.912540774830531
104665,1,0.0,0,791,Low,370533.41,0.0
104666,3,1234708.5,0,790,Low,938585.44,1.3154993113892754
104667,5,5549056.53,0,692,Medium,272405.42,20.370580475234306
104668,1,1667400.54,0,802,Low,460754.87,3.6188451789994103
104669,1,64489.28,0,823,Low,431332.7,0.14951168784560037
104670,5,322648.42,1,634,High,242633.48,1.3297769953264487
104671,4,1063989.1,1,745,Medium,639279.16,1.6643575554691945
104672,4,1689435.52,0,735,Medium,805200.68,2.098154611593224
104673,1,85174.78,1,595,Very High,1446597.72,0.05887938216852713
104674,2,420127.91000000003,0,717,Medium,642800.76,0.653589628612138
104675,4,2283310.52,1,682,Medium,880437.28,2.5933823701786003
104676,3,1868839.1099999999,0,622,High,1281118.07,1.4587563424189307
104677,2,0.0,0,721,Medium,756253.55,0.0
104678,2,997463.18,0,688,Medium,1007463.04,0.990074216519149
104679,4,4103723.87,0,626,High,320170.19,12.817320282066236
104680,2,0.0,0,705,Medium,1246352.71,0.0
104681,1,0.0,0,678,High,1578337.91,0.0
104682,4,43664.61,0,760,Low,927087.45,0.04709869602916101
104683,1,230817.11,0,642,High,228972.77,1.008054844250694
104684,2,279236.88,0,722,Medium,313536.75,0.890603350324962
104685,3,520025.96,0,746,Medium,820742.58,0.6336042172930763
104686,3,3989998.68,0,696,Medium,791077.86,5.043749650634894
104687,1,168454.29,0,775,Low,789372.7,0.21340273105467167
104688,2,1474789.61,0,659,High,1182458.17,1.2472234937494662
104690,1,115105.5,0,732,Medium,787558.16,0.14615492016488027
104691,5,2560762.81,0,631,High,330738.25,7.742566243849933
104693,2,0.0,0,778,Low,1451361.0,0.0
104694,2,488528.16,0,776,Low,731386.5,0.6679480138066535
104695,2,136757.9,0,680,Medium,851899.87,0.1605328335124643
104696,1,46887.45,0,654,High,1929929.96,0.024294897209637595
104697,4,593948.3200000001,0,770,Low,394082.04,1.507169217861337
104699,2,1143956.56,0,642,High,590390.67,1.9376264194689932
104700,3,377759.48,0,686,Medium,702640.23,0.5376285955047009
104701,1,50299.15,0,698,Medium,633696.78,0.07937416061984724
104702,1,29259.56,0,796,Low,180000.0,0.16255311111111112
104703,3,3886079.38,0,710,Medium,1173739.08,3.3108545555116047
104705,1,2849976.91,0,663,High,653372.01,4.361951333054503
104706,3,300768.07,0,705,Medium,968273.25,0.3106231324680301
104707,3,0.0,0,728,Medium,864102.07,0.0
104708,1,158942.22,0,585,Very High,1591805.0,0.09985030829781286
104709,3,833788.8,0,735,Medium,486856.48,1.7125966979016076
104710,1,274110.66,0,753,Low,1574113.64,0.1741365127869675
104711,3,2264194.71,0,656,High,1542339.13,1.4680264968703738
104712,2,1255885.06,0,711,Medium,236788.58,5.303824449641955
104713,2,117726.73000000001,0,717,Medium,832144.77,0.14147385676653354
104715,4,307729.23,1,687,Medium,808031.37,0.3808382216645871
104716,4,2565550.11,0,796,Low,1509007.06,1.7001577911769343
104717,3,490320.01,0,829,Low,447297.85,1.0961823536598712
104718,1,86550.54,0,704,Medium,222023.64,0.3898257861189916
104719,3,2202631.34,0,747,Medium,335953.78,6.55635230536772
104720,2,60713.47,0,749,Medium,827355.87,0.07338253368529313
104721,3,2818675.3200000003,0,704,Medium,626771.03,4.497137208144416
104723,1,154068.77,0,712,Medium,869721.14,0.17714732103671757
104724,2,1523395.51,0,737,Medium,232292.77,6.558084050571183
104725,1,222052.75,0,629,High,1321920.39,0.16797739990983876
104726,4,4220595.83,0,661,High,307900.86,13.707645473935994
104727,2,423388.16000000003,0,597,Very High,387806.43,1.09175126363944
104728,1,118365.97,0,682,Medium,343793.02,0.3442942791566856
104729,2,2296684.75,0,737,Medium,933795.35,2.4595161562969876
104731,1,192105.05,0,696,Medium,648508.5,0.29622595540382274
104732,2,894375.13,0,594,Very High,363120.77,2.4630238859649918
104734,1,129877.8,0,684,Medium,1030153.9,0.12607611348168463
104735,2,1274467.96,0,700,Medium,562282.09,2.26659888811326
104737,2,1172234.35,0,708,Medium,260071.21,4.507359157516897
104738,3,2394906.76,0,561,Very High,1259285.8,1.9017976379944883
104739,3,1872542.3699999999,0,763,Low,1361146.14,1.375710010094875
104740,1,164101.9,0,591,Very High,620079.52,0.26464654081786154
104741,2,970677.27,0,601,High,488765.95,1.9859756392604682
104742,2,62578.56,0,666,High,870318.0,0.0719030974885042
104743,5,3430243.82,0,722,Medium,569382.39,6.024499317585146
104745,1,2617798.94,0,767,Low,824295.35,3.175802144219302
104746,2,498264.23,0,673,High,880675.72,0.5657749142896775
104747,1,449935.76,0,633,High,1124531.29,0.4001095958832768
104748,5,1804107.41,0,722,Medium,730642.29,2.469207483185787
104749,1,57981.92,0,719,Medium,497621.51,0.11651811433955095
104750,1,0.0,0,716,Medium,529598.62,0.0
104751,2,254730.95,0,756,Low,451951.91,0.5636240147762624
104752,4,2226846.98,0,707,Medium,414817.29,5.368259794571244
104753,2,0.0,0,754,Low,431571.16,0.0
104754,1,1675688.35,0,647,High,879785.4,1.9046557831034705
104755,1,57163.81,0,690,Medium,504478.71,0.11331263117129362
104757,2,643466.09,1,676,High,808152.49,0.7962186567042564
104758,5,1540268.52,0,593,Very High,1430328.66,1.0768633553074438
104759,2,374092.02,0,566,Very High,398912.16,0.93778043767831
104762,2,161715.95,1,605,High,446685.66,0.36203523972540336
104764,2,794614.12,0,726,Medium,1027394.82,0.7734262471753557
104765,4,412504.78,0,563,Very High,2367295.98,0.1742514596759464
104766,3,1193609.45,1,676,High,204997.78,5.8225481758875635
104767,2,2211485.73,0,780,Low,683465.79,3.235693376840412
104768,2,112659.76,0,666,High,475833.35,0.23676306000829914
104769,2,170413.19,0,709,Medium,980873.76,0.17373610850798984
104770,1,0.0,0,770,Low,1146633.28,0.0
104771,1,0.0,0,722,Medium,477644.36,0.0
104772,2,2260314.33,0,718,Medium,502770.14,4.495721106269358
104776,2,777392.6599999999,0,707,Medium,509656.71,1.5253260572199665
104777,2,415422.18,0,584,Very High,511066.95,0.8128527583323476
104778,1,0.0,0,687,Medium,710011.14,0.0
104779,5,1389219.28,1,668,High,576174.43,2.4111088720129423
104780,2,212638.57,0,766,Low,1224159.6,0.1737016725596891
104781,3,1111088.25,1,696,Medium,1021673.74,1.0875176746737172
104782,1,602989.67,0,674,High,359486.78,1.677362572275954
104783,4,1277030.71,0,824,Low,641115.43,1.9918889021279675
104784,2,1552652.81,0,775,Low,468299.43,3.315512918732359
104785,1,176529.32,0,690,Medium,292446.93,0.6036285626250206
104786,3,3491581.74,0,767,Low,1131150.58,3.0867523756209363
104787,2,287799.25,0,697,Medium,1651295.26,0.17428697154983658
104788,3,2235793.2800000003,0,790,Low,409319.48,5.462220561796864
104789,3,1206591.86,0,722,Medium,1277244.76,0.9446833510595104
104790,1,877690.8,0,677,High,538964.29,1.628476721528248
104791,2,207407.84,0,773,Low,1339293.68,0.1548635994459408
104792,1,134012.82,0,669,High,568706.72,0.23564486806134455
104793,1,3336316.85,0,702,Medium,609026.09,5.47811810492388
104794,2,2276301.75,0,734,Medium,359446.38,6.332799206379544
104795,1,1457125.69,0,698,Medium,639064.81,2.2800906374425463
104796,2,189456.27,0,721,Medium,1839716.31,0.10298124171112011
104797,1,68253.37,0,755,Low,217063.23,0.3144400366658139
104798,3,723921.09,0,722,Medium,875314.18,0.8270414287130593
104799,2,636551.64,0,660,High,1499569.69,0.4244895347277925
104800,2,385443.63,0,658,High,586921.99,0.6567203760758734
104801,1,0.0,0,777,Low,560239.72,0.0
104802,2,267749.52,0,680,Medium,469317.68,0.5705080618313805
104804,2,444510.59,0,697,Medium,804348.99,0.5526339878912511
104805,2,201071.63,0,708,Medium,786062.51,0.25579597988969094
104806,3,1591093.93,1,711,Medium,874547.36,1.8193342096418883
104807,4,4483581.75,0,664,High,624068.58,7.184437566140568
104808,1,176382.96,0,725,Medium,586609.41,0.30068211827696384
104810,3,2891675.27,0,634,High,2477525.4,1.167162714053305
104811,3,448587.04000000004,0,652,High,1015645.83,0.44167664233899334
104812,2,1967861.8199999998,0,669,High,1232036.23,1.5972434674262783
104813,2,1818578.0,0,750,Low,1170927.71,1.553108688494527
104815,1,1022789.81,0,728,Medium,715530.66,1.4294143733826863
104816,2,389060.75,0,747,Medium,836500.97,0.4651049597706982
104817,1,108998.69,0,665,High,776565.34,0.14035997280022824
104818,1,2873638.27,0,679,High,445891.01,6.444710042483251
104819,1,0.0,0,734,Medium,668759.94,0.0
104820,5,1881863.01,0,556,Very High,2086724.62,0.9018262361806034
104822,3,1498990.31,0,664,High,688058.18,2.17858075606339
104823,1,981040.32,0,635,High,1591604.04,0.6163846631100534
104824,2,273008.55,0,706,Medium,935533.17,0.29182134717895675
104825,2,0.0,0,662,High,527872.24,0.0
104826,1,0.0,0,772,Low,588331.94,0.0
104827,1,199812.75,0,725,Medium,476441.32,0.419385854274772
104828,1,1820155.67,1,655,High,1371432.66,1.3271928860145419
104829,1,0.0,0,726,Medium,931036.54,0.0
104830,2,2443102.16,0,728,Medium,630080.44,3.8774448545014355
104832,5,1449904.1099999999,0,706,Medium,547523.75,2.648111812501284
104833,3,2005013.29,0,678,High,1333038.12,1.5040929887286343
104834,1,1506963.79,0,808,Low,505694.37,2.9799892571475537
104835,2,3903224.01,0,718,Medium,450734.56,8.65969543138649
104836,3,1445277.04,0,802,Low,584026.0,2.4746792779773505
104837,3,1160827.55,0,719,Medium,1018011.96,1.1402887152720682
104838,2,1114904.4,0,627,High,653112.9,1.7070622858620612
104839,1,351974.94,0,627,High,454906.0,0.7737311444562174
104840,1,0.0,0,669,High,1202258.86,0.0
104841,2,1101551.64,0,850,Low,1762055.24,0.6251515928637968
104842,4,169596.42,0,678,High,1225139.2,0.13843032693754312
104843,1,0.0,0,739,Medium,1504796.58,0.0
104844,5,999928.35,0,712,Medium,1008241.65,0.9917546552455951
104845,3,2226157.26,0,694,Medium,452041.22,4.92467757696964
104846,2,413268.11,0,716,Medium,500707.82,0.8253677963327994
104849,2,0.0,0,794,Low,261430.05,0.0
104850,2,2026484.64,0,717,Medium,622132.48,3.2573201129122853
104851,1,141779.2,0,695,Medium,553804.31,0.25600956410035886
104852,2,383339.92000000004,0,690,Medium,1345256.47,0.2849567562384592
104853,2,721862.07,0,737,Medium,704899.97,1.0240631305460262
104854,7,797767.91,0,679,High,1314852.46,0.6067356865271409
104855,1,136318.15,0,652,High,440391.69,0.30953842476001303
104856,2,1593888.48,0,662,High,625420.6,2.548506525048903
104857,1,165975.43,0,738,Medium,552666.44,0.3003175477780051
104858,1,661918.29,0,681,Medium,632420.57,1.0466425688841843
104859,1,113093.56,0,671,High,695854.32,0.16252476524109244
104860,3,468152.69,0,692,Medium,1212061.54,0.3862449838974348
104861,1,292935.48,0,786,Low,748780.95,0.391216523337032
104862,1,0.0,0,729,Medium,1040474.57,0.0
104864,3,229043.71,0,648,High,1005271.58,0.22784261940440015
104865,1,2802359.01,0,614,High,511784.9,5.475657859385847
104866,1,581807.92,0,678,High,1424184.46,0.4085200592625481
104867,2,2716645.9200000004,0,631,High,403132.26,6.738845261354178
104868,2,3558584.21,0,633,High,1026114.85,3.468017454381447
104869,4,553876.0700000001,0,692,Medium,403389.88,1.3730539546505234
104870,3,1481289.67,0,663,High,445884.34,3.322138808463199
104871,2,1840088.17,0,702,Medium,901790.18,2.0404837076402846
104873,1,0.0,0,737,Medium,637564.35,0.0
104874,1,625608.87,0,653,High,2192812.11,0.28529980619269746
104875,1,0.0,0,842,Low,362553.76,0.0
104876,1,1040266.84,0,669,High,1209167.65,0.8603164664552513
104878,2,1670650.1199999999,0,684,Medium,2384474.8,0.700636517525788
104879,1,0.0,0,628,High,419963.24,0.0
104880,3,715997.11,1,813,Low,524285.65,1.3656622301220718
104881,1,671688.55,0,651,High,774985.37,0.866711264497806
104883,3,318604.1,0,744,Medium,701986.85,0.4538604961047347
104884,2,3527080.2199999997,0,677,High,1020084.57,3.457635105685404
104885,2,730689.24,0,691,Medium,412779.4,1.770168860170832
104886,2,488096.93,0,649,High,1390762.96,0.35095623340443294
104888,3,2812631.96,0,730,Medium,822895.75,3.4179687524209474
104890,3,1023042.46,0,668,High,1744430.63,0.5864621054034118
104891,2,1326622.01,0,761,Low,375373.99,3.534134077856593
104893,1,2071400.05,0,789,Low,1360481.38,1.5225493567578265
104894,2,190163.07,0,710,Medium,573266.5,0.33171844159740715
104896,1,196674.81,0,775,Low,508605.07,0.38669455261230484
104897,2,527420.13,0,690,Medium,1508676.96,0.349591160986511
104899,1,425239.61,0,708,Medium,1795459.04,0.23684172154659677
104900,2,254967.26,0,734,Medium,654484.48,0.3895696044618201
104901,2,2429447.64,0,656,High,1131578.28,2.146954994576248
104903,2,334912.12,0,730,Medium,711055.28,0.4710071486987622
104904,1,826901.07,0,640,High,454676.3,1.8186588348677948
104905,2,399368.73,0,679,High,1546353.15,0.25826489246651063
104907,6,1696693.38,0,706,Medium,853948.65,1.9868798668397682
104908,2,983923.13,2,628,High,1359914.56,0.7235183436818265
104909,1,282776.23,0,736,Medium,486617.35,0.5811059346733116
104910,1,802103.0,0,611,High,706904.56,1.1346694382619344
104911,1,257479.02,0,748,Medium,800766.77,0.32154059040187194
104912,1,126247.18,0,733,Medium,698939.49,0.18062676641721875
104913,2,1584017.08,0,757,Low,546417.07,2.8989158043689964
104914,2,0.0,0,774,Low,1227726.6,0.0
104916,1,153133.55,0,775,Low,636686.01,0.24051659310057713
104917,2,1536364.92,0,682,Medium,1089975.85,1.4095403306412704
104918,4,250189.72,0,736,Medium,1344223.66,0.18612209221194634
104919,2,204864.7,0,755,Low,804429.78,0.2546707059999693
104920,1,342061.11,0,627,High,749460.74,0.45640964461994366
104921,2,0.0,0,640,High,1861872.65,0.0
104923,1,0.0,0,777,Low,1901298.06,0.0
104925,3,1399670.11,0,552,Very High,744369.95,1.8803420396000674
104926,1,0.0,0,738,Medium,961395.22,0.0
104927,4,906416.55,0,690,Medium,678202.97,1.336497464763388
104928,1,160898.43,0,682,Medium,967086.41,0.16637440908718798
104929,3,1145071.42,0,820,Low,1350314.14,0.8480037245259092
104930,3,2433426.26,0,608,High,4229730.97,0.575314665934888
104931,1,120427.13,0,628,High,630927.68,0.19087311243025507
104932,3,2171721.49,0,735,Medium,180000.0,12.06511938888889
104933,2,371352.94,0,684,Medium,1056440.91,0.35151321430746185
104934,1,169675.49,0,674,High,1183375.7,0.14338260452703228
104935,1,681371.88,0,743,Medium,418619.58,1.627663665421479
104936,2,188836.53,0,708,Medium,1030230.77,0.1832953698325279
104938,4,668783.03,0,648,High,492205.39,1.3587478796199286
104939,2,2118157.94,0,681,Medium,1313165.61,1.613016609534878
104940,5,503552.41000000003,0,755,Low,811351.25,0.6206342937168089
104941,2,2080548.21,0,850,Low,343892.91,6.049988672345703
104943,2,787525.22,0,630,High,2140486.46,0.36791880477487343
104944,1,154104.15,0,689,Medium,187494.39,0.821913391648678
104945,1,259735.32,0,689,Medium,893489.53,0.2906976649183567
104946,1,6857601.1,0,725,Medium,401858.81,17.064702650167106
104947,1,1333604.4,0,781,Low,1231039.72,1.0833154920460242
104948,5,3114951.2,0,625,High,974734.37,3.195692381299738
104950,1,219845.98,0,718,Medium,1011850.37,0.2172712354693313
104951,4,1224011.57,1,644,High,887728.01,1.3788137314716475
104952,2,1069378.99,0,700,Medium,723068.47,1.478945679929869
104953,2,464980.69,0,696,Medium,536301.43,0.8670137053335845
104954,2,488563.06999999995,0,734,Medium,248919.15,1.962737981388736
104955,2,447443.36,0,768,Low,1222718.75,0.36594135814143686
104957,2,143650.03,0,730,Medium,2721743.31,0.05277868396781326
104958,1,8150847.37,0,647,High,1078532.98,7.557346433671412
104959,6,5243186.67,0,698,Medium,763073.87,6.871139054990836
104960,4,1772444.65,0,713,Medium,1045657.67,1.6950525022209226
104961,1,291451.99,0,638,High,1794312.18,0.16243103805938608
104962,2,925025.6399999999,0,699,Medium,430560.9,2.14841997961264
104963,1,0.0,0,761,Low,718358.41,0.0
104964,3,2193837.94,0,692,Medium,418569.83,5.241271068199062
104965,3,396076.76,0,717,Medium,1280884.64,0.30922125820792107
104967,1,563636.28,0,749,Medium,1422576.86,0.3962079630621856
104968,2,371812.6,0,678,High,1111645.0,0.3344706268637919
104969,5,1774355.44,0,799,Low,1218090.35,1.4566698110694332
104970,2,2295654.82,0,711,Medium,1302472.01,1.7625367780456178
104971,1,0.0,0,842,Low,513930.81,0.0
104972,3,1167259.71,0,633,High,1341421.12,0.8701664917874559
104973,3,1824551.16,0,711,Medium,611400.67,2.9842151792211804
104974,3,2602255.99,0,723,Medium,436448.8,5.962339660459601
104975,1,23597.56,0,675,High,352641.7,0.06691653312696712
104976,1,293863.27,0,605,High,668740.29,0.4394280924811634
104977,4,669925.7,0,682,Medium,1034168.4,0.6477916942733891
104978,3,638389.13,0,702,Medium,637245.86,1.0017940799176004
104979,2,1724404.8800000001,0,641,High,411745.02,4.188040647097566
104980,2,1262779.39,0,807,Low,1425133.43,0.886078007446643
104981,2,138193.44,0,697,Medium,313584.17,0.44069010243725
104982,1,166896.08,0,687,Medium,1569122.18,0.10636270529296832
104983,3,2522894.83,0,674,High,727214.35,3.469258864322466
104984,5,146342.14,0,608,High,278436.05,0.5255861803814557
104985,1,0.0,0,667,High,439032.17,0.0
104986,5,3774074.67,0,702,Medium,1264920.39,2.983646006370409
104988,3,920333.62,0,669,High,1244013.17,0.7398101902731464
104989,2,384063.57999999996,0,686,Medium,283952.46,1.3525629607153251
104991,1,85085.2,0,850,Low,1065798.43,0.07983235629273727
104993,4,363965.96,0,697,Medium,1272275.79,0.28607473541566014
104994,4,3200273.47,1,682,Medium,913945.33,3.5016027380981316
104995,4,1596239.2100000002,0,694,Medium,1511093.33,1.0563472012678397
104997,3,988241.19,0,715,Medium,300223.03,3.2916901478211043
104998,2,0.0,0,683,Medium,1027266.63,0.0
104999,1,114528.35,0,647,High,557062.11,0.205593501952592
105000,1,0.0,0,775,Low,949827.27,0.0
105002,1,244316.83,0,753,Low,1231614.28,0.19837122219791084
105003,2,200817.54,1,787,Low,390828.35,0.5138254172196055
105004,3,176951.5,0,724,Medium,524924.4,0.33709901844913287
105005,2,0.0,0,672,High,731694.28,0.0
105006,1,0.0,0,724,Medium,744068.94,0.0
105008,1,103158.08,0,713,Medium,506712.44,0.20358308156002644
105009,2,1550812.45,0,777,Low,1014157.76,1.5291629282607866
105010,1,135048.87,0,714,Medium,417221.26,0.3236864535618343
105011,1,1231687.69,0,721,Medium,328282.76,3.7519109745513286
105014,2,65268.71,1,668,High,720629.26,0.09057182884858159
105015,2,267357.92,0,732,Medium,932301.97,0.2867718063493956
105016,3,589125.96,0,697,Medium,412029.37,1.4298154522334172
105017,3,3694846.17,1,660,High,1055899.41,3.499240680511414
105018,5,2762304.1799999997,0,723,Medium,1186278.46,2.3285461829931564
105019,1,650326.65,0,727,Medium,561758.28,1.157662776238919
105020,3,302271.24,0,668,High,722198.99,0.41854287278911867
105021,1,724976.47,0,784,Low,334463.44,2.167580618078915
105022,5,3002432.32,0,611,High,852157.88,3.523328705239456
105023,6,5017354.6899999995,1,581,Very High,952187.95,5.269290259344282
105024,2,2471630.44,0,767,Low,674886.47,3.6622906960929296
105025,1,0.0,0,617,High,438042.2,0.0
105026,3,619797.53,0,704,Medium,364788.76,1.699058737445748
105027,3,1468962.11,0,695,Medium,852715.21,1.7226878244613464
105028,1,1053002.29,0,680,Medium,933195.42,1.128383474063771
105029,3,2182816.03,0,775,Low,390272.49,5.593056354036125
105030,2,1618524.01,0,783,Low,228819.89,7.073353675679155
105031,4,1833534.1600000001,0,718,Medium,560138.49,3.273358629577482
105032,4,361547.23,0,695,Medium,226811.13,1.594045362765046
105033,1,1066656.65,0,770,Low,742829.75,1.4359369020963415
105034,2,43893.09,0,720,Medium,1368422.72,0.03207568053240156
105036,1,254185.75,0,719,Medium,609215.88,0.4172342815489314
105037,2,1484624.76,0,638,High,597171.2,2.4860957125862737
105038,1,271342.52,0,714,Medium,425249.32,0.6380786687677714
105039,1,1129610.1,0,675,High,991605.59,1.1391727834047407
105041,2,747362.6900000001,0,747,Medium,1291219.26,0.5788038586103494
105043,2,280911.18,1,711,Medium,1375951.32,0.20415778953575187
105044,3,1578757.72,0,783,Low,819448.64,1.926609726266676
105045,2,1408452.66,0,672,High,994022.13,1.4169228405407834
105046,3,3992694.7199999997,0,799,Low,542018.41,7.366345213255763
105047,2,258140.8,0,704,Medium,413664.8,0.6240337587341248
105048,2,302164.6,0,610,High,368797.99,0.8193227951161013
105049,1,201766.0,0,633,High,351052.43,0.5747460571630283
105051,4,3006488.18,0,643,High,697161.66,4.312469191148578
105052,3,1489912.59,1,808,Low,360376.82,4.1343186001807775
105053,1,425364.42,0,682,Medium,219035.44,1.9419890224157332
105054,1,221913.49,0,636,High,1853405.47,0.11973283428369293
105055,2,579851.28,0,694,Medium,835619.73,0.6939176507955359
105056,3,1544027.46,0,685,Medium,459012.52,3.3638024949733394
105057,2,2107682.93,2,649,High,338903.75,6.219119528774764
105058,2,1353559.46,0,630,High,2463336.0,0.5494822711964588
105059,2,1716850.81,0,719,Medium,940674.9,1.8251266298271591
105061,1,1617252.08,0,769,Low,1235713.89,1.3087593277761087
105062,1,0.0,0,669,High,1015507.82,0.0
105063,3,240461.35,0,697,Medium,457986.42,0.5250403494496627
105064,1,893570.12,0,788,Low,941880.6,0.9487084881034815
105067,1,0.0,0,640,High,2327908.21,0.0
105068,5,847377.7,0,623,High,1160028.84,0.7304798560008214
105069,3,340518.65,0,652,High,954263.97,0.35683905156767054
105071,2,1597864.7200000002,1,680,Medium,346314.7,4.613909603028691
105072,1,269372.64,0,730,Medium,518393.65,0.5196295132087363
105073,2,118013.74,0,681,Medium,1951906.44,0.060460756510440125
105075,2,286699.67,0,632,High,673554.46,0.425651802528336
105076,1,142744.2,0,634,High,376785.37,0.37884751204644707
105077,5,2447470.0300000003,0,665,High,1082421.96,2.26110529945272
105078,1,1490338.91,0,591,Very High,1056923.27,1.4100729469226274
105079,2,1078630.1600000001,0,703,Medium,794723.97,1.3572387403893205
105080,1,1220167.27,0,727,Medium,989023.29,1.233709339645581
105081,3,1540618.57,0,811,Low,582076.82,2.646761590678014
105082,3,3315894.2,0,716,Medium,537390.65,6.17036079805259
105083,1,1420634.3,0,774,Low,755467.4,1.8804706860944629
105085,2,186760.93,0,751,Low,791265.85,0.2360280429137691
105086,1,781214.42,0,769,Low,905821.51,0.8624374795427413
105088,3,1511338.5,0,656,High,872291.48,1.7326072014368408
105089,2,1650857.16,0,778,Low,1172493.74,1.4079880375310148
105090,2,0.0,0,651,High,742682.75,0.0
105091,2,0.0,0,725,Medium,559284.91,0.0
105093,1,71939.56,0,614,High,1063648.17,0.06763473301514729
105095,2,394453.74,0,673,High,345470.53,1.141786942000523
105096,2,164597.3,0,631,High,1447638.5,0.11370055438564254
105097,1,188414.21,0,599,Very High,784713.61,0.24010569919897273
105098,4,125043.78,0,738,Medium,846202.99,0.14777043035501447
105099,2,632969.03,0,612,High,709160.58,0.8925609345065402
105100,2,198973.64,0,771,Low,682847.27,0.29138820456879033
105102,1,126715.18,0,653,High,780856.6,0.16227714538111093
105103,2,2091940.37,0,755,Low,623035.15,3.3576602700505744
105105,4,874618.9199999999,0,670,High,725310.28,1.205854851526439
105106,3,155023.01,0,682,Medium,677491.71,0.22881905078956616
105107,4,4115363.29,0,776,Low,767352.88,5.363064891344384
105108,1,731273.88,1,594,Very High,813391.47,0.8990429663591137
105110,3,681478.5800000001,0,657,High,1483523.92,0.4593647401384671
105111,4,915871.05,0,610,High,727944.96,1.2581597515284673
105112,1,130321.0,0,760,Low,2009755.83,0.06484419552598088
105113,3,2880796.6799999997,1,749,Medium,899934.87,3.2011168541563455
105115,3,685191.95,0,727,Medium,446581.47,1.5343044797626735
105116,2,736914.49,0,680,Medium,853344.64,0.8635602257957582
105117,6,1953417.93,0,719,Medium,512925.41,3.8083859600560634
105120,2,241489.51,0,597,Very High,479173.43,0.5039709943850601
105121,3,61853.21,0,796,Low,1315857.34,0.047006015104950505
105123,4,775319.79,0,742,Medium,517953.94,1.4968894531432662
105124,1,0.0,0,660,High,880324.52,0.0
105125,2,418607.79,0,693,Medium,967682.68,0.4325878706437114
105126,4,251250.12,0,645,High,335111.16,0.7497515749699294
105128,3,2382319.44,0,714,Medium,1438049.94,1.656631924757773
105129,4,4097680.74,0,689,Medium,919637.99,4.455754095152159
105130,1,900087.65,0,701,Medium,1200780.21,0.7495856797973045
105132,2,1406088.46,0,741,Medium,783503.77,1.7946160744063808
105133,4,322323.56000000006,1,673,High,631465.79,0.5104370895531808
105134,4,3353416.72,0,683,Medium,590732.89,5.676705625786301
105135,2,661123.96,0,713,Medium,1101708.96,0.6000894827977072
105136,3,1454675.2,0,676,High,1257957.99,1.1563782030590704
105137,2,88183.71,0,759,Low,1121485.21,0.07863118408846427
105139,1,112000.73,0,708,Medium,566102.56,0.1978452985621545
105140,2,469261.56,0,642,High,462852.78,1.013846260143452
105141,4,0.0,0,696,Medium,752153.59,0.0
105145,3,1647360.22,0,618,High,353920.48,4.654605520426509
105146,2,0.0,0,751,Low,588031.6,0.0
105147,2,463653.16,0,662,High,469547.99,0.9874457347799529
105148,2,3433027.16,0,701,Medium,965048.79,3.5573612397358687
105149,2,286900.76,0,669,High,655440.76,0.4377218774126895
105150,1,1797786.42,0,725,Medium,622145.12,2.8896576734379913
105151,1,1575233.33,0,716,Medium,461654.67,3.4121464210467103
105152,4,663040.41,0,748,Medium,1360168.04,0.4874694820795819
105154,3,2855248.52,1,623,High,4066003.65,0.7022247803442085
105156,2,429923.95,0,662,High,1085406.54,0.3960948586139899
105157,1,293605.46,0,723,Medium,493402.34,0.5950629662599493
105158,4,7498085.02,1,709,Medium,1028859.76,7.2877619589282014
105159,1,1126531.99,0,600,High,554061.39,2.0332259390967486
105160,1,253222.22,0,745,Medium,1015510.96,0.24935449244191318
105161,2,1551106.41,0,600,High,479675.98,3.233654539049464
105162,1,1314033.63,0,668,High,1472181.32,0.8925759430231052
105163,1,86704.65,0,644,High,596427.32,0.14537337089119257
105164,1,149679.76,0,685,Medium,1405849.79,0.10646924092793726
105165,2,2446998.4400000004,0,634,High,462458.44,5.291282909659948
105166,1,3042608.09,0,659,High,771461.14,3.943955090207136
105168,2,1063745.8399999999,0,689,Medium,1718722.46,0.6189165876147332
105170,2,2568752.65,0,694,Medium,690677.4,3.719178664308402
105171,2,907724.77,0,740,Medium,434732.24,2.0880088626507205
105172,1,0.0,0,646,High,734676.37,0.0
105173,1,0.0,0,663,High,495675.32,0.0
105175,4,650977.5,0,754,Low,756034.91,0.8610415886747875
105177,2,498781.14,1,616,High,517049.61,0.9646678584671982
105179,1,1296228.54,0,761,Low,1424209.03,0.9101392511182155
105180,1,0.0,0,767,Low,469663.7,0.0
105181,1,0.0,0,717,Medium,873730.42,0.0
105183,1,0.0,0,594,Very High,2067437.79,0.0
105184,1,286823.63,0,763,Low,577310.46,0.496827356982238
105186,4,273720.55,1,679,High,402302.64,0.6803846725937468
105189,2,183109.51,0,690,Medium,540886.48,0.3385359345643101
105190,2,190325.82,0,692,Medium,481910.59,0.3949401070435078
105191,4,508918.93,0,668,High,687818.21,0.7399032514710537
105193,2,2263039.96,0,662,High,606147.93,3.7334779976894414
105194,2,1314059.3,1,720,Medium,478467.91,2.746389616808367
105195,1,62490.51,0,619,High,665605.27,0.09388523921993587
105196,5,4508590.890000001,2,641,High,498204.28,9.04968317413893
105197,1,2718641.9,0,663,High,1159857.91,2.343943923269015
105199,3,156752.54,0,616,High,288477.06,0.5433795671655833
105200,1,26347.05,0,686,Medium,590116.8,0.044647178321308593
105201,1,1656548.1,0,625,High,2423787.38,0.6834543795669075
105202,3,290818.07,0,738,Medium,1136564.79,0.25587460790510674
105203,3,1408836.4500000002,0,674,High,728897.13,1.9328330322826215
105204,1,0.0,0,747,Medium,1353774.01,0.0
105205,2,581771.28,0,661,High,480582.91,1.2105534089841024
105206,2,1832871.52,0,698,Medium,411437.75,4.454796673372825
105207,3,348550.67,0,789,Low,1252412.26,0.278303463749229
105209,2,549315.02,0,784,Low,560016.75,0.98089033944074
105210,3,1986553.04,0,755,Low,474185.87,4.1893973770243305
105211,1,137757.77,0,777,Low,1013081.69,0.13597893571642777
105212,1,98119.28,0,737,Medium,1037458.05,0.0945766240861498
105213,3,2100306.11,0,721,Medium,922530.03,2.276680478357978
105214,4,206278.12,0,710,Medium,772672.47,0.2669670889141424
105215,1,327515.24,0,679,High,857672.18,0.38186529496619553
105216,4,897240.72,1,625,High,1654914.01,0.5421675776374628
105217,1,129084.12,0,761,Low,1138869.0,0.1133441335219415
105218,3,701103.29,0,640,High,533136.63,1.3150536852063608
105220,1,130864.25,0,693,Medium,871702.78,0.15012485104154422
105221,2,1333918.71,0,687,Medium,313871.36,4.249889859336003
105223,3,2189809.76,0,633,High,336091.62,6.515514311246439
105224,2,815617.07,0,681,Medium,533502.29,1.5287976926959392
105225,2,219131.21,0,694,Medium,1935920.72,0.1131922437402292
105227,2,605501.3200000001,0,644,High,375473.39,1.6126344399532548
105229,2,2199133.9,0,536,Very High,1146378.93,1.9183307041416053
105230,2,774940.6,0,734,Medium,333253.91,2.3253758673079035
105231,2,1713357.53,0,680,Medium,635145.56,2.697582472276119
105232,1,1545688.33,0,718,Medium,572681.2,2.699038016264547
105233,1,408872.17,0,696,Medium,1040646.47,0.3929020871036059
105234,4,1527571.34,0,674,High,337952.32,4.520079459729704
105235,3,2368736.25,0,723,Medium,1157677.68,2.0461103214843015
105236,4,1194081.17,0,701,Medium,845854.09,1.4116869376371992
105237,2,1552583.24,1,819,Low,1331825.97,1.1657553426443548
105238,2,4495402.29,0,725,Medium,306841.66,14.650560455187215
105239,3,606997.39,0,659,High,496537.83,1.2224595052505869
105240,2,184992.15,0,731,Medium,881373.13,0.2098908438472591
105241,3,232621.37,1,640,High,505977.78,0.45974621652357933
105242,2,178814.25,0,650,High,1003149.38,0.17825286399519083
105243,2,76833.33,0,731,Medium,334056.21,0.23000120249223924
105244,2,0.0,0,698,Medium,598745.25,0.0
105245,1,631134.52,0,617,High,798923.23,0.7899814353877281
105246,1,286278.22,0,692,Medium,936230.32,0.30577755695842024
105248,2,56613.58,0,674,High,633860.42,0.08931553101233233
105249,2,673423.56,0,701,Medium,624411.17,1.078493775183426
105250,2,838105.62,0,761,Low,575007.15,1.457556866901568
105251,1,0.0,0,739,Medium,578653.71,0.0
105252,1,2630247.53,0,744,Medium,1219835.6,2.1562311593463903
105253,1,1815502.04,0,639,High,565987.63,3.207670881428981
105254,1,372681.11,0,768,Low,706212.16,0.5277183417515778
105256,1,98091.39,0,699,Medium,504664.19,0.19436962626573523
105258,2,886650.86,0,746,Medium,739794.03,1.1985104286391712
105259,3,5725022.59,1,706,Medium,611495.83,9.362324825665615
105261,2,612414.28,0,726,Medium,785234.23,0.7799128675274384
105263,2,762515.74,1,701,Medium,611607.06,1.2467412328431917
105264,2,2633948.6100000003,0,701,Medium,723948.41,3.638309820999538
105265,2,1355799.21,0,738,Medium,447918.97,3.0268849966323153
105266,2,5127414.41,0,615,High,1436522.99,3.569322903770583
105267,3,525174.01,0,639,High,363221.59,1.4458777354066426
105268,3,1174899.4300000002,0,675,High,761522.72,1.5428291226819868
105269,3,1318738.8900000001,0,637,High,1082369.88,1.2183809937504915
105270,1,155373.61,0,638,High,1000687.22,0.15526690747584443
105273,1,105204.6,0,668,High,436278.22,0.241141077361139
105275,3,1647378.76,0,755,Low,565294.54,2.9141954210277707
105276,2,961840.33,0,806,Low,1167697.36,0.8237068635660869
105277,4,2466278.04,0,656,High,978659.01,2.520058585063249
105279,1,540675.34,0,689,Medium,911244.99,0.5933369685796571
105280,3,3842127.63,0,720,Medium,894106.41,4.297170434109739
105281,2,1396456.3599999999,0,674,High,1167910.55,1.195687769067588
105282,1,0.0,0,730,Medium,535350.43,0.0
105283,2,1383325.99,0,736,Medium,699730.52,1.9769410515350967
105284,2,3509257.0,0,765,Low,753881.07,4.654921233132966
105285,3,4317112.93,0,757,Low,628315.86,6.870927832380357
105288,2,393553.44,0,636,High,570854.32,0.689411337029034
105289,2,48316.36,0,768,Low,2505177.59,0.019286600755517698
105290,1,216410.99,0,746,Medium,400427.89,0.5404493428267446
105291,1,0.0,0,680,Medium,445097.36,0.0
105292,4,1636740.1800000002,0,639,High,914155.68,1.790439217092651
105293,3,379679.55,0,767,Low,816458.65,0.4650321850347228
105294,4,693727.78,0,660,High,439267.69,1.5792825099428551
105295,1,1839756.59,0,775,Low,613491.76,2.9988285254230638
105299,3,578098.24,0,737,Medium,1087873.09,0.5314022796537783
105300,2,2130480.36,0,771,Low,1137800.8,1.87245461595738
105302,1,575532.3,0,686,Medium,686419.07,0.8384561635212147
105303,1,98781.11,0,720,Medium,1041408.54,0.09485337041695471
105304,5,1362682.5,0,684,Medium,637295.36,2.1382275559012385
105305,2,276928.78,0,620,High,1420668.18,0.19492854411647345
105306,1,743872.88,0,784,Low,700400.46,1.0620679489559446
105307,3,2968351.92,0,668,High,342022.27,8.678826440161338
105308,3,4629283.7,0,776,Low,1063400.5,4.353283358433629
105309,2,66340.87,1,672,High,959640.07,0.06913099199786436
105310,4,417038.79,0,699,Medium,260837.19,1.5988471199218177
105311,1,0.0,0,618,High,929073.62,0.0
105312,1,2469124.12,0,614,High,2407838.06,1.0254527333121397
105313,2,417784.28,0,720,Medium,1303019.82,0.3206277246036058
105314,2,841714.89,0,814,Low,531938.26,1.5823544822664195
105315,4,272642.07,0,669,High,892376.39,0.30552362551859985
105316,2,90995.16,0,684,Medium,761370.5,0.11951495362638821
105317,2,1587236.98,0,666,High,546109.8,2.9064429534133978
105318,3,2560913.61,1,673,High,1098168.54,2.331985953631489
105319,2,995377.27,0,712,Medium,2097338.33,0.4745907018253941
105320,1,1312465.53,0,618,High,1411832.04,0.9296187455839293
105321,2,108216.48,0,729,Medium,438560.72,0.24675369923690385
105322,2,2319700.08,0,729,Medium,415164.56,5.58742316540699
105324,2,41397.12,0,697,Medium,1152313.13,0.035925235009688736
105326,2,840925.63,0,715,Medium,729214.51,1.1531937701020238
105327,1,124601.2,0,689,Medium,919649.03,0.1354877740696361
105328,3,221616.93,0,767,Low,891621.47,0.24855495011801365
105329,2,304689.58,0,764,Low,753141.25,0.40455834811862984
105330,1,0.0,0,647,High,1021613.45,0.0
105331,3,434172.29000000004,0,715,Medium,420005.56,1.0337298630046707
105332,3,335294.18,0,677,High,372596.77,0.8998848272356198
105333,3,2765744.62,0,774,Low,250007.4,11.062651025529645
105335,3,0.0,0,684,Medium,1766362.94,0.0
105337,1,0.0,0,683,Medium,1410693.35,0.0
105338,1,0.0,0,655,High,921315.03,0.0
105339,1,39096.5,0,798,Low,238175.07,0.1641502614022534
105340,1,167582.07,0,752,Low,1861568.04,0.09002199565050548
105341,3,2358933.69,0,725,Medium,2584745.28,0.9126368111599763
105342,2,1829635.77,1,549,Very High,554483.19,3.2997136847376747
105344,4,1124783.46,0,832,Low,1535608.69,0.7324675012095693
105345,1,141485.05,0,754,Low,1010483.48,0.14001718266586605
105346,3,695173.62,0,784,Low,444972.85,1.5622832269429472
105347,3,497248.9,0,678,High,980114.39,0.5073376180100774
105348,2,845406.4199999999,0,781,Low,1435629.93,0.5888748920134314
105349,2,985655.0,0,726,Medium,720609.65,1.3678071061080017
105350,2,598636.7,0,654,High,1559049.19,0.3839755049678708
105351,5,3961141.74,0,685,Medium,764106.27,5.184019416566232
105352,4,4132035.1,1,648,High,745015.33,5.546241712905425
105353,2,211843.59,0,746,Medium,811791.05,0.2609582724520059
105354,1,229972.82,0,785,Low,1507580.57,0.1525442981796986
105355,1,820947.99,0,811,Low,367410.97,2.2344133872758345
105356,1,79281.42,0,691,Medium,809384.61,0.097952714964521
105358,1,1164316.12,0,665,High,406477.32,2.8644061124984788
105359,3,487368.04,0,695,Medium,2059380.46,0.2366576013836705
105360,2,1435273.1400000001,0,703,Medium,462521.66,3.103147947709087
105361,2,1354889.66,0,735,Medium,965310.3,1.403579408610889
105362,2,2508959.2399999998,0,734,Medium,1047421.72,2.3953668251217857
105363,6,2889057.6199999996,0,780,Low,657682.31,4.392785963788503
105364,1,899612.16,0,707,Medium,1120505.89,0.8028624999017187
105365,1,128529.27,0,844,Low,1126790.77,0.11406666918295755
105366,2,0.0,0,757,Low,770097.48,0.0
105367,3,753290.53,0,719,Medium,647086.66,1.164126192927544
105369,2,108971.14,0,707,Medium,529873.03,0.2056551925279156
105370,1,739690.84,0,648,High,697373.81,1.0606805552390903
105372,2,928089.1100000001,0,724,Medium,529248.02,1.7535995883366744
105373,3,4071226.81,0,698,Medium,298970.18,13.617501283907313
105374,1,73044.06,0,761,Low,691992.54,0.10555613793177596
105375,4,916294.28,0,741,Medium,595126.54,1.5396629429431932
105376,1,0.0,0,684,Medium,643493.28,0.0
105377,2,3752779.81,0,695,Medium,374845.21,10.011545325602533
105378,3,356043.64,0,735,Medium,694142.67,0.512925736145856
105379,2,532377.48,0,769,Low,198540.25,2.6814586966622636
105380,4,1810491.4000000001,0,728,Medium,420597.59,4.304569125086998
105381,1,635669.63,0,697,Medium,368209.0,1.7263826522436985
105382,4,607783.24,0,683,Medium,490983.21,1.2378900696013617
105384,5,384096.69,0,631,High,458496.3,0.8377312750397332
105385,3,1534961.45,0,735,Medium,982775.03,1.5618645194923195
105386,3,283832.99,0,758,Low,933591.2,0.3040227778496627
105387,2,556404.14,0,702,Medium,719790.98,0.7730079362761674
105389,3,1087893.73,0,729,Medium,916589.02,1.186893696370048
105390,2,412548.61,0,738,Medium,360520.0,1.1443154610007766
105391,2,83243.63,0,682,Medium,851093.43,0.09780786346805662
105394,2,1385120.6099999999,0,712,Medium,528912.88,2.6188067305148626
105395,2,210270.78000000003,0,594,Very High,489830.44,0.42927258665263845
105396,1,1785798.09,0,712,Medium,1538900.69,1.1604375133524698
105397,3,268729.85,0,710,Medium,490272.09,0.54812389993483
105398,1,0.0,0,649,High,297879.15,0.0
105399,3,178239.49,0,704,Medium,810818.09,0.21982673080221976
105400,3,1312538.19,0,689,Medium,680021.77,1.9301414276781168
105401,1,146336.13,0,669,High,1448727.43,0.10101011892899689
105403,3,220758.99,0,677,High,820744.18,0.268974176582038
105404,1,260930.49,0,710,Medium,339293.92,0.7690396868885833
105405,1,0.0,0,663,High,498614.67,0.0
105406,3,1982575.8699999999,0,800,Low,1830119.39,1.0833041171155506
105407,1,343414.76,0,759,Low,786592.25,0.43658548631772054
105408,2,0.0,0,804,Low,1007827.98,0.0
105410,5,414490.42,0,744,Medium,522184.14,0.7937629434704776
105411,1,73833.59,0,634,High,732927.6,0.10073790371654717
105412,2,539474.87,1,591,Very High,722350.43,0.7468326280362289
105414,1,22687.23,0,680,Medium,807750.58,0.028086925050552117
105415,1,0.0,0,691,Medium,346726.77,0.0
105416,2,1759637.69,0,652,High,297348.42,5.9177637130205705
105417,1,168129.2,0,618,High,456027.6,0.3686820709974572
105418,2,3381793.4499999997,1,660,High,1121942.28,3.0142312223049474
105419,2,820214.93,0,774,Low,801227.9,1.023697414930259
105420,1,598260.45,0,700,Medium,477164.06,1.2537835519297074
105421,3,687182.28,0,732,Medium,838379.36,0.8196555315961023
105423,1,250030.19,0,631,High,413730.53,0.6043310122653989
105424,2,2851673.8200000003,0,610,High,642673.55,4.437204269570453
105425,1,190502.68,0,646,High,1194333.87,0.1595053818577547
105426,2,1692609.17,0,686,Medium,588253.48,2.877346632951496
105427,1,1682914.15,0,631,High,861201.1,1.9541477013905346
105428,2,588466.5800000001,0,661,High,1028142.23,0.5723591180570416
105429,1,0.0,0,672,High,943247.78,0.0
105430,3,862636.09,0,757,Low,499474.17,1.7270884898812686
105431,2,917863.3,0,682,Medium,524325.59,1.7505598000662148
105433,1,3267956.86,0,815,Low,946553.15,3.452481099450147
105434,1,221936.98,0,644,High,1568510.53,0.14149537140818558
105436,2,0.0,0,676,High,403700.62,0.0
105437,2,155003.46,0,704,Medium,788795.21,0.19650659389780017
105438,2,686814.41,0,754,Low,360837.12,1.903391785191058
105439,1,69824.87,0,761,Low,792036.57,0.08815864398786535
105440,4,1156856.82,0,626,High,2054683.24,0.5630341443774078
105441,4,1351579.37,1,695,Medium,941087.73,1.4361884943500434
105442,2,0.0,0,618,High,1246512.52,0.0
105443,4,4944821.74,0,677,High,752584.25,6.570456051930399
105444,1,61731.24,0,603,High,663248.46,0.09307407965937833
105445,1,122072.12,0,663,High,956004.64,0.12768988234199366
105446,1,0.0,0,722,Medium,1992071.06,0.0
105447,2,631907.75,0,626,High,684432.26,0.9232582783283768
105448,1,0.0,0,635,High,454509.09,0.0
105449,3,1009172.9600000001,0,617,High,777144.96,1.2985646332956984
105450,3,737945.19,1,704,Medium,1378787.71,0.5352130604645439
105451,2,626029.47,0,641,High,543494.57,1.1518596588738688
105452,1,106229.64,0,756,Low,639669.61,0.16606954330689558
105453,1,940846.79,0,742,Medium,843950.59,1.1148126456076062
105455,1,130206.74,0,805,Low,402625.38,0.3233942678924016
105457,4,237748.47,0,730,Medium,301862.06,0.7876063325082987
105458,1,359386.77,0,727,Medium,929968.5,0.38645047654839926
105459,2,239106.16999999998,0,615,High,1235566.02,0.19351954175625516
105460,2,0.0,0,727,Medium,537105.38,0.0
105462,3,1692552.33,0,704,Medium,843642.22,2.0062442228175827
105463,3,1732464.94,0,649,High,898827.17,1.9274728199415687
105464,1,139697.53,0,666,High,1536718.77,0.0909063731941011
105465,5,1265398.08,0,750,Low,428183.31,2.9552718437344043
105466,3,512383.1,0,752,Low,559071.9,0.9164887378528592
105468,2,108492.83,0,614,High,405584.57,0.2674974296975844
105470,1,1619010.09,0,679,High,1937873.06,0.8354572461005263
105472,1,324278.06,0,654,High,364079.72,0.890678722780824
105473,1,0.0,0,715,Medium,996032.27,0.0
105475,1,0.0,0,592,Very High,1281619.03,0.0
105476,2,3308889.17,0,691,Medium,1771177.54,1.8681860487006852
105477,1,54164.29,0,708,Medium,1526619.51,0.0354798885021455
105478,2,620060.54,0,723,Medium,1684575.94,0.3680810851424128
105479,2,4460539.02,1,616,High,790220.36,5.644677416309547
105480,1,844331.48,0,750,Low,251089.43,3.362672335510101
105481,1,409567.33,0,674,High,1520382.32,0.26938443351538055
105482,3,64456.57,0,590,Very High,925685.03,0.06963121138515116
105483,2,1098664.97,0,760,Low,734710.01,1.4953722625883374
105484,2,1438894.3099999998,1,663,High,1419688.95,1.0135278646776815
105485,1,2411348.58,0,785,Low,657763.74,3.6659797938998584
105486,3,2010075.83,0,643,High,428380.28,4.69226975153945
105487,3,582469.73,0,724,Medium,815314.48,0.7144111190077232
105488,1,447100.53,0,673,High,2344369.86,0.1907124543906225
105489,3,1923201.92,0,636,High,1421049.06,1.3533677155382657
105490,1,707472.44,0,735,Medium,888971.16,0.7958328366917999
105491,3,171990.51,0,683,Medium,364237.04,0.4721939042772806
105492,3,753359.55,1,842,Low,1020129.47,0.7384940560534929
105493,4,2472297.58,0,776,Low,1485104.27,1.6647299653915884
105494,2,1848123.36,0,582,Very High,656014.44,2.8171992067735587
105495,1,127962.24,0,754,Low,634719.2,0.2016044890401929
105496,2,552767.15,0,721,Medium,1208263.11,0.45748905633641335
105498,1,5711242.04,0,726,Medium,1053659.19,5.420388389532293
105499,1,97469.42,0,655,High,904799.26,0.10772491126926872
105500,1,1732304.93,0,773,Low,342958.76,5.0510589961311965
105502,1,382671.33,0,677,High,848983.96,0.4507403532099712
105503,2,2706667.66,0,747,Medium,681187.54,3.9734544469207407
105504,6,6194114.92,0,688,Medium,389892.91,15.886708275869905
105505,3,28915.8,0,675,High,810233.48,0.03568823149593868
105506,2,167698.87,0,623,High,1321157.0,0.12693333948955346
105507,3,3576205.3499999996,0,676,High,561650.49,6.36731457316097
105508,2,164487.26,0,642,High,398158.98,0.41311955340050355
105510,2,2031509.8399999999,0,691,Medium,557634.54,3.6430846625820554
105511,2,340025.54,0,703,Medium,665233.93,0.5111367966453545
105512,2,1096573.12,0,636,High,265254.48,4.134041845400689
105513,1,654553.62,0,558,Very High,447553.94,1.4625133676624542
105514,1,0.0,0,742,Medium,625910.55,0.0
105517,3,536527.1799999999,0,665,High,837860.74,0.6403536463589402
105518,3,0.0,0,746,Medium,1904079.18,0.0
105519,3,3052584.77,0,640,High,602080.33,5.070062278898898
105520,3,350597.77,0,695,Medium,766216.74,0.45756996904035274
105521,4,448387.82999999996,0,654,High,549489.15,0.8160085235531948
105522,3,2155426.34,2,717,Medium,633038.91,3.4048876079355055
105523,3,2014512.51,0,664,High,857179.7,2.3501635771355764
105524,1,145432.67,0,700,Medium,2590294.38,0.056145228558925425
105525,1,264715.35,0,717,Medium,1269696.08,0.20848717592323351
105526,3,2235180.38,0,706,Medium,638280.33,3.5018788374694236
105528,1,2411401.96,0,779,Low,569305.26,4.235692394621473
105529,4,1823519.78,0,678,High,724544.26,2.516781762925014
105532,5,3857217.8400000003,1,605,High,574999.93,6.70820575578157
105534,3,1581588.02,0,717,Medium,925304.38,1.709262437512724
105535,1,0.0,0,677,High,700792.52,0.0
105536,2,779136.26,0,667,High,877285.27,0.8881218990488693
105537,1,135409.95,0,687,Medium,799753.97,0.16931450806052267
105538,2,307120.98,0,751,Low,1068062.67,0.2875495873289907
105539,2,1676404.26,0,817,Low,759802.71,2.206367834618542
105540,2,463395.26999999996,0,639,High,523006.47,0.8860220601095049
105541,3,725064.24,0,727,Medium,724690.92,1.0005151437525945
105542,1,200945.44,0,700,Medium,2758254.18,0.07285240115180393
105543,2,428601.42,0,808,Low,377909.95,1.1341363729639824
105544,4,2962553.1199999996,0,574,Very High,365433.64,8.10695238675892
105545,4,1044681.52,1,634,High,738268.74,1.4150423326876878
105548,1,2598452.77,0,815,Low,349913.13,7.425993903115325
105549,3,3169968.67,0,744,Medium,428198.44,7.40303647533139
105550,3,2965808.2,0,720,Medium,850935.14,3.485351656766696
105552,1,1097096.38,0,683,Medium,553998.43,1.9803239875607586
105553,2,1185139.91,0,827,Low,1366711.66,0.8671469957313453
105554,2,358849.71,0,749,Medium,654117.65,0.5486011728929804
105556,2,0.0,0,840,Low,2071373.05,0.0
105557,1,431279.63,0,588,Very High,920246.92,0.468656423213022
105558,1,76919.06,0,773,Low,756819.02,0.10163468143282128
105559,5,470939.46,0,737,Medium,553379.82,0.8510239133765305
105560,3,1067491.75,1,683,Medium,555686.17,1.9210335034971266
105561,4,889422.1699999999,0,610,High,469577.17,1.894091593081495
105562,2,226635.85,0,622,High,543730.64,0.4168164037987633
105563,1,179217.75,0,653,High,519700.63,0.344848052233456
105564,3,605557.98,0,675,High,522140.7,1.1597601566014677
105565,2,886497.62,0,801,Low,216567.41,4.093402696185913
105566,1,245081.0,0,804,Low,379164.29,0.6463715240694212
105567,1,2901496.02,0,668,High,965693.37,3.00457278690854
105568,1,0.0,0,623,High,1806659.61,0.0
105569,1,240266.47,0,728,Medium,3129566.32,0.07677308784432471
105570,1,29166.64,0,710,Medium,937995.64,0.031094643467639144
105571,1,80912.32,0,653,High,357206.91,0.2265138711902298
105572,4,510076.03,0,679,High,1792947.2,0.2844902683135343
105573,3,919721.8899999999,0,636,High,710224.45,1.2949735678629481
105574,2,478748.2,0,717,Medium,805978.85,0.5939959838896517
105575,5,226183.37,0,773,Low,1276426.55,0.17720045857711123
105576,2,238658.88,0,667,High,1309383.63,0.18226811037801047
105577,2,257948.2,0,725,Medium,1659734.27,0.15541536055648233
105578,2,70333.15,0,619,High,781298.79,0.09002081009238475
105579,2,178816.74,0,715,Medium,804709.75,0.22221271706972606
105580,2,694546.71,0,663,High,2694914.71,0.2577249318587897
105581,1,193799.58,0,656,High,247885.55,0.781810718696592
105582,2,1617468.35,0,766,Low,910017.95,1.777402687496439
105583,1,1055698.51,0,681,Medium,933799.57,1.130540796886424
105585,2,496779.98,0,672,High,577966.72,0.859530424173904
105586,4,206925.39,0,642,High,349411.23,0.5922116183844464
105587,3,351277.37,1,595,Very High,746577.8,0.47051676328977365
105588,1,1372095.71,0,690,Medium,500165.51,2.7432833383493396
105589,5,10760650.79,0,735,Medium,534435.21,20.134621725241495
105590,3,751515.18,0,716,Medium,1054917.22,0.7123925610011372
105591,2,0.0,0,754,Low,315929.86,0.0
105592,1,340362.34,0,604,High,784579.78,0.4338148250519533
105593,2,918780.72,0,688,Medium,370222.7,2.4816974215789576
105594,2,369266.65,1,594,Very High,712029.3,0.5186115936521152
105596,2,558306.64,0,618,High,717817.54,0.7777835019188859
105597,3,421956.07999999996,0,718,Medium,517111.77,0.815986222862419
105598,1,0.0,0,694,Medium,778463.91,0.0
105601,3,1293067.3,0,806,Low,1220340.61,1.0595954026310737
105602,2,147234.95,0,814,Low,868126.77,0.16960074851740836
105603,3,1105006.78,0,710,Medium,1165784.64,0.9478652763858684
105604,2,0.0,0,791,Low,414758.14,0.0
105605,4,4758572.3100000005,0,752,Low,390840.08,12.175241367262029
105606,1,874311.26,0,751,Low,281023.45,3.1111683384429307
105608,1,2592950.19,0,597,Very High,494393.73,5.244706865517894
105609,3,47243.13,0,795,Low,1317924.63,0.03584660983230885
105611,2,968224.74,0,726,Medium,2293541.2,0.42215275661932733
105612,1,0.0,0,707,Medium,464352.5,0.0
105613,1,187627.43,0,765,Low,1388565.86,0.1351231766565253
105614,2,584807.48,0,783,Low,851514.32,0.6867852557077373
105615,6,1888020.12,0,724,Medium,621984.2,3.035479229215148
105616,4,491382.79,0,789,Low,1025648.85,0.4790945653573345
105617,1,270389.63,0,671,High,579004.82,0.4669902920669987
105619,1,337397.37,0,673,High,576080.18,0.5856777957540562
105620,3,1195524.08,0,663,High,1170378.6,1.0214849109510376
105621,1,1189818.58,0,783,Low,407568.18,2.9193117578511654
105622,2,1626399.99,0,640,High,666996.55,2.4383934069823896
105623,2,1452741.01,0,755,Low,1403729.51,1.034915202430987
105624,1,0.0,0,663,High,510695.29,0.0
105625,3,1728040.25,1,640,High,850269.58,2.0323439655456097
105626,2,1653511.01,0,743,Medium,506079.76,3.267293301751487
105627,2,485541.01,0,652,High,587914.21,0.8258705126382301
105628,2,855794.47,0,642,High,585716.73,1.4611064123095818
105631,2,158732.35,0,636,High,1313341.52,0.12086144204136637
105632,1,194346.66,0,715,Medium,2149359.58,0.09042072895034158
105633,2,3454594.74,0,614,High,384686.41,8.980287970141706
105634,2,569671.41,0,654,High,1359840.65,0.4189251218515935
105635,4,1293417.8599999999,0,770,Low,996512.87,1.2979439593188595
105636,2,435684.77,0,699,Medium,409217.17,1.064678615513616
105638,5,2074815.21,0,782,Low,1151659.77,1.8015869478535314
105639,1,35542.47,0,696,Medium,488753.01,0.07272071838493639
105640,1,136071.18,0,518,Very High,1341086.81,0.10146336462738008
105641,2,0.0,0,742,Medium,278097.85,0.0
105642,1,0.0,0,696,Medium,513266.85,0.0
105645,4,3413550.09,2,616,High,589610.63,5.7894988935325
105646,1,0.0,0,608,High,345377.03,0.0
105647,3,300570.28,0,743,Medium,709718.42,0.4235063815872216
105648,1,488115.98,0,680,Medium,826603.69,0.5905078647785857
105649,2,2255888.78,0,825,Low,935971.84,2.4102100977738816
105650,3,312922.94,0,758,Low,712281.05,0.439325095059036
105651,3,2166526.39,0,682,Medium,338380.2,6.402639368379119
105652,1,504768.95,0,742,Medium,1175858.8,0.42927684004235883
105653,1,0.0,0,636,High,720769.92,0.0
105654,1,447454.88,0,777,Low,1354926.76,0.330242853864662
105655,2,551645.08,0,753,Low,770467.61,0.7159873729150016
105656,1,0.0,0,722,Medium,1841448.46,0.0
105657,2,1305297.97,0,646,High,661356.85,1.9736666672462833
105658,2,1316273.01,0,723,Medium,548616.54,2.399258706272326
105659,5,2684962.3000000003,0,607,High,1302720.08,2.0610431521098533
105660,2,122695.95,0,605,High,951049.34,0.12901112995883052
105661,5,2437969.7,0,670,High,371196.76,6.567863631137298
105662,2,1467145.3900000001,0,751,Low,3322223.11,0.44161555122045976
105663,1,0.0,0,662,High,2924774.81,0.0
105664,4,2546678.59,0,771,Low,3339605.96,0.7625685845883446
105665,2,350037.99,0,733,Medium,1582249.42,0.22122807287867421
105666,2,245393.76,1,788,Low,1637770.25,0.1498340563946622
105668,2,363308.41000000003,0,628,High,715617.76,0.5076850105005779
105669,2,169211.07,0,810,Low,427483.43,0.39583071091199956
105670,1,0.0,0,701,Medium,3058211.14,0.0
105671,1,0.0,0,767,Low,595367.27,0.0
105672,2,1029450.51,0,748,Medium,1141509.9,0.9018323099957347
105673,1,108715.05,0,708,Medium,579636.81,0.18755718775003263
105674,2,74811.78,0,723,Medium,692889.29,0.1079707553280265
105675,1,1251478.59,0,707,Medium,299782.76,4.174618280250672
105677,2,1841552.83,0,680,Medium,725670.07,2.5377274137818584
105678,2,1502362.85,1,600,High,184699.58,8.13408915169163
105679,1,87045.78,0,773,Low,262768.26,0.3312644381022274
105681,3,1141732.79,0,729,Medium,753361.79,1.5155172523416671
105682,3,1912903.67,0,684,Medium,290758.93,6.579002302697977
105683,2,0.0,0,717,Medium,740152.36,0.0
105684,1,204904.2,0,734,Medium,665143.97,0.3080599227262032
105685,4,3619193.1799999997,0,628,High,1156071.51,3.1305962898436963
105686,2,277473.01,0,685,Medium,2766514.01,0.10029698349512425
105687,1,1213670.45,0,687,Medium,295850.3,4.1023127236984385
105689,2,503492.58,0,627,High,698692.15,0.7206214925987074
105690,1,0.0,0,690,Medium,2258961.14,0.0
105691,2,4814705.819999999,0,649,High,788002.18,6.110015863154083
105692,1,928636.85,0,782,Low,933273.19,0.9950321727339023
105693,1,77594.94,0,726,Medium,633046.6,0.12257381999998106
105694,2,1162046.75,0,788,Low,1675672.71,0.6934807394458313
105695,2,1376813.19,0,676,High,1284341.39,1.0719993926225488
105696,1,972134.62,0,824,Low,480508.58,2.02313686053223
105697,2,248336.15000000002,0,574,Very High,599573.1,0.4141882782933391
105698,2,229628.43,0,721,Medium,490684.57,0.46797564879612985
105699,1,519788.65,0,748,Medium,778934.64,0.6673071440243048
105700,1,0.0,0,790,Low,636791.88,0.0
105701,2,303033.11,1,570,Very High,273190.11,1.1092389471932202
105703,1,0.0,0,657,High,647495.03,0.0
105705,1,1583868.92,0,685,Medium,770250.19,2.05630448465063
105706,2,70341.68,0,752,Low,501709.3,0.14020405840593347
105707,2,1563000.6700000002,0,676,High,482839.79,3.23709997057202
105709,2,686112.6299999999,0,720,Medium,896650.7,0.7651949973384283
105710,3,4157520.98,0,724,Medium,615732.3,6.752156708361734
105711,4,4824099.67,0,680,Medium,867189.61,5.562912210168201
105712,1,37063.42,0,701,Medium,667174.19,0.05555283845737498
105713,4,816129.3099999999,1,650,High,828751.89,0.9847691689728755
105714,3,195912.06,0,682,Medium,328184.98,0.5969562043942414
105715,2,443410.83999999997,0,728,Medium,1561486.42,0.2839671445877832
105716,3,1781621.9100000001,0,696,Medium,381003.18,4.6761339629763725
105718,2,1039313.04,0,608,High,232402.61,4.472036867400069
105719,2,1156775.49,0,663,High,407261.48,2.8403754020635588
105720,2,325003.4,1,683,Medium,447652.0,0.7260179782509628
105722,3,449822.54000000004,0,850,Low,2727727.0,0.16490746324687186
105723,3,563590.76,0,598,Very High,2130265.58,0.26456361370679427
105724,3,195751.75,0,767,Low,1376776.59,0.142181201671943
105725,1,131862.43,0,735,Medium,521350.3,0.25292481849535714
105726,2,808548.63,0,737,Medium,427930.68,1.8894383314606003
105728,3,2724678.46,0,741,Medium,725241.7,3.7569247052396464
105729,2,913673.79,0,600,High,868657.65,1.0518226484277207
105730,4,523047.23,0,579,Very High,785404.08,0.6659594001599788
105731,4,607570.2,0,704,Medium,1418160.0,0.428421475715011
105733,2,1251915.39,0,708,Medium,340798.48,3.673477035460956
105734,1,654500.22,0,682,Medium,1904230.47,0.34370851129170304
105737,1,1631690.32,0,672,High,1133313.36,1.4397521264551227
105738,1,101809.6,0,688,Medium,687014.36,0.14819137113815206
105739,2,3309335.27,0,708,Medium,454961.72,7.2738762944715445
105741,1,0.0,0,624,High,1393202.62,0.0
105742,2,793440.99,1,660,High,841648.75,0.9427222341861733
105744,2,189812.57,0,812,Low,494307.66,0.38399682092727433
105745,3,50446.15,0,702,Medium,452782.12,0.1114137413376659
105747,2,393734.27,0,622,High,688024.95,0.5722674301273523
105748,2,157213.49,0,781,Low,1310145.32,0.11999698628851338
105749,2,2810987.12,0,743,Medium,673463.17,4.173928501539289
105750,1,0.0,0,801,Low,305198.96,0.0
105751,3,4074382.4400000004,0,668,High,512587.37,7.948659445120547
105752,2,429598.57,0,638,High,680913.55,0.6309149964778935
105753,3,746786.33,0,686,Medium,1237079.75,0.6036687044630712
105754,2,3264135.08,1,597,Very High,843440.82,3.870022653160183
105755,1,249906.02,0,724,Medium,568458.88,0.4396202237178527
105756,2,2231684.27,0,688,Medium,1091803.31,2.0440350835719667
105757,3,932068.78,0,676,High,556124.26,1.6760081281115125
105758,2,3366997.19,0,762,Low,1516092.13,2.2208394353976364
105759,2,1016925.2899999999,0,742,Medium,921530.46,1.1035178262040302
105760,2,956546.65,0,735,Medium,987389.03,0.9687636999572499
105762,3,673693.11,0,783,Low,409962.56,1.6433039885398315
105763,4,0.0,0,681,Medium,640307.99,0.0
105764,4,2644250.0300000003,0,779,Low,347628.65,7.606536544096697
105766,2,4071456.11,0,722,Medium,481558.63,8.454746434509957
105767,3,2126771.48,0,601,High,1434899.97,1.48217403614553
105768,2,159645.39,0,721,Medium,1194411.8,0.13366025854734523
105769,2,376095.18,0,712,Medium,574246.71,0.6549365864020362
105770,2,801061.3099999999,0,771,Low,397649.72,2.014489812793028
105771,2,801652.34,0,654,High,233638.17,3.43117025783929
105772,3,2039762.8599999999,0,709,Medium,1384029.85,1.473785308893446
105773,4,2882670.34,0,672,High,525232.19,5.488373323044043
105775,2,383415.7,0,724,Medium,287767.57,1.3323798091633468
105776,1,0.0,0,628,High,848991.04,0.0
105777,1,0.0,0,733,Medium,597547.46,0.0
105778,3,4784577.75,0,632,High,498938.6,9.589512116320526
105779,2,434571.3,0,614,High,773401.72,0.5618959575109298
105780,1,620704.68,0,705,Medium,456828.11,1.358726983766389
105781,1,0.0,0,691,Medium,1925155.3,0.0
105782,3,431367.79000000004,0,723,Medium,705325.14,0.6115871468866118
105783,1,0.0,0,725,Medium,555483.71,0.0
105784,2,2057872.54,0,711,Medium,950467.37,2.165116452130282
105785,1,410538.51,0,787,Low,361553.86,1.1354836869947953
105786,1,711917.78,0,753,Low,617680.44,1.152566495387162
105787,2,569475.03,0,614,High,459088.04,1.2404484115944299
105788,2,935404.28,0,694,Medium,999813.74,0.9355785408590205
105789,1,0.0,0,747,Medium,1226227.71,0.0
105793,1,190512.6,0,709,Medium,214839.85,0.8867656535787006
105794,3,1229126.58,0,700,Medium,857985.85,1.432572087290251
105798,6,2745180.4,0,711,Medium,1063964.3,2.580143337516118
105799,3,1884800.56,0,676,High,1894163.95,0.9950567161834117
105800,2,261705.58,0,598,Very High,732992.3,0.35703728402058243
105801,4,2027401.17,0,742,Medium,536329.43,3.7801415633671263
105802,1,691536.14,0,723,Medium,489347.2,1.413180948005833
105803,1,0.0,0,730,Medium,732815.93,0.0
105804,3,611210.99,0,682,Medium,735204.95,0.8313477622804363
105806,1,0.0,0,627,High,492641.85,0.0
105807,5,5820140.699999999,0,659,High,438264.79,13.279964151352427
105808,2,1048241.53,0,643,High,1578480.9,0.6640824922240112
105809,2,0.0,0,705,Medium,579964.56,0.0
105810,4,2343000.55,0,805,Low,659129.91,3.5546870418913317
105812,2,288816.9,0,729,Medium,1496550.3,0.19298843480235847
105814,2,100903.44,0,755,Low,1037013.43,0.0973019606891687
105816,4,1726724.53,0,702,Medium,945872.21,1.8255368026934633
105817,1,2767414.53,0,662,High,898180.69,3.0811334075774885
105818,1,182703.21,0,757,Low,1252894.7,0.14582487259304394
105819,2,255210.36,0,723,Medium,1754148.12,0.14548962946184954
105820,3,2762548.6100000003,0,849,Low,532088.78,5.191894123382944
105821,1,173518.19,0,562,Very High,1139138.73,0.15232401939314275
105822,3,1050437.86,1,775,Low,723932.72,1.451015862358038
105823,2,0.0,0,658,High,864394.94,0.0
105824,1,0.0,0,693,Medium,317943.53,0.0
105825,1,103830.73,0,742,Medium,664609.13,0.15622826306945256
105826,2,1048821.07,0,633,High,1334045.43,0.7861959168811815
105827,2,120051.28,0,778,Low,2640479.12,0.045465718357962245
105828,3,3628127.27,0,721,Medium,1504627.91,2.4113119568545023
105829,1,215662.61,0,731,Medium,1157761.97,0.18627543103700323
105830,3,667967.36,0,744,Medium,477150.81,1.3999082596129304
105831,3,2497427.01,0,697,Medium,518233.24,4.819117758637018
105832,3,1351418.86,0,622,High,416143.74,3.2474809305073293
105833,3,0.0,0,777,Low,527338.0,0.0
105834,2,921065.46,0,690,Medium,1065960.69,0.8640707566805301
105835,1,0.0,0,683,Medium,1844122.53,0.0
105836,1,159959.83,0,711,Medium,443907.39,0.36034504854717553
105838,4,290022.63,1,592,Very High,282666.1,1.0260255120794466
105839,4,1462104.7999999998,0,737,Medium,955711.43,1.5298601168764925
105840,2,0.0,0,690,Medium,1116336.56,0.0
105841,1,55385.91,0,700,Medium,380991.25,0.14537318114261155
105842,1,0.0,0,645,High,797897.13,0.0
105844,2,2271635.59,0,737,Medium,481739.47,4.715485716792108
105845,3,2366578.48,1,681,Medium,601269.02,3.9359727530947795
105846,4,1541774.38,0,627,High,1340539.33,1.150114991404243
105847,2,799406.7,0,682,Medium,589102.46,1.3569909383844705
105848,1,430560.87,0,727,Medium,629145.58,0.6843580940360418
105849,3,2224637.67,0,627,High,3042589.74,0.731165835719935
105850,2,2416601.19,0,745,Medium,1509066.83,1.6013877861194523
105851,3,728278.2,0,676,High,618905.62,1.1767193194981813
105853,2,1324096.74,0,615,High,2235228.8,0.592376377756049
105854,3,3886433.9799999995,0,669,High,849929.27,4.572655769344195
105855,1,1472981.7,0,733,Medium,788640.3,1.8677484526215562
105856,1,95564.22,0,809,Low,456288.74,0.20943804135951286
105857,3,1328887.3,0,729,Medium,656984.37,2.0227076330598246
105858,1,1054380.72,0,669,High,748416.55,1.4088153448771275
105859,3,1031325.2,0,712,Medium,477091.26,2.161693760644452
105860,2,108159.08,0,752,Low,672821.25,0.1607545540513175
105861,2,237027.17,0,697,Medium,849890.6,0.27889138907995925
105862,1,2751966.9,1,588,Very High,735243.69,3.742931680243322
105863,3,3834784.62,0,704,Medium,1025765.59,3.7384609674808846
105864,5,2591609.22,0,733,Medium,2246063.83,1.153844866465794
105865,7,1194619.51,0,678,High,203469.46,5.871247262365566
105866,1,0.0,0,755,Low,469025.01,0.0
105867,2,1756253.1199999999,0,832,Low,560829.82,3.131525923496721
105871,4,1503826.15,0,694,Medium,1078675.14,1.3941418451527492
105873,4,5391431.640000001,0,654,High,1270914.63,4.242166635535544
105874,3,0.0,0,769,Low,545178.07,0.0
105875,4,1406289.31,0,655,High,222000.79,6.334613989436704
105876,1,0.0,0,624,High,598480.37,0.0
105877,3,1420322.6199999999,0,747,Medium,404532.12,3.5110255769059817
105878,3,321647.83999999997,0,730,Medium,663609.47,0.48469446947464445
105879,1,0.0,0,652,High,1440687.09,0.0
105880,3,84550.38,0,750,Low,321847.11,0.2627035551134823
105881,3,483796.83999999997,0,681,Medium,193644.51,2.4983762255898707
105882,2,122720.93,0,656,High,934283.8,0.13135294650297905
105883,1,1047104.81,0,735,Medium,244386.69,4.284622906427515
105884,1,381462.43,0,761,Low,358204.76,1.0649284225033748
105886,3,944464.6,0,707,Medium,518444.98,1.821725807818604
105888,1,0.0,0,680,Medium,962996.71,0.0
105889,3,2627300.91,0,805,Low,575155.37,4.567984664735026
105891,1,3130399.06,0,614,High,995977.32,3.1430425142612686
105892,1,87372.79,0,656,High,478495.14,0.18259911688967204
105893,3,254961.23,0,645,High,1171730.47,0.21759375259738703
105894,2,566540.54,0,679,High,1339393.06,0.42298303382279734
105895,2,334761.73000000004,0,727,Medium,576651.71,0.5805267273030371
105896,3,2223528.9,0,672,High,874418.16,2.54286679041524
105898,2,650623.37,0,689,Medium,1028465.1,0.6326158952792856
105899,3,941809.05,0,710,Medium,1278991.13,0.7363687111731574
105900,1,0.0,0,696,Medium,910623.68,0.0
105901,1,46282.43,0,773,Low,787018.08,0.058807327526706886
105902,2,592163.78,0,645,High,506184.42,1.1698577763416742
105903,3,469159.61000000004,0,645,High,757981.72,0.6189590033912692
105904,1,406791.36,0,691,Medium,289282.92,1.406205938463287
105905,1,0.0,0,647,High,1252461.35,0.0
105906,2,225627.25,0,630,High,457236.48,0.4934585490641517
105907,1,0.0,0,677,High,720795.6,0.0
105908,3,1020554.79,0,636,High,890669.93,1.1458282755767897
105910,2,0.0,0,574,Very High,803765.5,0.0
105911,3,971041.48,0,683,Medium,570561.37,1.7019054058987555
105913,3,345142.07999999996,0,610,High,603233.23,0.5721536262185025
105914,1,261304.0,0,693,Medium,1910317.95,0.13678560681482368
105915,4,1748096.79,0,787,Low,308067.91,5.674387799754931
105916,3,343312.07999999996,0,660,High,497316.27,0.6903294758484373
105917,2,667869.11,0,800,Low,1063201.85,0.6281677463221118
105919,3,0.0,0,765,Low,428254.74,0.0
105920,2,866286.56,0,706,Medium,841909.67,1.028954281995597
105921,1,1353686.4,0,782,Low,1230653.2,1.0999739000394262
105924,4,4369963.97,0,656,High,767999.31,5.690062364769572
105925,1,29162.72,0,703,Medium,947191.89,0.03078860820905044
105926,1,88420.19,0,716,Medium,1603193.4,0.05515254117188856
105928,3,4337136.6899999995,0,689,Medium,1220949.43,3.5522656249571285
105929,2,217737.22000000003,0,704,Medium,1896690.72,0.11479848438336854
105930,1,593736.45,0,730,Medium,1162744.17,0.5106337793979221
105932,1,471572.96,0,659,High,1437121.57,0.3281371387390699
105933,3,1980582.3099999998,0,704,Medium,1123881.71,1.7622693672984497
105936,1,171811.81,0,686,Medium,1400271.21,0.1226989520123034
105937,1,0.0,0,672,High,1095803.92,0.0
105938,1,1767472.27,0,735,Medium,933640.32,1.8930976224334444
105939,1,348816.77,0,749,Medium,976057.61,0.35737313702210677
105940,2,2275684.11,0,650,High,676635.27,3.363236016354867
105941,4,1182200.5699999998,0,766,Low,600058.01,1.9701438032632874
105942,2,192646.12,0,747,Medium,356446.7,0.5404626273717781
105943,2,1399414.25,0,688,Medium,1230662.9,1.1371223183862942
105945,2,2784303.21,0,784,Low,729852.48,3.8148849066046884
105947,2,416886.1,0,697,Medium,352776.57,1.1817284237442411
105948,2,551891.85,0,667,High,373253.15,1.4785993098785635
105950,1,183166.47,0,841,Low,419732.13,0.436388965505214
105951,3,246537.98,0,626,High,1170090.59,0.2106999082865883
105952,1,0.0,0,804,Low,728816.49,0.0
105953,1,24960.55,0,678,High,1774156.55,0.014068967025485997
105954,1,1780264.56,0,708,Medium,208905.53,8.521864212977034
105955,3,1850696.9300000002,0,609,High,593137.51,3.1201819119482095
105956,2,396971.42000000004,0,669,High,767162.53,0.5174541306129746
105957,1,1355700.54,0,667,High,1636763.72,0.8282811522728523
105958,2,369353.0,0,719,Medium,793474.68,0.46548807329302555
105959,1,1754683.71,0,693,Medium,665523.68,2.6365458701634776
105960,2,557955.1900000001,0,755,Low,905476.85,0.6162003920917472
105961,2,888825.0900000001,0,701,Medium,1751394.91,0.5074955310907008
105962,1,143239.36,1,748,Medium,693217.86,0.20662964453916405
105963,3,1696846.38,0,709,Medium,533068.78,3.183165932171079
105965,2,109828.59,0,711,Medium,1131043.22,0.09710379590976197
105966,2,139452.14,0,656,High,362850.77,0.3843236711334525
105967,1,0.0,0,742,Medium,402474.56,0.0
105968,2,1411204.12,0,711,Medium,963607.67,1.4645007132415209
105969,1,221119.32,0,671,High,1431173.54,0.15450210182058005
105970,4,2683626.02,0,698,Medium,656090.68,4.090327910160223
105971,3,1730737.38,0,698,Medium,505310.98,3.4250935532807936
105972,2,200750.34,0,675,High,880340.74,0.2280370893661016
105973,1,163199.44,0,805,Low,640808.82,0.25467726864308765
105974,3,926348.07,0,662,High,612351.13,1.5127726962796655
105975,4,1409452.92,0,728,Medium,950659.41,1.482605552707883
105976,3,1968171.69,0,669,High,1237002.3,1.5910816738174212
105977,3,686350.73,1,739,Medium,383106.03,1.7915424875980155
105978,1,1444095.79,0,603,High,556119.47,2.5967366148860065
105979,2,362969.72,0,742,Medium,822113.33,0.4415081312451168
105980,1,0.0,0,729,Medium,539049.92,0.0
105981,2,2661857.7199999997,0,750,Low,1304835.95,2.039994161718184
105982,2,2615592.42,0,606,High,625305.55,4.182902934413423
105985,2,0.0,0,667,High,945048.84,0.0
105987,1,0.0,0,772,Low,773186.0,0.0
105988,3,2412118.46,0,672,High,405021.61,5.955530274051303
105990,3,1680888.4100000001,0,745,Medium,434601.84,3.86765138868257
105991,3,706303.62,1,617,High,560051.07,1.2611414526893057
105992,4,4373280.47,0,783,Low,493169.74,8.867698310119351
105995,4,1851769.0099999998,1,663,High,646327.08,2.8650648677756156
105996,3,1000821.01,0,776,Low,386056.9,2.59241839739168
105997,3,1357313.69,1,668,High,231153.8,5.871907318850047
105998,2,1696017.24,0,761,Low,725594.11,2.3374186981754854
105999,1,1663306.37,0,669,High,1114323.91,1.4926596791771256
106000,1,1648941.63,0,709,Medium,1376561.97,1.1978695227211602
106001,3,779995.41,1,595,Very High,462037.09,1.688166224923631
106002,1,0.0,0,746,Medium,1386140.26,0.0
106003,1,17847.75,0,736,Medium,941288.03,0.018960986893671643
106005,4,1261459.79,0,729,Medium,745433.69,1.6922495010924448
106007,1,224784.19,0,637,High,709834.92,0.3166710789601616
106008,1,209482.96,0,765,Low,605376.03,0.34603775111479057
106009,3,3598755.69,0,677,High,462766.01,7.776620607896418
106010,1,2083376.1,0,748,Medium,500055.61,4.166288825356844
106012,2,441379.69000000006,0,740,Medium,629055.34,0.7016547860479176
106013,1,0.0,0,819,Low,180000.0,0.0
106014,4,251707.11,0,703,Medium,546971.97,0.4601828316723433
106015,1,3940058.5,0,664,High,355572.69,11.080880536691387
106016,1,990906.4,0,655,High,1208643.48,0.8198500355125401
106017,3,700338.85,0,671,High,460038.21,1.5223493065934675
106019,1,273270.94,0,661,High,763628.84,0.3578583281375282
106020,1,50757.39,0,698,Medium,1098233.95,0.046217283667109366
106023,1,0.0,0,766,Low,867358.04,0.0
106024,4,2023009.79,0,756,Low,911205.44,2.2201467431976702
106025,2,486686.27,0,733,Medium,483689.95,1.0061947121291233
106026,1,1314325.78,0,645,High,671355.08,1.9577207638020704
106027,2,1986294.85,0,832,Low,606459.33,3.275231745548379
106028,2,141311.5,0,738,Medium,1025242.12,0.13783232003772924
106029,3,48075.0,0,675,High,746315.85,0.06441642636961281
106030,2,512919.67000000004,0,760,Low,717659.59,0.7147116504079603
106031,2,501310.17,1,747,Medium,552660.02,0.9070860056061228
106032,2,174668.96,1,600,High,759855.66,0.2298712363345428
106034,3,358426.56,0,695,Medium,903396.44,0.3967544525634837
106036,3,842934.08,0,676,High,696702.87,1.2098903511047687
106037,1,262971.96,0,820,Low,1329089.08,0.19785879212851556
106038,1,0.0,0,721,Medium,468744.09,0.0
106040,1,391776.43,0,618,High,723015.69,0.541864354285313
106041,1,497110.91,0,722,Medium,309291.45,1.6072572002879484
106042,5,737345.9099999999,0,809,Low,425989.78,1.7309004690206415
106043,2,303176.41,1,671,High,1338259.7,0.22654527368641528
106045,2,2322769.4299999997,0,705,Medium,935512.06,2.4828856081235333
106046,4,863186.0199999999,0,814,Low,388997.41,2.2190019722753425
106049,5,3197167.22,0,665,High,1368638.2,2.3360207394474304
106050,1,1045761.56,0,633,High,696981.23,1.500415671165205
106051,2,520555.64,0,670,High,283288.03,1.8375490132781112
106052,3,830557.83,0,760,Low,950180.93,0.8741049244168686
106053,4,508178.29000000004,0,801,Low,978089.69,0.5195620557047279
106054,4,1399355.1600000001,1,674,High,536729.86,2.6071870866286444
106055,3,4310464.46,0,595,Very High,864354.68,4.98691632004584
106056,3,3123369.5700000003,0,697,Medium,850072.46,3.674239217207437
106057,1,718548.86,0,690,Medium,828225.43,0.8675764278331806
106058,2,132973.31,0,710,Medium,226305.28,0.5875837717971052
106059,3,409421.85,0,676,High,1227828.87,0.3334518840561225
106060,2,0.0,0,637,High,488915.57,0.0
106061,3,1101541.74,0,689,Medium,413384.64,2.6646895733716667
106062,1,271652.11,1,737,Medium,953982.21,0.2847559494846345
106063,1,399627.09,0,713,Medium,383474.14,1.042122657866838
106064,1,905900.57,0,645,High,1184453.66,0.7648256749867276
106065,3,1864348.5,0,677,High,367827.89,5.068534906366127
106067,1,1479314.8,0,824,Low,402158.27,3.678439336831243
106068,1,168852.94,1,728,Medium,449287.46,0.37582384338080566
106069,1,339699.89,1,566,Very High,1618891.0,0.20983493638546388
106071,4,794743.26,0,796,Low,1527453.55,0.5203060086508031
106072,4,4489273.69,0,768,Low,758257.44,5.92051386927374
106073,3,96408.15,0,633,High,943244.57,0.102209069700767
106074,3,1090771.94,0,612,High,1732516.12,0.629588335374334
106075,2,486068.02,0,750,Low,1129620.36,0.43029325356706566
106076,3,386284.61,1,611,High,590188.5,0.6545105673865214
106077,1,0.0,0,737,Medium,487695.99,0.0
106078,2,468702.64,0,684,Medium,812043.69,0.5771889441071822
106079,2,370766.03,0,571,Very High,446704.86,0.8300022301078167
106080,1,269887.35,0,656,High,571647.47,0.4721220055430316
106081,1,687436.64,0,763,Low,638205.47,1.0771400000692568
106082,4,3888870.4299999997,1,688,Medium,492058.26,7.903272327955636
106083,1,58271.22,0,693,Medium,797395.77,0.07307691135607604
106084,5,1637942.3699999999,0,721,Medium,600772.49,2.726393763469429
106085,1,162784.2,1,636,High,853606.93,0.19070159142217835
106086,2,431710.62,0,776,Low,922684.24,0.4678855466307737
106088,5,2382362.84,0,710,Medium,648074.71,3.6760620392053256
106089,1,519690.63,0,720,Medium,459073.18,1.1320431091182457
106090,4,3257245.66,0,703,Medium,479783.0,6.7889976510214
106091,2,173457.71,0,729,Medium,802639.05,0.21610923365864143
106092,1,253334.8,0,780,Low,986368.36,0.2568358944522511
106094,5,1238413.27,0,608,High,651431.44,1.9010646308382046
106095,3,2107019.36,0,663,High,1480042.87,1.4236204928307243
106096,2,267150.39,0,625,High,1240447.84,0.21536608101151597
106097,1,997616.75,0,850,Low,548106.58,1.8201145295500742
106098,1,540072.77,0,620,High,798600.65,0.6762738923390558
106099,5,687082.24,1,652,High,921270.9,0.7457982662862791
106100,2,30475.9,0,673,High,1313010.48,0.023210705827725
106101,2,137046.18,0,737,Medium,1763990.96,0.07769097637552519
106104,1,180093.68,0,754,Low,862451.49,0.20881601120545343
106105,2,0.0,0,679,High,701593.01,0.0
106107,1,155878.42,0,734,Medium,1056837.39,0.14749517898869952
106108,3,774220.9299999999,0,754,Low,748103.1,1.034912072948234
106109,2,1278041.6800000002,0,691,Medium,286760.05,4.456833090941364
106110,2,1341433.45,0,843,Low,706463.28,1.8988013786080997
106111,2,920398.21,0,625,High,385565.87,2.3871361072493267
106113,2,241210.13,0,728,Medium,955448.13,0.25245758762435383
106114,1,958955.06,0,737,Medium,344298.55,2.785242807441391
106115,2,1121461.03,0,756,Low,274928.67,4.079098152986373
106116,2,2924742.45,1,608,High,556506.98,5.255535968299985
106117,2,131226.11,0,692,Medium,1021192.18,0.12850285437947634
106118,1,3483710.51,1,758,Low,625689.47,5.567794692149765
106119,2,678615.78,0,658,High,638956.85,1.0620682445144771
106121,2,178277.81,0,784,Low,940374.64,0.18958168629473035
106122,1,472830.47,0,683,Medium,1787699.21,0.2644910661452941
106123,1,864291.85,0,716,Medium,891280.28,0.969719480386125
106124,1,206058.31,0,639,High,2014495.89,0.10228777880504884
106125,2,129075.35,0,747,Medium,596495.33,0.21638953988122592
106127,2,0.0,0,669,High,528515.43,0.0
106128,3,3649178.36,0,637,High,409411.38,8.913231381111096
106129,4,1050412.94,0,642,High,628026.14,1.67256245098333
106130,1,100904.33,0,778,Low,1497406.72,0.06738605393730303
106131,3,542903.13,0,561,Very High,452084.0,1.2008899452314172
106132,2,524550.19,0,707,Medium,488111.18,1.074653094403615
106133,1,0.0,0,711,Medium,503092.64,0.0
106134,3,525302.33,0,734,Medium,801569.08,0.6553425563770499
106135,2,541590.37,0,649,High,1100573.91,0.4920981363259829
106136,3,1055069.3599999999,0,771,Low,1565193.96,0.6740821821213774
106137,1,1487381.75,0,658,High,779466.33,1.9082052588467806
106138,3,209438.75,0,691,Medium,484830.91,0.43198308045169814
106140,1,230591.46,0,705,Medium,972166.23,0.23719344787362137
106141,3,151298.03,0,737,Medium,478727.06,0.316042360337851
106142,6,2864862.57,0,671,High,976820.31,2.932845008105943
106143,4,2001480.04,0,743,Medium,494183.23,4.050076810578942
106144,1,0.0,0,750,Low,630220.93,0.0
106145,3,3044507.5300000003,0,695,Medium,728591.08,4.178623117373329
106146,1,233672.54,0,745,Medium,570918.37,0.4092923827271489
106147,4,929409.28,0,693,Medium,1214393.13,0.7653281767165466
106148,3,1552875.0499999998,0,664,High,536404.09,2.894972426477956
106149,1,2062482.1,0,726,Medium,586191.53,3.5184440484836075
106150,2,674379.49,1,692,Medium,987780.5,0.6827220116210029
106151,1,2825515.32,0,644,High,1311697.15,2.1540912244872987
106152,1,1800284.19,0,682,Medium,1111691.2,1.6194103092657386
106153,1,77742.74,0,678,High,180000.0,0.43190411111111116
106154,2,0.0,0,693,Medium,1002335.88,0.0
106156,7,2491851.8899999997,0,737,Medium,261214.77,9.539475466873483
106157,2,1056343.8599999999,0,662,High,877415.18,1.203927039420494
106158,2,0.0,0,748,Medium,504055.82,0.0
106160,2,1644758.14,0,831,Low,1361657.19,1.2079091213846562
106161,1,213447.56,0,801,Low,459463.17,0.46455858475011175
106163,2,163053.22,0,678,High,286821.92,0.5684824228217983
106164,1,210897.62,1,680,Medium,845395.73,0.24946615237812947
106165,1,58237.43,0,647,High,1426779.09,0.04081741203538384
106166,1,0.0,0,735,Medium,1333636.14,0.0
106167,4,1148339.89,0,691,Medium,552282.74,2.0792608691700196
106168,1,1719330.28,0,782,Low,1509071.64,1.1393297935146407
106169,3,1328848.51,0,677,High,739184.26,1.797722952055283
106170,1,202411.02,0,728,Medium,479108.51,0.42247427414720723
106171,1,250809.77,0,748,Medium,730546.65,0.3433179386970017
106172,4,2238085.04,0,687,Medium,471923.07,4.742478556939376
106173,2,0.0,0,676,High,982114.49,0.0
106174,1,2997756.42,0,759,Low,402661.82,7.444848930549213
106175,1,1328707.0,0,690,Medium,1060850.01,1.2524928005609388
106176,1,1532865.04,0,691,Medium,876919.33,1.7480114618980973
106177,3,648616.47,0,713,Medium,1002057.46,0.64728470760549
106179,1,73832.71,0,714,Medium,1086516.18,0.06795362219088169
106180,2,141315.64,0,738,Medium,463286.99,0.30502829358536493
106181,1,0.0,0,697,Medium,753966.78,0.0
106182,1,1251250.59,0,617,High,571306.49,2.1901564429978735
106183,1,110573.69,0,833,Low,907478.07,0.121847230974959
106184,2,129142.41,0,713,Medium,551100.39,0.23433554456384978
106185,1,91871.93,0,707,Medium,1492535.74,0.06155425799049877
106186,3,1330495.81,0,710,Medium,603449.07,2.2048187264585564
106187,1,0.0,0,653,High,794133.52,0.0
106188,1,52697.64,0,753,Low,1304327.67,0.040402148334398216
106190,1,77506.76,0,608,High,488243.37,0.15874615972767842
106192,1,0.0,0,664,High,352886.29,0.0
106194,2,68799.93,0,695,Medium,582528.14,0.11810576223837013
106195,2,147011.74,0,806,Low,996186.46,0.14757452134011137
106196,3,576480.2,0,729,Medium,708867.36,0.8132412811333279
106197,2,237086.59,0,714,Medium,717643.34,0.3303682717936183
106198,1,0.0,0,656,High,1126873.89,0.0
106200,3,3342744.9699999997,0,647,High,1012076.52,3.302857940030068
106201,2,98427.14,0,729,Medium,1164721.59,0.08450701081277286
106202,4,2240034.8,0,750,Low,655497.37,3.4173055492198237
106203,1,312390.08,0,693,Medium,268419.44,1.1638131723991378
106204,2,1879532.18,0,624,High,937750.92,2.0042978790146107
106205,3,345801.41,0,762,Low,1425280.42,0.24261991194687146
106206,2,888427.02,0,725,Medium,467181.37,1.9016747607037499
106207,2,371291.77,0,677,High,1174296.77,0.3161822287904275
106208,1,311405.32,0,643,High,508559.3,0.6123284344618218
106209,2,66441.04,0,680,Medium,669120.42,0.09929608784021267
106210,2,95289.9,0,690,Medium,555232.66,0.17162156851507976
106211,1,59306.26,0,714,Medium,604729.97,0.09807064796209787
106212,1,0.0,0,744,Medium,963559.78,0.0
106213,3,160204.13,0,688,Medium,814054.28,0.19679784743592282
106214,2,417035.02,0,612,High,3251585.9,0.12825588276785185
106216,1,206363.37,0,649,High,507004.04,0.40702509983944113
106218,1,1340082.03,0,697,Medium,483296.84,2.772792865767548
106219,1,0.0,0,748,Medium,846995.67,0.0
106220,4,432913.92,0,678,High,598711.18,0.7230763921929768
106221,1,84882.82,0,753,Low,701343.78,0.12102883410472394
106222,3,123431.34,0,711,Medium,406624.7,0.3035510139939851
106223,1,719555.92,0,640,High,833467.56,0.8633280460249707
106224,1,1128387.87,1,566,Very High,1008005.95,1.1194258029925321
106225,3,777226.44,0,752,Low,1024712.08,0.7584827535164804
106226,1,0.0,0,747,Medium,509183.2,0.0
106228,6,3158638.6,0,709,Medium,1389060.02,2.2739396098953306
106230,1,81720.21,0,815,Low,774735.44,0.10548144021912824
106231,1,365597.23,0,682,Medium,709162.11,0.5155340716102275
106233,4,1585038.72,0,773,Low,1046405.39,1.5147463259913063
106234,2,1186218.7,0,586,Very High,627268.64,1.8910856120592923
106235,4,4791127.23,0,600,High,2090461.62,2.2918991595741423
106236,1,165288.74,0,619,High,750743.54,0.22016671631966356
106237,2,1829156.02,0,762,Low,590236.46,3.0990224155247885
106239,1,156044.4,0,647,High,1002895.03,0.15559395084448668
106240,3,1922348.72,0,617,High,539199.4,3.5651907624526284
106241,2,0.0,0,838,Low,887818.2,0.0
106242,2,1089196.4,0,747,Medium,975151.35,1.1169511276377764
106243,2,1764439.0,0,773,Low,1094013.05,1.6128134851773477
106245,1,693182.24,0,655,High,392673.17,1.7652905595765558
106246,1,0.0,0,696,Medium,577495.61,0.0
106248,4,2553201.23,0,648,High,1087617.16,2.3475183400011823
106249,3,747887.43,0,754,Low,298655.0,2.5041851969663997
106250,2,73873.54,0,674,High,663920.4,0.1112686701598565
106252,2,420495.11000000004,0,662,High,382887.79,1.098220212245473
106253,1,326791.06,0,631,High,1392844.78,0.23462130503874234
106254,1,760858.86,0,848,Low,659936.54,1.152927310253195
106255,1,1017656.46,0,746,Medium,559397.83,1.8191998706895234
106256,4,1414190.02,0,652,High,952304.05,1.4850194326066344
106257,2,505062.24,0,680,Medium,1450595.13,0.3481758828185229
106258,1,5556903.1,0,685,Medium,743503.28,7.47394564284908
106259,1,2213464.65,0,693,Medium,521831.81,4.24172043095648
106260,3,3571269.79,2,662,High,900891.96,3.9641488086984373
106261,1,254510.06,0,680,Medium,515585.31,0.4936332650749883
106262,3,190574.98,0,727,Medium,537423.27,0.3546087239579336
106263,2,3369017.48,0,633,High,505190.24,6.668809516193345
106264,4,2735256.66,0,715,Medium,1044089.97,2.6197518782792257
106265,3,90318.27,0,734,Medium,925116.32,0.09762909598222201
106266,1,182606.0,0,755,Low,242691.15,0.7524213388086051
106267,1,250965.92,0,693,Medium,491486.39,0.5106263878436186
106268,1,133795.25,0,723,Medium,667543.9,0.20042914031571557
106269,1,827710.57,0,806,Low,960125.17,0.862086106960408
106270,2,2274288.04,0,703,Medium,844449.33,2.693220255145445
106272,2,108652.05,0,720,Medium,1180596.78,0.09203146395164656
106273,1,405787.74,0,687,Medium,1132401.45,0.3583426531288882
106274,1,72080.64,0,679,High,558353.72,0.12909494003192098
106275,2,325415.1,1,669,High,853635.14,0.3812109937273669
106276,1,300970.85,0,710,Medium,1131409.59,0.2660140524352458
106277,1,66857.32,0,744,Medium,547593.44,0.12209298928051442
106278,4,3353015.44,0,730,Medium,531419.9,6.309540609977157
106279,3,434058.31,0,676,High,712964.57,0.608807685913481
106280,2,541028.86,0,809,Low,761289.5,0.7106742704319448
106283,4,1540146.1199999999,0,765,Low,581752.99,2.6474227833362747
106284,2,898990.06,0,772,Low,832751.18,1.0795422229242593
106285,2,0.0,0,811,Low,868885.0,0.0
106286,4,305006.71,0,644,High,607621.96,0.5019678847683517
106287,4,1660764.73,0,702,Medium,655071.39,2.5352423496926035
106288,6,1091198.9300000002,0,742,Medium,424568.25,2.570137851805923
106289,3,46997.9,0,772,Low,536583.46,0.08758730654873335
106290,1,750318.68,0,785,Low,876157.5,0.8563742021269007
106293,2,202145.52,0,761,Low,595852.97,0.3392540277176096
106295,3,685141.73,0,666,High,454059.44,1.5089251971063524
106296,1,455556.77,0,677,High,1098661.01,0.4146472532050628
106297,2,2028170.79,0,750,Low,236392.29,8.579682484568341
106298,1,0.0,0,741,Medium,901482.39,0.0
106299,1,275854.22,0,733,Medium,11778752.88,0.023419645764739056
106300,1,0.0,0,753,Low,518092.57,0.0
106302,2,401046.51,0,738,Medium,738350.66,0.5431653707738272
106303,1,372090.55,0,589,Very High,390888.25,0.9519102966129066
106304,4,602898.07,0,613,High,1416294.48,0.42568694470940815
106305,1,327950.29,0,757,Low,981311.24,0.33419599881481027
106306,1,624764.37,0,685,Medium,661150.47,0.944965478130871
106307,2,107214.06,0,666,High,641502.15,0.16712969707116335
106308,3,2518483.83,0,713,Medium,238347.72,10.566427193010279
106309,1,586579.25,0,766,Low,257788.62,2.275427247331554
106310,2,1888875.02,0,631,High,595138.05,3.173843480516831
106311,2,1181673.07,0,688,Medium,1072382.79,1.10191349676546
106312,2,471330.03,0,678,High,1441169.99,0.3270467975814567
106313,1,0.0,0,634,High,782273.96,0.0
106314,3,532361.46,0,674,High,685646.48,0.7764372392023364
106315,1,95854.89,0,669,High,1409298.86,0.06801601329614358
106316,2,1358836.25,0,689,Medium,869497.21,1.5627839104854633
106317,4,1712638.6400000001,0,776,Low,718445.08,2.383812886574434
106318,1,1188644.47,0,692,Medium,252364.08,4.7100382510854955
106319,4,1685379.1600000001,1,671,High,652345.07,2.5835700114971365
106320,1,28130.88,0,691,Medium,1446691.33,0.01944497725026112
106322,3,1153605.87,0,641,High,905167.89,1.2744661877035874
106323,3,408583.27,0,561,Very High,417663.41,0.9782596708675055
106324,1,266219.14,1,559,Very High,1192542.05,0.2232366900605308
106325,2,5913915.27,0,638,High,658322.59,8.98330903394945
106326,1,155604.97,0,676,High,2370998.84,0.06562844627962788
106327,2,500615.9,0,779,Low,1021884.85,0.4898946295172103
106328,6,4085305.55,0,738,Medium,1403894.43,2.9099805959056337
106329,1,135103.42,0,691,Medium,747673.38,0.18069844883336628
106330,1,123849.37,0,742,Medium,598965.71,0.2067720537791721
106331,1,0.0,0,770,Low,711809.7,0.0
106332,4,1832848.3399999999,1,665,High,1244255.85,1.473047798007138
106333,2,215421.21000000002,0,797,Low,700216.62,0.3076493814157111
106334,3,1396421.5799999998,0,748,Medium,649675.13,2.149415170009663
106335,3,696024.2000000001,0,747,Medium,1334889.81,0.5214094787344283
106336,2,396268.82,0,636,High,678079.21,0.5843990114370267
106338,1,457512.1,0,673,High,778119.92,0.5879711960079366
106339,1,637325.28,0,750,Low,512409.12,1.2437820778833915
106341,1,0.0,0,640,High,555797.8,0.0
106342,4,2451764.68,0,787,Low,648151.54,3.7827028537184377
106344,3,254535.33,0,798,Low,928592.86,0.27410864434171933
106345,2,263503.27,0,722,Medium,492775.02,0.5347334164787818
106347,5,7085250.27,0,690,Medium,1454895.94,4.869936106908099
106349,4,1880052.53,1,732,Medium,759743.7,2.474587851139799
106350,1,168981.32,0,718,Medium,760886.34,0.222084838584433
106351,2,1082380.69,0,722,Medium,1791152.48,0.6042928796324476
106352,2,308324.13,0,676,High,566875.3,0.5439011542750231
106353,3,2626897.11,0,745,Medium,360685.69,7.283064404357156
106354,1,1343883.79,0,777,Low,580531.35,2.3149202708863186
106355,2,254882.40000000002,0,702,Medium,777729.47,0.3277262979375078
106357,3,1890442.44,0,723,Medium,650039.81,2.908194868865031
106358,2,0.0,0,713,Medium,680330.95,0.0
106360,5,1687703.52,0,672,High,519565.08,3.24830052088951
106361,2,680057.23,0,656,High,2054948.29,0.33093641981618915
106362,1,349845.63,0,667,High,1553819.87,0.2251519862466426
106364,2,464391.65,0,695,Medium,334112.81,1.3899247083642199
106365,4,68768.67,0,610,High,992832.61,0.069265120129364
106366,1,48020.92,0,639,High,1012853.22,0.04741152918485069
106368,1,284798.78,0,707,Medium,705816.81,0.4035024045403509
106369,1,3069953.37,0,698,Medium,1079907.36,2.8427932651556334
106370,2,103025.59,0,827,Low,813876.2,0.12658631619895017
106371,6,986542.4199999999,0,630,High,1319907.27,0.7474331283893905
106372,2,363404.01,0,806,Low,1523946.75,0.23846240690496567
106373,2,856339.26,1,679,High,440916.55,1.9421798977606988
106375,2,111059.9,0,820,Low,498857.39,0.22262855522697578
106376,1,781139.17,0,734,Medium,400650.52,1.9496771650265174
106377,2,482047.28,0,752,Low,403716.52,1.1940241632916087
106378,6,2292114.96,1,691,Medium,564794.7,4.058315278100166
106379,5,2756902.1799999997,0,658,High,355333.28,7.758637693604155
106380,1,93708.22,0,718,Medium,298237.49,0.3142067082176691
106381,3,1114546.37,0,753,Low,198411.15,5.617357542658263
106382,4,1456597.57,0,771,Low,340884.61,4.272993051813047
106383,3,1523222.94,0,657,High,446144.85,3.414189225763785
106384,1,26566.38,0,742,Medium,2092333.51,0.01269701023906079
106385,2,4076231.92,0,620,High,444525.5,9.169849468703145
106386,1,575314.73,0,727,Medium,854584.53,0.6732098578943384
106388,3,1153687.49,0,765,Low,693426.55,1.6637486551387453
106389,3,1604862.81,0,721,Medium,2096550.03,0.7654779456896624
106390,1,444069.06,0,687,Medium,657119.84,0.6757809351791905
106391,1,1199476.89,1,687,Medium,1050995.02,1.1412774248920798
106392,2,153889.3,0,726,Medium,657484.24,0.2340577775674136
106393,3,214765.44,0,770,Low,442889.12,0.4849192050597224
106394,1,1430862.27,0,675,High,1698262.34,0.8425448979808384
106395,3,934564.46,0,750,Low,498247.3,1.8757040128466325
106396,2,168342.76,1,584,Very High,1300739.77,0.12942078337467916
106397,1,2552990.6,0,724,Medium,521060.55,4.899604470152269
106398,1,134527.25,0,666,High,618071.72,0.21765637489448636
106399,1,140214.05,0,584,Very High,2003516.44,0.06998397777060417
106400,1,3442783.15,0,695,Medium,881315.79,3.906412649204889
106403,1,481432.61,0,705,Medium,1240014.9,0.38824743960737895
106405,1,0.0,0,803,Low,898719.87,0.0
106406,1,235429.42,0,709,Medium,274375.87,0.8580543908617038
106407,2,1171317.27,0,728,Medium,973842.27,1.2027792447333385
106408,1,370789.99,0,664,High,1008030.13,0.36783621735592364
106409,4,1816709.78,0,784,Low,1063473.61,1.7082791363294854
106411,2,276054.01,0,687,Medium,1708128.86,0.16161193482791456
106412,4,3913523.14,1,770,Low,403686.54,9.694460310715339
106413,1,856386.77,0,683,Medium,627399.78,1.3649777977289057
106414,4,2404685.28,0,727,Medium,756901.05,3.1770140628025283
106415,4,177142.4,0,687,Medium,903036.17,0.1961631282166693
106416,1,0.0,0,713,Medium,509419.87,0.0
106417,3,989178.78,1,647,High,302975.16,3.2648840914878967
106418,1,1439659.65,0,742,Medium,1721225.01,0.8364157165018186
106419,3,110928.08,0,641,High,274721.91,0.4037831565745885
106420,3,569285.56,0,679,High,2426245.33,0.23463643719821195
106421,2,268156.66,0,666,High,979569.18,0.2737495885691299
106422,1,0.0,0,636,High,335009.41,0.0
106424,4,218174.62,0,779,Low,1225521.3,0.17802597147842308
106425,1,141593.13,0,762,Low,600575.64,0.23576235959220723
106426,3,2060890.6700000002,0,711,Medium,1600726.99,1.287471681851257
106429,3,3343204.48,0,725,Medium,2034990.17,1.6428602601063178
106430,3,879357.85,0,706,Medium,410382.19,2.142777809144203
106431,1,37496.49,0,698,Medium,1104471.14,0.033949723665934815
106432,3,1759778.3399999999,0,745,Medium,1168727.11,1.505722186935494
106433,2,1164069.68,0,720,Medium,715285.19,1.6274203580253075
106434,3,3929013.92,0,697,Medium,722890.8,5.435141683916851
106435,6,2657243.31,1,766,Low,836201.48,3.1777548516178182
106436,1,543444.48,0,685,Medium,892084.17,0.609185207265812
106437,1,176153.02,0,821,Low,1156375.36,0.15233204208017712
106438,2,609664.24,0,755,Low,553425.63,1.1016190919816995
106439,1,738732.15,0,693,Medium,1243645.73,0.5940052960259028
106440,2,272433.61,0,733,Medium,591578.33,0.4605199281048716
106441,3,852265.7,0,737,Medium,440551.76,1.9345415848525946
106442,3,411205.94999999995,0,737,Medium,500125.78,0.8222050660935734
106443,3,1141643.6,0,691,Medium,788254.28,1.4483189358641986
106444,2,368780.73,0,700,Medium,800663.27,0.4605940397390778
106445,2,2564950.19,0,708,Medium,673552.98,3.8080897363114627
106446,3,1714487.75,0,645,High,574126.83,2.9862526194778254
106447,3,1968556.08,0,698,Medium,2133359.42,0.9227493790052499
106448,1,0.0,0,746,Medium,752128.5,0.0
106449,3,1275555.6,0,676,High,383154.71,3.32908761580929
106450,1,72362.14,0,743,Medium,641064.77,0.11287804818848492
106451,2,0.0,0,773,Low,2726865.14,0.0
106452,5,4431135.4,0,706,Medium,1344761.21,3.295109471517252
106453,1,704612.4,0,743,Medium,625240.95,1.1269453800170959
106454,1,0.0,0,744,Medium,1435508.49,0.0
106455,1,198009.42,0,716,Medium,779658.72,0.25396935212883914
106456,2,1112123.16,0,635,High,897134.84,1.2396388039059991
106457,2,711372.15,1,569,Very High,921886.22,0.7716485338071329
106458,2,43406.48,0,677,High,1603222.19,0.027074525459256527
106459,1,688433.69,0,737,Medium,205202.45,3.35489995367989
106460,1,281402.44,0,702,Medium,598312.23,0.470327073207245
106461,2,0.0,0,681,Medium,1230763.05,0.0
106463,3,446974.61,0,638,High,936743.52,0.477157941802469
106464,2,552203.02,0,713,Medium,537710.41,1.0269524445323646
106466,1,3444037.79,0,679,High,675678.57,5.097154095030719
106468,4,1757985.61,0,728,Medium,1169111.04,1.5036943026386955
106469,4,2722713.18,0,609,High,951606.64,2.861175054432155
106470,2,494525.01,0,686,Medium,667889.66,0.7404292050276687
106472,3,195226.67,0,642,High,1509982.67,0.12929066927635668
106473,4,1488799.21,0,656,High,461717.91,3.2244779285256664
106474,2,1519574.79,0,741,Medium,285737.13,5.318086557389304
106475,2,2358001.56,0,621,High,539393.58,4.371578838591294
106476,1,260282.31,0,710,Medium,825743.7,0.31520956199847483
106478,2,230472.38,0,736,Medium,447398.56,0.5151388506927693
106479,1,0.0,0,710,Medium,526460.39,0.0
106481,2,412342.18,1,652,High,315528.43,1.3068305128637696
106483,2,1776895.71,0,730,Medium,1145947.94,1.550590256307804
106484,2,622821.9,0,638,High,793846.71,0.7845619212807471
106485,1,839486.11,0,717,Medium,1261932.02,0.665238774113997
106486,3,1174596.28,1,643,High,1392911.56,0.8432669479747874
106487,1,0.0,0,822,Low,503701.17,0.0
106488,2,172678.06,0,741,Medium,922307.13,0.18722403241098223
106489,3,235705.72,1,811,Low,557180.12,0.42303325538606795
106490,1,41711.04,0,699,Medium,1082216.7,0.03854222541566768
106491,1,190406.67,0,705,Medium,338634.6,0.5622776585735776
106492,2,327444.31,0,679,High,1893701.59,0.17291230663221863
106493,2,324458.48,0,554,Very High,594789.74,0.5455011379315319
106494,3,240551.26,0,686,Medium,466695.66,0.5154349624764027
106496,1,802214.86,0,706,Medium,246523.52,3.2541108450828546
106497,2,208714.69999999998,0,595,Very High,749977.15,0.2782947453799092
106499,2,638461.73,0,705,Medium,344548.99,1.8530361386344507
106500,4,4127568.46,1,751,Low,1286853.18,3.2074898085887313
106503,2,499034.99,0,621,High,1047983.4,0.47618596821285525
106504,7,779262.33,0,644,High,473094.93,1.647158488889323
106505,2,80248.01,0,709,Medium,431601.89,0.18593062694883006
106506,3,1916364.33,0,646,High,1002713.87,1.911177642331805
106507,2,3593506.93,0,662,High,2905492.47,1.2367978809458073
106508,5,679802.24,0,738,Medium,288613.89,2.355403754129782
106509,1,0.0,0,732,Medium,488844.45,0.0
106510,3,1916256.8699999999,1,614,High,277768.43,6.898756888966827
106511,2,2098644.58,0,733,Medium,1273119.94,1.648426447550574
106512,1,0.0,0,717,Medium,819303.75,0.0
106514,2,522770.14,0,744,Medium,1390960.81,0.37583383819419036
106515,2,428332.47,0,680,Medium,384443.96,1.1141610080179174
106516,2,1909600.3699999999,0,696,Medium,971042.13,1.966547393777858
106517,2,636029.03,0,674,High,761465.56,0.8352695951212816
106519,2,121884.5,0,765,Low,794401.53,0.15342933692486718
106521,2,223128.87,0,700,Medium,908785.34,0.24552428409551588
106522,1,43789.91,0,635,High,517608.23,0.08460049022018062
106523,3,306380.7,0,708,Medium,630653.58,0.4858145735095962
106524,3,1768895.14,0,651,High,555916.51,3.181943885782417
106525,1,0.0,0,733,Medium,1589973.03,0.0
106526,2,265098.23,0,694,Medium,657240.19,0.40335060763706493
106527,4,1172588.0,0,713,Medium,1233058.73,0.9509587592798601
106528,1,2625716.5,0,761,Low,1062264.39,2.471810713715067
106529,3,1611921.9,0,662,High,389866.63,4.134546985978256
106530,2,138508.6,0,685,Medium,530407.54,0.26113618218926526
106531,4,119961.73,0,693,Medium,540906.66,0.22177898493614404
106532,4,2796055.17,0,746,Medium,1778119.87,1.572478446011629
106533,1,224791.91,0,629,High,417505.05,0.5384172239353752
106534,1,0.0,0,701,Medium,326769.67,0.0
106535,6,4331267.44,0,738,Medium,810487.08,5.344030209587055
106536,1,0.0,0,740,Medium,675612.85,0.0
106537,1,3001575.45,0,698,Medium,510535.39,5.8792700933034245
106540,1,0.0,0,685,Medium,691518.45,0.0
106543,3,2783402.1799999997,0,713,Medium,653388.61,4.25994903706693
106544,3,541818.45,0,782,Low,2439085.99,0.2221399541555318
106545,1,0.0,0,745,Medium,2066528.45,0.0
106546,1,0.0,0,754,Low,1126509.67,0.0
106547,1,0.0,0,824,Low,793341.6,0.0
106549,4,2333004.42,0,629,High,636392.73,3.6659821993881043
106550,1,2236817.48,0,696,Medium,894353.92,2.501042853370621
106554,1,103047.84,0,737,Medium,2014555.22,0.05115165818090606
106555,2,390930.14,0,642,High,297626.99,1.3134902180746444
106556,1,98981.19,0,744,Medium,1287311.52,0.0768898502516314
106557,2,235495.33,0,665,High,668359.05,0.3523485318258202
106558,2,1321037.16,0,652,High,999095.39,1.3222332654342444
106559,3,504224.83999999997,0,684,Medium,1015667.69,0.49644666751189065
106560,1,2273554.9,0,671,High,1217171.19,1.8679006853588114
106562,2,158095.61,0,619,High,1421454.79,0.11122099071473106
106563,2,173784.06,0,669,High,1354214.8,0.12832828292823265
106564,1,0.0,0,614,High,1624371.45,0.0
106566,2,294967.28,0,685,Medium,584247.89,0.504866658568506
106567,3,1426851.38,0,779,Low,1677506.41,0.8505787945096436
106568,1,0.0,0,669,High,813123.25,0.0
106569,3,824948.14,0,784,Low,1086413.29,0.7593317824747892
106570,1,0.0,0,717,Medium,1319877.55,0.0
106571,2,2431530.8,0,680,Medium,614574.96,3.9564430024939514
106572,1,304240.2,0,703,Medium,783966.17,0.3880782253652603
106575,1,283179.56,0,718,Medium,1615467.87,0.17529259805086683
106576,4,1296287.7000000002,0,737,Medium,826775.93,1.5678827273067808
106577,3,2126305.25,0,740,Medium,707368.57,3.005936848452286
106578,3,467477.03,0,673,High,1891924.65,0.24709072319555647
106579,1,312654.4,0,692,Medium,1080997.78,0.2892276059993389
106580,1,61346.37,0,653,High,1212205.28,0.050607245333892624
106581,2,1178843.42,1,656,High,784234.21,1.5031777560430575
106582,1,1175627.09,0,703,Medium,1423310.66,0.8259806681979043
106584,1,255413.68,0,759,Low,581295.49,0.43938699748040366
106585,1,111860.0,0,744,Medium,1399729.3,0.07991545222351207
106587,2,297563.75,1,686,Medium,713030.24,0.41732276319725237
106588,2,538066.83,0,675,High,770441.71,0.6983874613953598
106589,1,0.0,0,628,High,835782.01,0.0
106590,1,1364951.45,0,785,Low,1194462.77,1.1427325189884319
106591,1,233307.01,0,669,High,562756.6,0.41457889609824217
106592,3,1478219.95,1,568,Very High,264490.97,5.588924075555396
106593,3,501873.21,0,585,Very High,298395.12,1.6819082363009155
106596,3,1198445.78,0,752,Low,642864.48,1.8642277140588015
106597,3,1749198.35,0,758,Low,1419971.17,1.2318548340668072
106598,2,210576.52,0,685,Medium,454752.34,0.4630575842666362
106599,2,757221.9,0,691,Medium,393369.01,1.9249658228033775
106600,2,547943.23,0,694,Medium,483550.46,1.1331665985800117
106601,1,156949.29,0,658,High,594216.32,0.26412820502809486
106602,4,3002727.92,0,642,High,673273.99,4.4598899773330025
106603,1,812657.73,0,695,Medium,776390.46,1.0467126682623071
106604,1,1066044.31,0,689,Medium,464631.5,2.294386648343903
106605,2,0.0,0,670,High,570469.49,0.0
106606,1,68282.47,0,777,Low,1082083.25,0.0631027880710657
106608,2,93986.70999999999,0,698,Medium,1535837.5,0.061195738481447416
106609,2,572134.91,0,781,Low,1212422.17,0.47189413403748637
106610,2,105922.94,0,669,High,665628.46,0.15913222821031422
106612,1,3677566.21,0,773,Low,590857.86,6.224113207193351
106613,2,0.0,0,666,High,1887860.41,0.0
106614,2,0.0,0,850,Low,200612.91,0.0
106615,2,235499.81,0,716,Medium,180000.0,1.3083322777777777
106616,1,117774.37,0,650,High,644444.32,0.18275336804892625
106617,2,179720.35,0,575,Very High,603173.14,0.2979581451521532
106618,1,61674.91,0,744,Medium,607333.99,0.10155023597477231
106619,1,0.0,0,745,Medium,386633.45,0.0
106620,3,64483.09,0,820,Low,1626612.66,0.03964256001794551
106621,1,145994.86,0,694,Medium,1209584.94,0.12069831160430948
106622,5,1718229.7,0,688,Medium,467966.83,3.6716912179438013
106623,2,1663931.82,0,758,Low,797931.59,2.085306360661821
106624,1,241672.12,0,635,High,1568830.98,0.15404598907142947
106625,3,760094.62,0,660,High,1057365.56,0.7188569864144241
106626,1,3738693.61,0,743,Medium,635189.31,5.885951717291967
106628,4,3837993.7699999996,0,767,Low,313618.14,12.237792654468263
106630,4,1581474.61,0,687,Medium,1444366.39,1.094926204977672
106631,1,312382.56,0,691,Medium,221889.57,1.4078289484269133
106632,2,502625.93,0,710,Medium,856285.49,0.5869840559834781
106633,1,509688.37,0,643,High,1466081.42,0.34765352254447096
106635,3,1327180.25,0,716,Medium,881688.09,1.5052718359845374
106637,4,268773.18,0,671,High,833843.4,0.3223305239329111
106638,4,2914375.29,0,772,Low,1608241.69,1.8121500693095451
106639,3,192986.46,0,688,Medium,940049.49,0.20529393617350933
106640,2,113531.99,0,746,Medium,707367.05,0.160499404092967
106641,3,335139.73,0,695,Medium,1014547.12,0.3303343170497591
106642,5,191953.55000000002,0,715,Medium,822937.09,0.23325422117017477
106643,1,1806201.93,0,766,Low,836125.24,2.1602050070872156
106644,3,1478821.53,0,723,Medium,1039135.35,1.4231269583890107
106645,2,114219.81,0,657,High,1328652.55,0.08596665095024278
106647,1,84864.97,0,704,Medium,806999.07,0.10516117447322462
106649,2,31797.25,0,598,Very High,1637261.74,0.019420993737995735
106650,3,2207083.88,0,667,High,506037.21,4.361505115404458
106651,4,7293367.4,0,800,Low,736244.04,9.906181923048234
106652,2,1846123.5699999998,0,695,Medium,684757.01,2.6960272666650025
106653,1,0.0,0,713,Medium,415223.48,0.0
106654,4,255883.53,1,731,Medium,541659.8,0.47240635173590506
106656,1,1792704.03,0,734,Medium,668935.65,2.6799349533845294
106657,4,2740195.56,0,721,Medium,964299.37,2.8416440425549587
106658,2,184848.53,0,769,Low,895838.8,0.20634128595457127
106659,2,773646.17,0,743,Medium,884190.15,0.8749771415119248
106660,1,0.0,0,673,High,985206.59,0.0
106661,3,1311345.96,0,786,Low,1189919.37,1.1020460655245907
106663,1,92192.51,0,682,Medium,460223.88,0.20032100463800356
106664,1,236485.18,0,690,Medium,1063474.04,0.22237043040561666
106665,1,0.0,0,691,Medium,1209934.19,0.0
106666,1,1402521.33,0,719,Medium,1879281.73,0.7463071170281638
106667,4,3890572.68,0,733,Medium,407236.82,9.553587713409607
106668,1,1954107.54,0,600,High,393055.14,4.9715862766735475
106669,1,0.0,0,665,High,955527.57,0.0
106670,4,478038.78,0,814,Low,316250.71,1.5115816815083198
106674,2,743570.1299999999,0,661,High,700601.72,1.0613307229676798
106675,1,947882.24,0,821,Low,874591.62,1.0837998196232432
106678,2,266689.54,0,666,High,908172.39,0.29365519469271684
106679,4,377852.92,0,657,High,874808.03,0.4319266708148529
106680,1,517550.07,0,742,Medium,931200.48,0.5557880189237016
106681,1,589677.48,0,721,Medium,436716.68,1.3502517925351512
106682,3,429306.13,1,671,High,707210.19,0.6070417763635448
106683,2,308012.21,0,698,Medium,450032.06,0.6844228164544545
106684,5,1544612.74,0,750,Low,1152830.75,1.3398434592415236
106685,1,812688.75,0,645,High,290350.37,2.798993333468113
106687,2,0.0,0,662,High,728265.4,0.0
106688,3,1081794.93,1,649,High,902946.82,1.1980715874274854
106690,1,0.0,0,713,Medium,1204532.03,0.0
106692,4,2143537.36,0,722,Medium,2072285.95,1.0343830010525332
106693,2,0.0,0,709,Medium,763675.14,0.0
106694,1,230953.0,0,777,Low,1232943.88,0.1873183392580691
106695,3,0.0,0,762,Low,1548730.21,0.0
106696,1,91794.72,0,635,High,318152.89,0.28852392319931464
106698,1,0.0,0,769,Low,665047.59,0.0
106699,1,1148631.63,0,608,High,1029379.74,1.1158482971502819
106700,1,1362258.08,0,708,Medium,874208.24,1.5582764124941217
106701,1,159742.41,0,718,Medium,600397.04,0.26606128837677145
106703,3,1336019.34,0,745,Medium,729666.93,1.8309988915079378
106704,1,1677615.46,0,638,High,823251.26,2.0377927632931896
106705,3,759470.2,0,657,High,2527555.39,0.30047618461884623
106707,2,2206534.65,0,709,Medium,669372.46,3.2964228166781764
106708,1,0.0,0,633,High,352838.17,0.0
106709,6,5043290.2,1,549,Very High,964028.32,5.231475150024639
106710,3,892103.5700000001,0,728,Medium,1472772.96,0.6057305465466993
106712,3,2077942.88,0,738,Medium,446085.64,4.658170301110791
106713,1,76074.08,0,738,Medium,880604.75,0.08638845066416005
106715,1,356890.2,0,657,High,679733.46,0.5250443313471725
106716,1,63423.47,0,716,Medium,1103305.02,0.05748498271130861
106718,2,1096914.83,0,724,Medium,770427.44,1.4237743531045572
106719,2,373561.56,0,679,High,430062.6,0.8686213588440381
106720,6,446847.57,1,726,Medium,674000.59,0.6629780101527805
106721,3,203136.13,0,680,Medium,180000.0,1.1285340555555556
106722,3,2715093.4699999997,1,623,High,1117675.76,2.4292317746964467
106723,1,1345555.16,0,694,Medium,292752.23,4.596225142332819
106724,2,2634437.48,0,692,Medium,341391.88,7.716754950352071
106725,2,240160.96,1,663,High,606976.78,0.3956674586464411
106728,1,1682683.32,0,661,High,217864.7,7.723524370859529
106729,1,0.0,0,700,Medium,2271609.35,0.0
106731,1,172030.06,0,710,Medium,1306482.13,0.1316742541285276
106732,3,460801.32999999996,0,659,High,1370280.42,0.336282503401749
106733,1,0.0,0,720,Medium,580783.51,0.0
106734,2,376118.93,0,691,Medium,516078.25,0.7288021341724825
106735,2,54003.76,0,741,Medium,706769.08,0.07640934150656394
106736,2,629837.95,0,700,Medium,775156.22,0.8125303438834561
106738,3,1444396.4500000002,0,713,Medium,840343.5,1.7188167100715364
106739,1,99059.38,0,694,Medium,1139457.81,0.08693553998282745
106740,3,660671.34,0,724,Medium,304459.88,2.169978323580762
106741,4,412763.05,0,688,Medium,761171.89,0.5422731125817061
106743,2,1223374.59,0,731,Medium,1538946.29,0.7949430061006223
106744,3,410893.67,0,670,High,1997520.48,0.20570185593291138
106745,5,202278.07,0,666,High,2357904.09,0.0857872340346125
106746,1,2881683.41,0,717,Medium,645901.44,4.461490920348467
106747,4,1102860.17,0,659,High,643214.02,1.714608412919855
106749,2,1618871.26,0,680,Medium,1132071.54,1.4300079127508143
106752,2,2647043.8,0,712,Medium,1099266.98,2.408008107366238
106753,1,90300.6,0,628,High,481062.34,0.18771080687796096
106754,3,938884.99,0,679,High,781872.86,1.2008154241343023
106755,2,2684101.48,0,759,Low,1143733.37,2.3467895144127864
106756,2,1006611.4,0,616,High,991299.79,1.0154459933861177
106757,1,1295484.64,0,711,Medium,1123352.35,1.1532308985689128
106758,1,0.0,0,748,Medium,1384073.28,0.0
106759,3,1469933.35,0,675,High,593110.69,2.4783457367797572
106760,2,636508.5900000001,0,758,Low,409474.81,1.5544511517082091
106762,3,335387.14,1,750,Low,983420.82,0.34104132552328925
106763,2,1253029.18,0,692,Medium,518043.52,2.4187720367586105
106764,1,812669.7,0,801,Low,851272.49,0.9546528397740187
106765,1,1648380.34,0,639,High,1185585.92,1.3903508064603198
106766,2,593756.85,0,749,Medium,1430431.04,0.4150894614255574
106767,1,414045.18,0,632,High,718014.03,0.5766533280693693
106768,5,3760837.64,0,777,Low,738890.17,5.089846627679456
106769,1,173392.64,0,656,High,679133.2,0.25531462752814915
106770,1,252133.19,0,711,Medium,415520.51,0.6067887960572632
106771,1,62350.86,0,725,Medium,727736.68,0.08567777564819186
106772,2,1351862.38,0,639,High,1337499.99,1.0107382355943044
106773,2,258336.5,0,736,Medium,2199015.97,0.11747822822769222
106774,1,0.0,0,655,High,569185.13,0.0
106775,2,63951.83,0,604,High,1348230.85,0.04743388715663938
106776,1,0.0,0,718,Medium,1138304.78,0.0
106777,1,1162135.97,0,654,High,982813.24,1.1824586022060508
106778,2,375853.07,1,634,High,1430489.89,0.2627443036315342
106779,2,88066.01,0,665,High,307016.4,0.2868446441297598
106780,4,2474262.36,0,724,Medium,791797.06,3.1248693446777884
106781,3,201355.06,0,727,Medium,718625.18,0.28019482979986865
106782,1,0.0,0,730,Medium,717919.19,0.0
106783,4,1681487.62,0,750,Low,627554.92,2.67942703723843
106784,5,4319627.16,0,646,High,540193.49,7.996444311093049
106785,3,271996.25,0,688,Medium,976780.91,0.27846188148783535
106786,3,4095857.0100000002,0,664,High,756444.11,5.414619475323828
106788,1,0.0,0,664,High,945375.26,0.0
106790,1,984707.49,0,709,Medium,295637.21,3.3307968574050606
106791,4,4112069.18,0,753,Low,304231.53,13.516249219796514
106792,1,1408815.13,0,728,Medium,441730.49,3.1893092324235983
106793,2,1603949.22,0,758,Low,833118.93,1.925234396006342
106794,1,1758253.41,0,760,Low,305832.37,5.749075580194471
106795,2,0.0,0,732,Medium,885541.74,0.0
106796,1,179426.79,0,692,Medium,824799.72,0.21753982894174603
106797,2,1543271.29,0,646,High,520103.04,2.9672414335436303
106798,3,1175825.44,0,713,Medium,531458.43,2.212450445089374
106799,1,1740711.64,0,745,Medium,804567.49,2.163537132229889
106800,1,46807.22,0,670,High,997913.32,0.046905095925565965
106802,3,3054316.44,0,679,High,1459644.15,2.0925075745345194
106803,4,1488245.68,0,696,Medium,671018.31,2.2178913120865507
106804,1,1780540.3,0,719,Medium,1201339.07,1.4821296871665048
106805,1,198321.3,0,765,Low,691911.0,0.2866283380376956
106807,4,1528937.2600000002,0,715,Medium,1422045.48,1.0751676240340782
106808,1,0.0,0,724,Medium,876889.2,0.0
106809,2,154177.92,0,820,Low,931988.22,0.1654290437276128
106810,3,373149.73,0,615,High,550639.25,0.6776664213457358
106812,2,1354660.84,0,850,Low,352785.73,3.8398969255360758
106813,2,47020.74,0,679,High,849560.79,0.05534711647885726
106814,3,132781.22,0,720,Medium,948615.94,0.13997363358663362
106815,2,319319.54000000004,0,764,Low,1251294.11,0.2551914353692594
106816,1,124055.89,0,689,Medium,1224498.55,0.10131158587325399
106817,1,3253444.16,0,643,High,543137.21,5.990096241058499
106818,2,2331068.18,0,799,Low,751313.33,3.1026578218704044
106819,1,1341893.68,0,826,Low,522599.69,2.567727661683075
106820,2,3074403.75,0,756,Low,578762.82,5.312027040714192
106821,1,40925.33,0,608,High,294577.97,0.1389286849929749
106822,2,488958.12,0,672,High,1052065.95,0.46475995159809136
106823,3,1318592.08,0,682,Medium,1034656.33,1.2744251803881586
106824,1,267579.8,0,671,High,790925.42,0.33831230256830025
106825,2,1068156.11,0,754,Low,714448.29,1.4950782652163672
106826,4,2439950.2600000002,0,748,Medium,1286650.52,1.896358196785247
106827,3,1174481.07,0,750,Low,450462.41,2.607278751627689
106829,2,274077.69,0,668,High,917293.99,0.2987893663186434
106830,1,296505.21,0,621,High,1150418.69,0.257736781032304
106831,8,1924153.8800000001,0,756,Low,232282.57,8.283677419274293
106832,3,565736.03,0,699,Medium,502060.68,1.126827996169706
106833,3,339837.2,0,673,High,493553.13,0.6885524158260328
106834,4,435304.94999999995,0,695,Medium,463774.47,0.9386134385534417
106835,2,371374.07,0,744,Medium,572096.02,0.6491463967884272
106838,1,197270.5,0,767,Low,764027.06,0.2581983156460453
106840,2,899493.42,0,744,Medium,703318.99,1.2789266787748756
106841,1,1017893.26,0,729,Medium,1065237.06,0.9555556206427891
106842,1,1447214.61,0,802,Low,506725.46,2.8560132147297277
106843,1,197608.68,0,727,Medium,570469.37,0.3463966522865198
106844,1,1498648.46,0,627,High,805876.23,1.8596509044571274
106845,3,2313743.52,0,691,Medium,956148.78,2.419857210924852
106847,4,362844.92000000004,0,695,Medium,316385.21,1.1468453914138401
106848,4,1399380.88,0,741,Medium,666289.16,2.100260613575043
106849,6,254588.27000000002,1,675,High,521451.68,0.4882298394359378
106850,1,347534.95,0,781,Low,562832.43,0.6174749916240612
106851,2,1996701.62,0,707,Medium,416258.43,4.796783623096835
106852,1,1509253.91,0,724,Medium,829932.37,1.8185263818544635
106853,2,2192791.82,0,639,High,1275957.44,1.7185462079362146
106854,3,413838.17,0,559,Very High,830709.25,0.49817450570100186
106855,2,99516.99,0,716,Medium,763931.65,0.1302694946596335
106856,2,903043.62,0,738,Medium,985832.48,0.9160213710954218
106857,2,1556508.5,0,677,High,378726.31,4.109850461669801
106858,3,1286144.09,0,754,Low,562503.03,2.2864660657916813
106859,4,1242555.57,0,743,Medium,695449.49,1.7866941997469867
106861,1,103330.29,1,686,Medium,329815.88,0.313296891586906
106862,2,490665.3,0,690,Medium,776557.29,0.6318468789340707
106863,3,143466.96,0,704,Medium,2198034.34,0.06527057261534867
106864,4,535825.4199999999,0,759,Low,1585656.6,0.33792021551198403
106865,1,54372.76,0,639,High,1720273.06,0.031607051964180614
106867,2,120267.31,0,690,Medium,1638103.92,0.07341860826509712
106868,2,2131968.53,1,638,High,1075546.29,1.9822192218244736
106869,1,39600.16,0,749,Medium,450678.24,0.08786792102498671
106870,3,2101083.62,0,740,Medium,399089.88,5.264687794138003
106873,1,50278.4,0,681,Medium,2262320.47,0.02222426073879798
106874,2,1259417.07,0,680,Medium,1241712.46,1.014258220457899
106875,3,4234158.1,0,661,High,691368.91,6.1243108256053915
106876,2,2097989.08,0,750,Low,712453.16,2.9447396654118285
106877,3,186314.69,0,727,Medium,1443051.65,0.12911158793242086
106878,1,320887.9,0,626,High,688915.66,0.4657869150484981
106879,1,502032.62,0,775,Low,449757.72,1.11622902214997
106880,2,685709.9500000001,0,685,Medium,983454.31,0.6972463723302001
106881,2,1496863.04,0,749,Medium,632112.25,2.3680335889709463
106883,3,762721.5,0,653,High,587457.83,1.2983425550732723
106884,3,2903763.0900000003,0,680,Medium,364640.0,7.9633695974111465
106885,2,399670.17000000004,0,693,Medium,538862.38,0.7416924707195185
106887,2,275830.8,0,675,High,1358731.41,0.2030061261334939
106888,1,171630.86,0,645,High,700771.14,0.24491713514343638
106889,1,1106973.72,0,673,High,935597.16,1.1831734504196227
106891,1,0.0,0,681,Medium,415215.42,0.0
106892,2,479506.84,0,710,Medium,1077686.01,0.44494113828201226
106893,1,201800.22,0,715,Medium,560835.38,0.35982077307604954
106894,2,1097674.94,0,724,Medium,358016.82,3.06598706731153
106895,5,3632703.24,0,762,Low,957117.03,3.795464009244512
106896,2,139149.33,0,723,Medium,504966.57,0.2755614693463767
106897,1,586217.44,0,723,Medium,748028.47,0.7836833269193617
106898,1,1765559.48,0,702,Medium,488139.94,3.616912559951558
106899,2,145180.77,0,651,High,558648.58,0.2598785268549327
106900,1,47410.08,0,770,Low,742475.01,0.0638541087059617
106901,1,566674.15,0,717,Medium,451232.43,1.2558364876389758
106902,1,0.0,0,781,Low,345642.43,0.0
106903,1,0.0,0,766,Low,767746.92,0.0
106904,4,743874.1,0,782,Low,592570.38,1.2553345983982527
106906,5,4200492.24,0,692,Medium,964413.5,4.355488843737671
106907,1,2288043.33,1,792,Low,625751.01,3.6564756483573237
106908,1,306968.57,0,648,High,293825.83,1.0447296958201393
106909,3,343351.03,0,652,High,1363464.55,0.25182248412692504
106910,4,3177257.4499999997,0,618,High,1014768.31,3.131017611300849
106911,2,1108093.33,0,679,High,1461606.01,0.7581340815641556
106912,3,1150681.39,0,727,Medium,1515365.95,0.7593422499693885
106913,2,634532.85,0,628,High,988379.78,0.6419929493094243
106914,3,5361120.4,0,657,High,322891.94,16.60345067764776
106915,4,3249870.28,0,700,Medium,1169562.93,2.77870493039652
106917,3,582886.14,0,663,High,325091.36,1.7929917915997522
106920,3,286981.13,0,761,Low,737099.2,0.38933854493397907
106922,2,543541.43,0,810,Low,437312.17,1.2429140263807432
106923,1,311473.65,0,678,High,3122972.03,0.09973629190652727
106924,3,388921.73,0,666,High,812534.03,0.4786528510073602
106926,4,763741.28,0,649,High,206385.1,3.7005640426561803
106927,4,3291635.54,0,686,Medium,998753.81,3.2957426615473935
106928,2,490394.81,0,740,Medium,439553.22,1.1156665170147089
106929,3,1159093.43,0,616,High,478980.04,2.419920107735596
106930,3,1085923.72,0,655,High,734837.32,1.477774318811135
106931,2,244104.16,0,689,Medium,367209.67,0.6647541716425932
106932,1,227770.47,0,734,Medium,396521.07,0.5744221107846804
106933,2,604330.06,0,788,Low,1038448.49,0.5819547775547346
106936,4,691205.1399999999,1,633,High,504437.46,1.3702494259645188
106937,2,1413101.56,0,721,Medium,457795.8,3.086750817722662
106939,2,550028.22,0,598,Very High,1689810.73,0.3254969389382443
106940,2,625657.71,0,674,High,1255553.03,0.49831245280018155
106941,1,0.0,0,696,Medium,1768458.95,0.0
106942,3,2163098.35,1,633,High,447787.32,4.830637790279546
106943,3,381165.4,0,641,High,524903.18,0.726163251668622
106944,2,219897.49,0,721,Medium,721560.85,0.3047525236437093
106945,2,135503.73,0,700,Medium,1984194.67,0.06829155024390829
106946,3,2477595.34,0,720,Medium,900338.73,2.7518480072494493
106947,2,1039909.8,0,671,High,463526.15,2.243476015322976
106948,2,1126760.13,0,749,Medium,2050862.32,0.5494079826870094
106949,2,838746.92,0,671,High,1277585.41,0.6565094696878231
106951,2,0.0,0,600,High,375487.68,0.0
106952,2,4051088.14,0,721,Medium,465883.52,8.695495689566354
106953,1,367356.93,0,651,High,1130751.1,0.32487868461945335
106954,1,1601338.05,0,673,High,530658.17,3.0176451443308596
106955,2,145664.07,0,623,High,469650.38,0.310154268372997
106957,2,1163066.76,0,612,High,564758.0,2.0594073213659656
106958,1,195281.34,0,702,Medium,584646.37,0.33401616775624554
106959,4,498445.1,0,679,High,1060374.51,0.47006514707713976
106961,2,104553.79,0,747,Medium,216866.8,0.48211063196395204
106962,3,1011532.3699999999,0,755,Low,658930.05,1.535113431235986
106964,3,3296352.38,0,656,High,617654.44,5.336887694031634
106966,1,1284230.94,1,643,High,344723.87,3.7253902376995245
106967,3,267740.08,0,665,High,663969.84,0.40324132794947437
106968,3,1195528.14,0,620,High,989722.7,1.2079425277403457
106969,2,148675.76,0,648,High,1037128.06,0.1433533289996994
106970,2,550243.26,1,735,Medium,2167604.77,0.25384851870389635
106971,3,754057.01,0,702,Medium,430490.45,1.7516230847862013
106972,7,1194663.8399999999,0,665,High,1938292.82,0.6163484834040709
106973,3,1158969.25,0,639,High,736507.99,1.5736003760122141
106974,1,0.0,0,754,Low,391161.22,0.0
106975,2,675720.58,0,778,Low,309075.23,2.1862657191907613
106976,4,2313787.49,1,670,High,591736.04,3.9101682736782437
106977,2,259613.5,0,580,Very High,659255.31,0.39379811745467774
106978,3,439028.33999999997,0,784,Low,1047341.34,0.4191836254644546
106979,1,244829.83,0,588,Very High,1290913.81,0.18965621724970158
106980,2,112269.97,0,818,Low,598625.06,0.18754639172640047
106981,3,1024176.5499999999,0,704,Medium,633517.41,1.616650993064263
106982,1,0.0,0,749,Medium,2430879.95,0.0
106983,1,270400.42,0,713,Medium,465675.5,0.5806627576499085
106984,2,1743422.05,0,674,High,504425.38,3.456253628633833
106985,1,0.0,0,808,Low,288884.62,0.0
106986,5,2485465.92,0,719,Medium,642263.39,3.869854577885873
106988,1,1096883.24,0,663,High,846089.04,1.2964158476748497
106989,1,152482.93,0,666,High,322529.94,0.4727713960446587
106990,4,325080.66,0,796,Low,293669.1,1.1069624281206296
106991,2,2140588.13,0,762,Low,1514233.37,1.413644800338801
106992,2,432061.03,0,671,High,707582.97,0.6106153600615911
106994,3,198405.82,0,677,High,563485.99,0.35210426438463893
106995,4,149656.69,0,645,High,670409.21,0.22323185267696427
106996,1,0.0,0,681,Medium,381302.37,0.0
106998,1,103703.02,0,707,Medium,1017008.24,0.10196871167926821
106999,1,273536.84,0,709,Medium,725242.19,0.3771661987838849
107000,4,988637.6900000001,0,748,Medium,1541093.0,0.6415172153789551
107001,3,761526.24,1,548,Very High,495596.16,1.5365862398933843
107002,1,1202204.76,0,661,High,1316780.33,0.9129880911875407
107003,1,102021.14,0,722,Medium,596338.96,0.17107911245644591
107005,2,292524.63,0,706,Medium,824819.37,0.35465295874416725
107006,2,91452.94,0,616,High,805732.05,0.11350291948793646
107007,1,0.0,0,708,Medium,442274.33,0.0
107008,2,167946.43,0,626,High,598918.33,0.28041624640207624
107009,1,170561.56,0,605,High,604398.81,0.282200357078797
107010,2,246244.63,0,820,Low,1127528.62,0.21839324131745763
107012,2,58598.83,0,649,High,1044793.06,0.056086542152184664
107013,4,3005864.8099999996,1,707,Medium,477791.35,6.291166238149769
107014,4,619108.84,0,662,High,227490.59,2.721470105642611
107015,1,1859638.34,0,665,High,1625679.49,1.1439144994072603
107016,1,0.0,0,674,High,816334.69,0.0
107017,1,0.0,0,657,High,282744.31,0.0
107018,1,89974.14,0,678,High,1788455.57,0.05030828917936161
107019,2,4607258.41,0,716,Medium,813003.4,5.66696081467802
107020,5,5371656.760000001,0,716,Medium,639357.64,8.401646314885673
107021,3,1240582.33,0,697,Medium,2041974.9,0.6075404403844533
107023,1,375101.65,1,591,Very High,1248651.62,0.30040536847259286
107024,3,287368.68,0,637,High,900836.29,0.3190021130254421
107025,1,0.0,0,624,High,1080681.64,0.0
107026,1,0.0,0,723,Medium,1115171.63,0.0
107028,1,488480.59,0,686,Medium,533122.95,0.9162625431900842
107029,1,542364.91,0,774,Low,420693.21,1.2892171708690046
107030,2,352582.53,0,760,Low,678828.14,0.5193988127834536
107033,1,0.0,0,729,Medium,793030.58,0.0
107034,2,1006228.6000000001,0,726,Medium,751606.84,1.3387698813384936
107035,3,3233796.74,0,677,High,673190.18,4.803689709199264
107036,3,340306.49,0,796,Low,820193.11,0.4149102032812736
107037,1,0.0,0,632,High,631170.33,0.0
107038,1,338820.33,0,716,Medium,532597.44,0.6361659004594541
107039,4,1321649.6400000001,0,742,Medium,565898.57,2.3354885664404494
107040,7,2235155.97,0,600,High,1725901.82,1.295065538548421
107041,1,0.0,0,694,Medium,1165387.74,0.0
107042,3,509101.02,0,653,High,2919038.61,0.17440708672229588
107043,2,1088171.99,0,694,Medium,644929.41,1.687273014887009
107044,2,479649.28,0,679,High,445306.21,1.077122369346702
107045,4,1794918.3900000001,0,748,Medium,905962.49,1.9812281521721724
107046,2,409770.43,0,656,High,541412.84,0.7568539194600556
107047,4,1603929.93,0,699,Medium,1585229.79,1.01179648535371
107048,2,1421222.52,0,713,Medium,883988.24,1.6077391708287885
107049,2,192126.4,0,708,Medium,658572.93,0.2917313956405709
107051,2,1420055.43,0,740,Medium,579306.45,2.4513026395614963
107052,2,569281.51,0,692,Medium,762320.17,0.7467748229723477
107053,3,0.0,0,602,High,1232971.34,0.0
107054,5,5451200.18,0,689,Medium,889148.16,6.130811967265387
107055,2,167068.31,0,688,Medium,390779.7,0.42752555979750223
107056,2,354650.35,0,713,Medium,837854.54,0.4232839151292299
107059,2,497575.25,0,717,Medium,264028.29,1.884552787884965
107060,3,73480.79,0,657,High,918976.27,0.07995939873398471
107061,1,660909.12,0,804,Low,871806.65,0.758091395609336
107062,4,2160957.52,1,616,High,735111.41,2.939632674181999
107064,1,149481.63,0,671,High,1020642.4,0.14645837758650826
107065,1,876002.82,0,725,Medium,915535.41,0.9568202501310135
107066,2,1079391.23,0,713,Medium,777635.16,1.388043243826578
107067,1,248569.13,0,800,Low,2342531.9,0.10611131058663492
107068,3,1028772.14,0,668,High,588894.37,1.7469552986217205
107069,1,104883.06,0,675,High,1222468.29,0.0857961395464908
107070,3,893677.2,0,765,Low,560661.38,1.593969607822818
107071,1,281125.26,0,720,Medium,451510.9,0.6226322775374858
107073,3,211442.94,1,726,Medium,598725.33,0.35315516048068324
107074,3,1005813.82,0,597,Very High,491557.45,2.046177552593293
107075,3,260342.72,1,685,Medium,560899.66,0.4641520374606752
107076,1,0.0,0,723,Medium,764097.55,0.0
107077,3,319102.17,0,715,Medium,841878.12,0.37903606522046207
107079,2,1110699.71,0,710,Medium,1103195.92,1.0068018652570796
107080,1,277814.13,0,686,Medium,1018484.93,0.272771959424083
107081,1,149298.98,0,703,Medium,557654.35,0.2677267378977677
107082,3,688128.92,0,811,Low,479483.14,1.43514727128883
107083,2,2768670.49,0,689,Medium,1557361.23,1.777795951681679
107084,1,235240.32,0,687,Medium,268123.51,0.8773580503999817
107085,2,577065.88,0,712,Medium,1276701.58,0.45199746678468117
107086,1,58010.5,0,667,High,856762.91,0.06770893011696782
107087,1,1111117.97,0,639,High,730052.17,1.5219706421802703
107088,2,2438871.16,0,675,High,1553187.94,1.570235705023566
107089,1,239159.26,0,651,High,889170.73,0.26896888519935874
107090,1,81336.66,0,688,Medium,957503.96,0.08494655207483424
107092,2,2545360.21,0,735,Medium,611654.18,4.161436794235592
107093,3,929783.93,0,590,Very High,935594.8,0.9937891168270708
107094,1,689391.26,0,616,High,1208898.67,0.5702638915137528
107095,3,2041919.55,0,637,High,611029.81,3.3417674826699533
107096,3,333896.69,0,744,Medium,445558.52,0.7493890813713987
107097,2,50422.74,0,770,Low,463152.65,0.10886851235764276
107098,3,1819696.69,0,746,Medium,568321.76,3.201877559641566
107100,2,236265.95,0,753,Low,551760.59,0.42820374322131277
107102,1,76131.76,0,793,Low,758486.5,0.10037325647852664
107103,1,521708.46,0,779,Low,513978.72,1.0150390272966945
107104,2,60905.78,0,833,Low,1027584.61,0.059270817611797436
107105,3,749795.08,0,790,Low,624734.86,1.2001812737006543
107106,1,0.0,0,692,Medium,412500.84,0.0
107107,4,2900878.8299999996,2,665,High,853415.89,3.399138525531789
107108,5,6192905.09,0,624,High,1129851.34,5.481168071190675
107110,1,401272.94,0,779,Low,924424.84,0.43407849144339306
107111,1,451590.77,0,689,Medium,870719.34,0.5186410238688394
107113,3,1604919.51,1,730,Medium,1384123.22,1.1595206892056908
107114,3,2942704.7399999998,0,740,Medium,1553580.34,1.8941439101887705
107115,1,0.0,0,663,High,504779.39,0.0
107117,2,1730681.1800000002,0,713,Medium,1492571.21,1.1595300568607378
107118,3,2689443.2199999997,0,739,Medium,729900.33,3.684671878419345
107119,1,0.0,0,602,High,272890.1,0.0
107121,2,605590.9,0,703,Medium,1568105.57,0.38619268471828716
107122,1,455890.22,0,678,High,954377.72,0.47768321750009
107123,1,0.0,0,590,Very High,1319106.44,0.0
107125,1,1045638.29,0,626,High,553629.01,1.8886985167197072
107126,1,116093.02,1,702,Medium,512513.35,0.22651706536034624
107127,1,1159842.0,0,616,High,802894.01,1.4445767256377962
107128,3,488069.55,0,655,High,1643376.71,0.29699188690583306
107129,3,1068208.05,0,706,Medium,906817.16,1.1779751168361217
107130,1,185313.21,0,740,Medium,835502.34,0.22179855295198814
107131,2,2213397.8600000003,0,758,Low,731661.02,3.0251684858105468
107132,3,3348464.37,0,689,Medium,715536.96,4.679652564697706
107133,1,0.0,0,728,Medium,2450126.54,0.0
107134,1,165416.12,0,706,Medium,834227.04,0.1982866918339161
107135,1,262638.5,0,736,Medium,378050.65,0.6947177580570222
107136,1,954893.05,0,686,Medium,370581.53,2.576742154418759
107137,2,0.0,0,609,High,1457592.37,0.0
107138,2,1225024.86,0,701,Medium,612710.79,1.9993525167069444
107139,3,431529.14,0,739,Medium,1102365.84,0.3914572860857154
107140,3,2323267.2399999998,0,680,Medium,424930.66,5.467403175849913
107141,2,600457.64,0,703,Medium,758683.69,0.7914466172325387
107142,4,6367415.7299999995,0,662,High,589859.53,10.794800128091513
107143,2,1153243.91,1,671,High,1302040.02,0.8857207860630888
107145,1,0.0,0,675,High,321368.94,0.0
107146,1,0.0,0,665,High,1419528.38,0.0
107147,4,2003564.52,0,732,Medium,833013.93,2.405199298407891
107148,1,256164.09,0,641,High,1204910.3,0.21260013297255403
107149,1,605359.37,0,671,High,1141477.11,0.5303298372754929
107150,1,0.0,0,725,Medium,416415.31,0.0
107151,2,228207.63,0,767,Low,841210.29,0.2712848769360631
107152,1,282581.99,0,583,Very High,443849.0,0.6366624460120446
107154,1,458756.87,0,743,Medium,679276.97,0.6753605528537203
107155,1,0.0,0,829,Low,928246.51,0.0
107156,3,853820.47,0,688,Medium,1007978.44,0.8470622347835138
107157,2,416163.3,0,711,Medium,960315.47,0.4333610287461057
107158,2,811080.7100000001,0,753,Low,1045509.2,0.7757757750960012
107159,4,2542453.4699999997,0,687,Medium,779805.57,3.260368440302369
107160,2,452059.52,0,711,Medium,473636.05,0.9544449160911633
107162,3,2731736.25,0,592,Very High,1262192.56,2.1642785233974124
107163,1,344445.81,1,673,High,916141.78,0.3759743497343828
107164,2,480309.14,0,694,Medium,980788.07,0.48971755947235374
107165,1,1711329.7,0,708,Medium,508817.44,3.3633471761502514
107166,1,163489.47,0,528,Very High,630672.31,0.25923045519471116
107167,1,92620.44,0,684,Medium,753019.05,0.12299880062795224
107168,4,1789670.7,0,656,High,1285715.83,1.391964428096059
107169,1,0.0,0,725,Medium,288608.04,0.0
107170,1,677227.06,0,774,Low,1758986.84,0.38500973662770555
107171,2,4075235.65,0,558,Very High,775625.31,5.254129277962835
107172,4,4473367.63,0,706,Medium,478277.8,9.353073945727775
107174,2,3112213.69,0,759,Low,375320.68,8.29214550607763
107175,2,1322167.57,0,588,Very High,770421.88,1.7161604626286056
107176,1,196303.91,0,726,Medium,551319.24,0.3560621428702543
107179,2,587433.39,0,741,Medium,738962.98,0.7949429212272583
107180,2,0.0,0,701,Medium,1294795.48,0.0
107181,3,645840.48,0,611,High,743124.67,0.8690876592752599
107182,2,3586881.9899999998,0,643,High,215279.7,16.6614966018626
107183,2,492317.14,0,721,Medium,180000.0,2.7350952222222222
107184,2,554001.51,0,629,High,449453.21,1.2326122000552626
107185,4,1274147.26,0,620,High,1105669.56,1.1523761764771745
107187,3,303966.65,0,645,High,352332.18,0.8627274692876479
107188,4,1474978.29,0,630,High,916611.23,1.6091645418745306
107189,2,1019395.84,0,670,High,868967.22,1.1731119615766403
107190,4,801073.51,0,701,Medium,1373777.89,0.5831171951675537
107191,3,2063552.26,0,607,High,1327606.66,1.554340093473168
107192,2,1889544.8499999999,0,804,Low,1230176.78,1.5359945665695298
107193,3,1301344.92,0,683,Medium,876597.43,1.4845411079975444
107194,1,0.0,0,694,Medium,796222.44,0.0
107196,5,843935.02,0,690,Medium,848824.68,0.9942394936019061
107197,2,438069.01,0,686,Medium,1098765.61,0.39869195578481925
107198,2,903771.8400000001,0,712,Medium,961983.07,0.9394883009739455
107199,1,38969.01,0,704,Medium,349060.92,0.11163956709906112
107200,1,247499.51,0,689,Medium,201077.85,1.2308641155651903
107201,1,179835.78,0,684,Medium,1201431.64,0.1496845713169332
107202,5,3342009.65,0,739,Medium,412585.49,8.10016282928418
107203,1,114238.8,0,749,Medium,376075.09,0.3037659314260883
107204,2,407442.79000000004,0,562,Very High,1539368.78,0.26468172883173585
107206,2,3004695.68,0,741,Medium,579428.93,5.185615568073206
107207,1,0.0,0,752,Low,428756.52,0.0
107208,1,1833500.91,0,684,Medium,702559.19,2.609745820846782
107209,2,95535.02,0,677,High,1275096.07,0.07492378201746007
107210,1,1780159.11,0,671,High,1435441.72,1.2401472558565458
107211,1,0.0,0,736,Medium,948320.13,0.0
107212,2,450323.20999999996,0,797,Low,1640303.66,0.2745364903959307
107213,3,272693.81,0,722,Medium,234471.25,1.1630159774385986
107215,2,3051676.5,0,744,Medium,1125792.67,2.7106913922258884
107217,2,490989.55,0,725,Medium,561372.76,0.874623040134687
107218,1,139380.47,0,724,Medium,741734.81,0.18791145854405833
107219,2,0.0,0,788,Low,395603.23,0.0
107220,1,187656.59,0,689,Medium,388780.02,0.48268064289929297
107221,2,1693327.7200000002,0,683,Medium,180000.0,9.407376222222224
107222,2,2926977.1,0,716,Medium,1339592.18,2.184976251503648
107223,1,48036.38,0,702,Medium,1353110.89,0.03550069721188927
107228,1,172500.68,0,620,High,1343621.75,0.1283848523589321
107229,3,3310002.9400000004,0,657,High,325090.13,10.181800782447626
107230,2,1676143.46,0,679,High,486760.47,3.4434666808502343
107231,2,729704.65,1,685,Medium,749539.84,0.9735368436186128
107232,3,7972115.75,0,674,High,1076236.22,7.4074033208062815
107233,2,1253257.01,0,695,Medium,430881.88,2.9085860143387787
107234,2,58791.8,0,680,Medium,491297.79,0.11966632294437964
107235,6,2675799.31,1,692,Medium,539743.88,4.957535248014299
107236,3,0.0,0,738,Medium,557948.88,0.0
107237,2,1007952.1,0,744,Medium,180000.0,5.599733888888888
107238,3,137858.88,0,789,Low,1278040.96,0.10786734096534747
107239,1,704999.89,0,624,High,691920.08,1.018903642744405
107240,1,225464.26,0,599,Very High,354922.07,0.6352500423543681
107241,2,545208.61,1,757,Low,1452354.37,0.37539640549296516
107242,2,1172896.49,0,784,Low,372235.34,3.1509541517471176
107243,2,2291948.2199999997,0,724,Medium,631059.79,3.631903436598297
107244,3,151434.44,0,781,Low,937409.1,0.16154573280758636
107245,1,197645.09,0,622,High,1390544.74,0.1421350096222003
107247,5,2103360.42,0,694,Medium,1063324.07,1.978099132092439
107248,3,299489.05,0,681,Medium,813849.53,0.36799068987605116
107249,4,340580.32,0,639,High,910303.97,0.37413911311405135
107251,2,197975.53,1,634,High,1128126.6,0.17549052562008552
107252,2,785234.39,0,640,High,493749.4,1.5903500642228627
107253,1,211363.21,0,714,Medium,526527.16,0.4014288835546489
107254,6,2266791.34,1,672,High,325305.01,6.968202979720478
107255,2,1087709.7,0,658,High,536676.99,2.026749274270171
107256,1,86036.88,0,757,Low,613225.32,0.14030223018188487
107257,1,64890.26,0,653,High,914620.63,0.07094773272280115
107258,1,1205107.08,0,671,High,638369.36,1.8877896645916716
107259,3,1507077.69,0,652,High,368410.2,4.090759946385849
107260,1,0.0,0,718,Medium,984306.56,0.0
107262,2,0.0,0,708,Medium,1444859.33,0.0
107263,4,3384793.0300000003,0,780,Low,319016.27,10.610095309558977
107264,2,508453.15,0,721,Medium,601508.3,0.8452969809394151
107265,1,112096.6,0,764,Low,950763.74,0.11790163558404111
107267,2,35269.42,0,675,High,720534.04,0.04894899899524524
107268,2,357055.49,0,723,Medium,653509.31,0.546366340213271
107269,2,0.0,0,674,High,1047357.62,0.0
107270,1,1204397.03,0,673,High,1421242.16,0.8474256280154256
107271,2,826931.17,0,793,Low,354619.71,2.3318815809758573
107273,2,482201.1,0,603,High,597740.2,0.8067068268120499
107274,1,193732.4,0,622,High,1440435.74,0.13449569086643184
107275,1,1326897.83,0,715,Medium,550701.29,2.40946926054958
107276,3,2980912.67,0,797,Low,691027.99,4.31373651015207
107277,1,421146.41,0,596,Very High,891564.01,0.4723681140964853
107279,5,1749090.2,0,581,Very High,1284608.39,1.3615746352084779
107280,1,273202.58,0,628,High,524545.44,0.5208368220682655
107282,1,833349.56,0,662,High,490894.75,1.6976135108391361
107283,4,657304.06,0,729,Medium,601384.98,1.0929838320870602
107284,2,2603611.7699999996,0,715,Medium,1481829.56,1.7570251264254706
107285,1,947162.94,0,725,Medium,280586.76,3.3756508682020487
107287,1,252957.07,0,680,Medium,421118.39,0.6006792294204962
107288,3,1965454.43,0,685,Medium,257183.74,7.6422188665582045
107289,1,143983.67,1,711,Medium,305642.52,0.4710852076471559
107291,3,201615.18,0,726,Medium,850724.58,0.23699230601753626
107292,1,164826.7,0,715,Medium,1186851.41,0.13887728371995617
107293,1,222533.74,1,552,Very High,1267811.23,0.17552592589040247
107294,3,279496.67,0,730,Medium,801322.62,0.34879418479413443
107295,1,0.0,0,835,Low,306866.1,0.0
107297,2,298304.32,0,758,Low,293331.6,1.0169525547196416
107298,2,434390.97000000003,0,669,High,367844.92,1.1809078945551295
107299,2,0.0,0,718,Medium,180000.0,0.0
107300,3,3424487.04,0,687,Medium,471273.83,7.266448552850898
107301,2,2212954.19,0,577,Very High,589280.51,3.7553493666369517
107302,3,3489654.25,0,565,Very High,556251.03,6.273524113744113
107303,2,147954.66,0,657,High,729303.24,0.20287125009893006
107304,1,0.0,0,657,High,1214967.05,0.0
107307,1,205166.05,0,703,Medium,860417.22,0.2384494931424083
107309,1,0.0,0,693,Medium,1462673.69,0.0
107310,3,4048725.2800000003,0,738,Medium,1454550.63,2.7834887259991774
107311,1,1337448.98,0,539,Very High,1257609.41,1.0634851881396148
107312,1,224313.63,0,673,High,1342463.09,0.16709109670940747
107313,1,485562.6,0,808,Low,553527.66,0.8772146996231407
107314,3,1867313.47,0,701,Medium,1437904.94,1.298634852732337
107315,2,0.0,0,728,Medium,3039218.4,0.0
107316,4,582430.52,0,700,Medium,1515762.39,0.3842492225974812
107317,3,632025.3999999999,0,757,Low,1331453.3,0.4746883724723953
107319,1,104127.29,0,827,Low,751083.0,0.13863619599964316
107320,2,506567.15,0,585,Very High,459617.78,1.1021487245336767
107321,1,1248604.91,0,717,Medium,935921.24,1.3340918622596918
107322,1,654780.95,0,625,High,709098.68,0.9233989125462763
107323,1,1367837.18,0,746,Medium,645101.21,2.120345085075875
107324,1,81386.61,0,567,Very High,340985.72,0.23868040573663907
107325,1,0.0,0,699,Medium,538337.15,0.0
107326,2,1417541.24,0,611,High,379822.7,3.7321130095699915
107327,4,1068351.72,0,674,High,1199989.36,0.8903009940021467
107328,1,1672715.17,0,721,Medium,441078.77,3.7923275472995446
107330,1,257279.66,0,601,High,1112721.57,0.23121656570385346
107331,2,1242850.3900000001,1,632,High,1057217.21,1.1755866043837861
107333,2,70763.53,1,629,High,1496812.19,0.047276158273403694
107334,1,245634.98,0,735,Medium,239435.04,1.0258940378985466
107335,1,127884.6,0,745,Medium,2209314.99,0.05788427661009985
107336,3,2324144.25,0,659,High,2746145.45,0.8463296254027622
107337,3,556409.69,0,733,Medium,531799.66,1.0462768817866486
107338,1,0.0,0,676,High,2188350.72,0.0
107339,1,0.0,0,643,High,347313.4,0.0
107340,1,299780.77,0,777,Low,629862.23,0.47594657326888773
107341,2,544319.4,0,701,Medium,752600.61,0.7232513404420441
107342,2,1077534.5699999998,0,744,Medium,548291.9,1.9652571376669978
107343,2,296871.03,0,674,High,2123701.73,0.1397894185451363
107344,3,2361497.08,0,539,Very High,710892.13,3.3218782151941957
107346,3,2652253.8600000003,0,671,High,461222.31,5.750489086271651
107348,1,2386335.31,0,694,Medium,875322.87,2.7262343893745173
107349,2,0.0,0,756,Low,441171.4,0.0
107351,1,87581.38,0,703,Medium,538484.31,0.1626442560601255
107352,2,1233814.95,0,660,High,598323.92,2.0621187098787557
107353,2,0.0,0,770,Low,970176.43,0.0
107354,4,179086.21,0,665,High,365526.39,0.48994057583639855
107355,1,150316.84,0,850,Low,303647.08,0.4950379894975443
107356,4,5693003.48,1,663,High,929746.01,6.123181405209795
107357,4,5457789.17,0,657,High,815934.5,6.689004043829499
107358,3,982287.65,0,794,Low,212577.76,4.620839216670643
107359,2,222791.91,0,610,High,1918041.1,0.11615596245565332
107360,3,391485.74,0,722,Medium,1049439.3,0.3730427667422022
107361,1,501685.5,0,694,Medium,1169656.92,0.42891679724341736
107362,2,1359346.62,0,639,High,378180.74,3.5944364062537932
107363,2,822323.5,1,656,High,624410.25,1.3169602837237218
107364,2,2809061.77,0,621,High,1193523.94,2.35358644754122
107365,4,2701155.45,1,646,High,500612.01,5.395706447394261
107366,2,146790.8,0,650,High,417737.15,0.35139512968860914
107367,3,330366.3,0,726,Medium,879040.07,0.3758262123363728
107368,3,2861978.51,0,697,Medium,1170097.55,2.4459315464766163
107370,4,1194733.21,1,617,High,557661.95,2.142396858885567
107371,2,298673.61,0,663,High,732033.29,0.40800550204485914
107373,1,0.0,0,659,High,415902.15,0.0
107374,3,1432169.6099999999,0,724,Medium,655260.1,2.1856505683773513
107375,2,634121.42,0,684,Medium,808232.29,0.7845781811068202
107376,2,424996.47,0,554,Very High,565624.94,0.7513750542895086
107377,4,1313698.23,0,722,Medium,2129216.87,0.6169865777928013
107379,1,604845.79,0,687,Medium,318110.69,1.9013689543095833
107380,3,112777.08,0,748,Medium,1985834.54,0.056790773716726674
107382,1,1133774.79,0,687,Medium,1028446.3,1.1024151576995318
107385,1,87294.59,0,721,Medium,2044612.02,0.04269494121432388
107386,1,74633.58,0,850,Low,411670.52,0.18129444877422848
107387,2,2603802.3499999996,0,641,High,1363840.33,1.90916949200351
107388,4,2267588.22,1,639,High,771381.24,2.9396465747598426
107389,2,306581.58,0,719,Medium,212947.03,1.439708175314772
107390,3,2919932.3200000003,0,661,High,1584376.85,1.8429531585241228
107391,1,190510.07,0,668,High,1130023.89,0.16858941805203784
107392,4,1790663.93,0,627,High,391517.54,4.573649318495412
107393,2,977522.9,0,674,High,357887.78,2.731367078250059
107395,1,0.0,0,743,Medium,1114023.09,0.0
107396,2,62519.53,0,823,Low,701264.99,0.08915250424807318
107397,2,470033.62,0,638,High,557360.02,0.8433213778053187
107398,1,0.0,0,712,Medium,686091.89,0.0
107399,2,0.0,0,679,High,429441.65,0.0
107400,1,224272.84,0,700,Medium,446783.7,0.5019718490177685
107401,1,172121.65,0,741,Medium,796412.86,0.21612113345331968
107402,1,313777.6,0,668,High,829910.26,0.37808618006481803
107403,1,2357192.64,0,732,Medium,937113.87,2.515374828461348
107404,1,0.0,0,714,Medium,1862544.49,0.0
107406,1,250442.26,0,663,High,824683.74,0.3036827911751965
107407,2,617827.99,0,720,Medium,302790.18,2.040449231213509
107408,3,1331504.0999999999,0,643,High,640116.6,2.080096188725616
107410,2,1862872.84,0,724,Medium,536317.84,3.473449326242812
107411,1,1020029.16,0,704,Medium,604103.69,1.6885001314923274
107412,2,208672.99,0,632,High,881239.49,0.2367948694627836
107413,3,2070495.2,0,801,Low,476648.36,4.343863052418769
107414,1,255162.07,0,625,High,180000.0,1.4175670555555555
107415,1,0.0,0,669,High,683468.27,0.0
107417,1,1104012.88,0,735,Medium,818784.19,1.348356372147342
107421,3,5262033.76,0,657,High,723458.79,7.2734395279100825
107422,2,240841.52000000002,1,706,Medium,884197.95,0.2723841646545324
107423,3,1059592.52,0,702,Medium,792071.9,1.337747898896552
107424,2,2261862.74,0,706,Medium,964989.39,2.3439249834653624
107425,2,1432909.59,0,667,High,1876337.1,0.7636738568991681
107426,2,1254007.28,0,708,Medium,1021399.09,1.2277348709993468
107427,1,181138.25,0,702,Medium,766283.29,0.23638548871397155
107428,3,2075267.2999999998,0,631,High,1364619.81,1.5207659194101835
107430,3,923222.87,0,679,High,663133.59,1.3922124952228707
107431,4,1642248.0899999999,0,718,Medium,599709.03,2.7384081410279912
107432,1,824207.97,0,713,Medium,1449454.92,0.5686330486221676
107433,4,1554471.46,0,650,High,515979.89,3.01265900110952
107435,2,658325.91,0,718,Medium,536848.35,1.2262790972534423
107436,1,902588.32,0,623,High,1097855.68,0.8221374962508733
107437,1,0.0,0,754,Low,722363.09,0.0
107438,3,224993.39,0,665,High,293012.7,0.7678622462439342
107440,3,347085.61,0,694,Medium,1538212.83,0.22564212391857372
107441,2,2198414.06,0,748,Medium,914505.75,2.4039368369198337
107442,3,2932319.1100000003,0,747,Medium,855534.12,3.4274718464764447
107443,3,4257186.649999999,0,734,Medium,639372.7,6.658380393782843
107444,1,156656.77,0,748,Medium,559989.56,0.2797494474718421
107445,1,427854.45,0,757,Low,1007873.25,0.4245121596391213
107449,3,1903822.96,0,683,Medium,318689.06,5.973920033527351
107450,1,78223.27,0,707,Medium,493883.94,0.15838391100548846
107451,2,573386.96,1,678,High,1965492.23,0.291726902425862
107452,3,3760943.52,0,748,Medium,1343046.92,2.800306872376432
107453,1,153499.68,0,744,Medium,1243521.86,0.12343947053733335
107454,1,0.0,0,662,High,1495616.8,0.0
107455,1,0.0,0,717,Medium,2477732.24,0.0
107456,1,344527.77,0,783,Low,919263.68,0.37478666621529094
107457,3,2235984.6100000003,0,702,Medium,347570.87,6.433176088663588
107458,3,129397.94,0,725,Medium,661550.06,0.19559810787410403
107459,2,555465.85,0,733,Medium,431659.38,1.2868151967414676
107460,2,1466593.81,0,685,Medium,409622.7,3.580352871068913
107461,2,0.0,0,672,High,1107331.01,0.0
107462,1,70555.05,0,707,Medium,1089119.89,0.06478171103825861
107463,1,232340.22,0,683,Medium,594310.04,0.39094109868983534
107464,4,113685.21,0,643,High,885780.47,0.12834467890221152
107465,3,107219.83,0,747,Medium,1037757.86,0.1033187356441704
107466,2,568206.08,0,763,Low,298862.26,1.9012306204202563
107467,4,2653517.7800000003,0,726,Medium,2547549.6,1.0415961204445245
107468,3,1960786.9300000002,0,700,Medium,992395.29,1.9758124103954586
107470,3,311314.29000000004,0,698,Medium,687930.0,0.45253774366578
107472,2,117584.83,0,832,Low,712136.74,0.16511552261718726
107473,2,387051.69,0,795,Low,180000.0,2.1502871666666667
107474,2,2503134.9499999997,0,811,Low,812211.37,3.0818762731676603
107475,2,440191.98,1,617,High,514048.77,0.8563233795890611
107476,2,327674.95,1,657,High,570607.79,0.5742560051624952
107477,1,0.0,0,624,High,886641.33,0.0
107479,2,1084962.7,0,713,Medium,621474.81,1.7457870899063468
107481,2,2896020.48,0,695,Medium,542062.47,5.342595439230464
107483,1,745685.39,0,701,Medium,815721.58,0.9141420409645165
107484,1,936814.18,0,682,Medium,655854.55,1.4283871019877807
107485,1,452664.7,0,710,Medium,4653820.42,0.09726733288948008
107487,1,1571517.28,0,848,Low,1077999.5,1.457808913640498
107488,1,131388.36,0,696,Medium,1098235.98,0.11963581815995501
107490,2,1507843.65,0,620,High,282028.63,5.346420503478671
107491,5,1100136.8599999999,0,661,High,923380.12,1.1914235927019956
107492,2,1758781.82,0,729,Medium,661508.73,2.65874317335162
107493,4,1037084.02,0,725,Medium,785105.67,1.3209483253381675
107494,1,661273.6,0,773,Low,1502467.15,0.44012516346863223
107495,1,108718.55,0,669,High,679136.84,0.16008342295199302
107496,1,1666216.58,0,762,Low,201324.69,8.276265469476199
107499,2,732718.34,0,655,High,545845.53,1.3423547500700426
107500,3,2103485.59,0,637,High,834079.03,2.5219259978278075
107501,2,0.0,0,742,Medium,373462.96,0.0
107502,4,1441525.09,0,781,Low,590499.31,2.4411969084265315
107503,1,1313285.74,0,746,Medium,670743.36,1.957955632986065
107504,1,189432.63,0,758,Low,601244.75,0.3150674163890828
107505,2,0.0,0,717,Medium,643389.79,0.0
107506,1,318893.62,0,795,Low,180000.0,1.7716312222222221
107507,4,1039009.15,0,739,Medium,1818813.94,0.5712564254923184
107508,3,654535.1599999999,1,603,High,1439000.42,0.45485404375351046
107509,5,2318837.51,0,644,High,1531543.12,1.5140530356076423
107510,4,1713385.88,0,665,High,424570.31,4.035576298304985
107511,3,1507787.61,0,792,Low,562385.21,2.681058433240092
107513,3,143206.18,1,692,Medium,1136840.98,0.1259685237595851
107514,2,1971103.9200000002,0,689,Medium,1216225.71,1.6206727943615007
107515,3,777126.17,0,639,High,362929.0,2.141262257907194
107516,4,1282647.02,1,819,Low,1254641.02,1.0223219228078482
107517,3,705496.8099999999,1,632,High,2544880.16,0.27722201661550927
107518,2,1482919.83,0,691,Medium,1024152.97,1.447947595172233
107519,2,184655.62,0,716,Medium,1108138.56,0.16663585824501945
107520,5,1330233.24,0,742,Medium,1195833.69,1.1123898340746698
107521,2,337336.35,0,668,High,180000.0,1.8740908333333333
107523,3,1058984.25,0,725,Medium,863828.02,1.225920235835832
107524,4,5685680.789999999,0,726,Medium,642148.43,8.85415353269648
107526,1,408131.58,0,622,High,262873.17,1.552579823950843
107527,2,2996408.85,0,747,Medium,963493.72,3.109941235527721
107528,2,1823055.25,0,732,Medium,941133.16,1.9370853429497692
107529,3,656273.4,0,706,Medium,694895.93,0.9444196917371497
107530,2,1367617.91,1,736,Medium,571707.47,2.3921637931370743
107533,3,777392.6200000001,0,694,Medium,1161589.57,0.6692489671717697
107534,1,87525.32,0,820,Low,524857.72,0.1667600888103542
107535,5,1461743.9,0,762,Low,696447.92,2.0988560063471793
107537,1,0.0,0,625,High,819143.89,0.0
107538,2,2803534.7,0,593,Very High,660990.43,4.241414962694694
107540,1,651851.37,0,751,Low,1402666.93,0.4647228476399597
107541,2,469296.01999999996,0,651,High,394157.55,1.1906305486219912
107542,2,349092.31,0,699,Medium,281394.34,1.2405804253205661
107543,2,2079281.41,0,578,Very High,1528569.63,1.3602791584966922
107544,1,45744.71,0,787,Low,388859.86,0.11763803546089843
107546,3,1329058.76,0,792,Low,706008.88,1.8824958122339763
107548,2,1216036.71,0,777,Low,785327.93,1.5484444950277012
107549,1,354284.74,0,704,Medium,717675.55,0.49365585883481744
107550,1,180961.82,0,724,Medium,1226865.24,0.1474993455678963
107551,3,1211187.21,0,687,Medium,674982.6,1.7943976778068056
107552,2,747746.3899999999,0,688,Medium,806034.47,0.9276853755398325
107553,2,305942.53,0,774,Low,519944.05,0.5884143303495829
107554,2,2058675.14,0,649,High,646292.55,3.185361087637479
107555,2,206119.57,0,679,High,527763.54,0.39055287904124636
107557,4,2085017.5299999998,1,723,Medium,701052.55,2.9741244504424094
107558,2,140494.48,0,534,Very High,1013840.91,0.1385764557478747
107560,2,2252509.23,0,653,High,897972.13,2.508440022520521
107561,1,628320.54,0,716,Medium,665433.58,0.9442272811059521
107562,2,782233.78,1,745,Medium,746938.37,1.0472534434132765
107563,4,811873.86,0,639,High,590841.31,1.3740979959576622
107564,1,70181.69,0,616,High,2152167.32,0.03260977403931587
107565,4,2879945.07,1,715,Medium,498625.85,5.7757636712978275
107566,3,125077.7,0,724,Medium,1765350.68,0.07085147524343435
107567,1,0.0,0,732,Medium,1721445.11,0.0
107568,1,414799.15,0,698,Medium,1136269.98,0.3650533388200576
107569,1,806937.8,0,721,Medium,1037020.3,0.7781311513381175
107571,2,1808933.29,0,757,Low,976727.77,1.8520342572014719
107573,1,54939.18,0,670,High,246943.86,0.22247639605212297
107574,1,1022768.59,0,732,Medium,449531.84,2.2751860913789774
107575,2,88414.78,0,670,High,1239632.64,0.07132337205964503
107576,4,2665661.3899999997,0,767,Low,2365389.49,1.1269439562784223
107577,1,460665.15,0,744,Medium,869721.86,0.5296695083644328
107578,2,0.0,0,731,Medium,329600.84,0.0
107579,3,448777.36,0,779,Low,1907295.0,0.23529520079484295
107580,1,123758.99,0,686,Medium,969981.31,0.1275890460198661
107582,3,301895.76,0,659,High,1324928.17,0.22785820909823362
107583,4,625038.06,0,617,High,1264602.47,0.49425655478911096
107584,1,38890.4,0,634,High,563411.56,0.06902662771065612
107587,2,1449695.5,0,722,Medium,561912.25,2.5799321869206446
107588,1,148046.02,0,697,Medium,317596.29,0.4661453066721907
107589,2,90565.51,0,621,High,765759.98,0.11826879487747584
107590,1,224560.78,0,721,Medium,2339449.15,0.09598874162321502
107591,2,360480.94,0,667,High,386144.61,0.9335387071698347
107592,2,342549.3,0,720,Medium,1925562.5,0.17789570580025316
107593,3,1344181.77,0,556,Very High,817826.09,1.643603434074841
107594,1,288821.81,0,667,High,344048.19,0.8394806843773833
107595,1,246319.04,1,656,High,407066.02,0.6051083310761237
107596,1,751034.48,0,612,High,581180.36,1.2922571574855006
107597,4,417452.07,0,773,Low,705970.83,0.5913163154347326
107599,1,0.0,0,711,Medium,654213.65,0.0
107600,2,1284260.32,0,742,Medium,368151.11,3.488405399619738
107601,1,866055.97,0,850,Low,586008.11,1.4778907582012815
107603,1,330028.01,0,746,Medium,1016198.78,0.3247671779334354
107606,2,0.0,0,802,Low,972477.75,0.0
107607,2,187351.65,0,648,High,492451.13,0.3804471928006338
107609,3,200548.99,0,718,Medium,1275064.35,0.15728538720418306
107610,1,409540.31,0,843,Low,1422451.5,0.28791161596722276
107611,1,0.0,0,694,Medium,886747.49,0.0
107612,2,120665.67,0,651,High,898527.82,0.13429263659304394
107613,1,1333636.28,0,696,Medium,826239.24,1.614104263554464
107614,2,409404.33,0,680,Medium,794265.99,0.5154499061454212
107615,1,0.0,0,663,High,505429.75,0.0
107616,2,2092933.71,0,727,Medium,4032905.69,0.5189642086572076
107617,1,176273.22,0,665,High,234478.16,0.7517681817359877
107618,2,1166489.4,0,725,Medium,355931.59,3.277285390712299
107620,1,964653.6,0,816,Low,623370.43,1.547480524541403
107621,2,200047.66,0,740,Medium,1248089.34,0.16028312524486427
107622,1,0.0,0,771,Low,967611.6,0.0
107624,1,838890.94,0,599,Very High,1733703.04,0.48387233606050545
107625,3,691877.37,0,688,Medium,855996.21,0.8082715342863492
107626,1,1153930.16,0,710,Medium,1141303.59,1.0110632877269752
107628,1,0.0,0,710,Medium,420838.23,0.0
107629,1,2270747.43,0,656,High,503160.1,4.5129719745265975
107630,1,2912952.31,0,677,High,1427901.77,2.040022900174709
107631,3,2303642.82,0,702,Medium,553731.72,4.160214661352613
107632,1,1033869.0,0,673,High,459668.49,2.2491622168837373
107633,3,332737.74,0,711,Medium,1573951.83,0.2114027466774507
107634,1,84448.93,0,725,Medium,1977592.97,0.04270288743997709
107635,1,0.0,0,735,Medium,1050528.95,0.0
107636,1,0.0,0,669,High,673491.67,0.0
107637,2,372978.96,0,690,Medium,1164565.3,0.32027311821844595
107640,3,350440.57999999996,0,692,Medium,642731.92,0.5452359982370254
107641,1,508699.98,0,703,Medium,1971414.13,0.2580381119617926
107642,4,2071261.57,0,662,High,1065854.3,1.943287717655218
107643,1,3244471.64,0,698,Medium,805023.39,4.030282449308709
107644,3,935646.4400000001,0,706,Medium,313197.85,2.9873973911379026
107645,3,944075.36,0,675,High,340034.76,2.776408388365942
107646,3,789478.57,0,717,Medium,447875.16,1.7627201517494295
107647,3,2146892.0700000003,0,767,Low,947481.78,2.265892722496469
107648,2,957575.92,0,685,Medium,1045999.21,0.9154652420817795
107649,1,552792.96,0,684,Medium,634010.26,0.8718990762073786
107650,2,135264.55,0,648,High,256448.28,0.5274535278614463
107652,4,1252552.69,0,699,Medium,857015.06,1.461529380825583
107653,2,173713.6,0,631,High,622145.32,0.27921708066533396
107654,2,482678.18999999994,0,740,Medium,492434.89,0.9801868222619237
107655,1,0.0,0,639,High,254401.54,0.0
107656,1,332469.94,0,622,High,914990.05,0.363359076964826
107657,3,3488298.7399999998,0,772,Low,801272.64,4.353447959985255
107659,2,0.0,0,709,Medium,1106964.39,0.0
107660,1,115856.6,0,723,Medium,382242.9,0.30309680048995025
107661,1,117701.68,0,687,Medium,1025138.1,0.11481543803708007
107662,3,493194.23,1,668,High,535806.32,0.920471094853827
107664,3,1943236.44,0,671,High,496986.99,3.9100348280746746
107665,1,157790.98,0,781,Low,648172.91,0.24343964020341424
107666,1,0.0,0,726,Medium,1334127.22,0.0
107667,2,410961.79,0,763,Low,608829.73,0.6750028287876152
107668,1,307173.84,0,629,High,267989.02,1.146218005498882
107669,3,196552.64,0,756,Low,419648.59,0.46837436055724624
107670,1,132492.86,0,790,Low,2422257.85,0.054698082617422414
107671,2,1406697.33,0,654,High,732464.48,1.9204990390796837
107672,1,637284.68,0,656,High,342295.43,1.8617972200213133
107673,3,2062779.24,0,663,High,418266.66,4.931732402482187
107674,1,215836.96,0,657,High,1415033.73,0.15253131810504617
107675,1,94789.23,0,765,Low,1749970.32,0.05416619294434662
107676,2,32173.85,0,796,Low,634228.68,0.050729099794099494
107678,2,2025626.69,0,717,Medium,1731747.72,1.169700797989213
107681,1,68851.25,0,596,Very High,2758466.39,0.024959974226838412
107682,1,0.0,0,782,Low,558924.94,0.0
107683,1,538769.71,0,786,Low,907645.18,0.5935906694287738
107684,3,1753334.21,0,717,Medium,831714.76,2.1080955807493424
107685,1,68193.16,0,711,Medium,344756.63,0.1978008660776154
107688,3,1054828.72,2,657,High,758189.82,1.3912462185261205
107689,2,486232.51,0,658,High,416727.22,1.166788456967126
107690,5,1086544.19,0,652,High,575720.9,1.8872759178970224
107691,2,187908.22,0,667,High,447254.78,0.42013686248361615
107692,1,0.0,0,779,Low,928498.03,0.0
107693,3,1491877.24,0,710,Medium,848109.33,1.7590624076733126
107694,1,0.0,0,642,High,655876.32,0.0
107695,2,141359.44,0,746,Medium,1437330.96,0.09834856684642763
107696,1,98143.54,0,708,Medium,642441.56,0.15276648665133058
107697,2,0.0,0,688,Medium,487893.05,0.0
107699,3,1895395.78,0,813,Low,710020.97,2.6694926770965655
107701,2,350090.73,0,727,Medium,361411.43,0.9686764195587284
107703,3,1941328.3800000001,0,677,High,889008.42,2.183700779796889
107704,4,5617758.79,0,799,Low,514701.57,10.914594237588977
107705,3,2728261.54,0,749,Medium,1208441.17,2.257670135485371
107706,3,974818.82,0,721,Medium,886069.68,1.1001604523924122
107707,1,0.0,0,704,Medium,473630.33,0.0
107708,1,435206.77,0,755,Low,1112848.28,0.39107466653046363
107709,4,1638450.8900000001,0,674,High,1820747.25,0.8998782725059725
107711,2,587565.03,0,661,High,706772.73,0.8313351733307538
107712,4,5437487.71,0,651,High,566741.8,9.594294456487944
107713,1,0.0,0,728,Medium,897476.75,0.0
107715,2,0.0,0,627,High,514102.52,0.0
107716,5,2069997.42,0,706,Medium,1489193.49,1.390012401947849
107717,1,0.0,0,695,Medium,312828.15,0.0
107718,3,119411.05,0,657,High,1138030.43,0.10492781814278904
107719,2,1687766.65,0,773,Low,792799.77,2.1288687432389137
107720,1,332928.43,0,725,Medium,721151.41,0.46166231582352446
107721,1,82132.88,0,598,Very High,556158.38,0.1476789399451286
107723,1,497744.97,0,825,Low,622014.18,0.8002148278999041
107724,1,1297603.08,0,762,Low,876743.22,1.4800263639335587
107725,2,307685.97,1,782,Low,734782.77,0.41874412760114116
107726,1,0.0,0,664,High,553271.75,0.0
107727,4,1715044.74,0,715,Medium,1453885.16,1.1796287541720283
107728,1,130507.07,0,752,Low,2268860.1,0.057520985978818176
107729,4,962172.63,0,694,Medium,593998.68,1.6198228420305578
107730,1,205443.08,0,733,Medium,782313.36,0.26260970412163226
107732,4,1294319.06,0,735,Medium,517999.99,2.498685492252616
107733,1,1156651.01,0,791,Low,1093847.83,1.0574149148332634
107734,3,1629813.35,0,747,Medium,352174.5,4.627857354805643
107735,2,149592.53,0,765,Low,300867.88,0.49720339040511735
107736,1,110443.55,0,685,Medium,1165326.94,0.09477473334650618
107737,1,2385627.97,0,777,Low,434227.2,5.493962538505189
107738,1,217765.74,0,680,Medium,1813711.41,0.12006636711846015
107739,3,432959.43999999994,0,725,Medium,538164.07,0.8045119771745445
107744,3,3682431.56,0,632,High,1418386.4,2.5962118362105
107745,1,164710.61,0,658,High,1247170.8,0.1320674040796978
107748,2,883524.62,0,620,High,435574.93,2.028410175030046
107749,2,1920341.8800000001,0,669,High,1404447.99,1.367328582954503
107750,1,808985.29,0,682,Medium,675467.67,1.1976669290478403
107751,4,2084951.3499999999,0,667,High,1007790.1,2.0688349190967443
107752,1,525021.25,0,714,Medium,1347156.69,0.389725452055618
107753,1,385698.06,0,696,Medium,484917.1,0.7953896861958467
107754,3,8664885.379999999,0,717,Medium,1619043.13,5.351855808807267
107755,2,2639646.26,0,694,Medium,1845974.68,1.429947164822434
107756,1,1347066.82,0,753,Low,1447178.09,0.9308231165937566
107758,2,2666747.96,0,678,High,1994966.47,1.336738236006543
107760,2,2099577.66,1,702,Medium,1620013.25,1.2960249923881797
107761,1,0.0,0,816,Low,463411.7,0.0
107762,1,1691050.81,0,738,Medium,536626.38,3.1512629140594988
107763,2,0.0,0,734,Medium,1264718.1,0.0
107764,2,57397.48,0,642,High,676845.13,0.08480149661415161
107765,5,3059136.92,0,791,Low,1178977.82,2.594736616843224
107766,1,138079.44,0,642,High,554504.51,0.24901409728840618
107767,3,1229249.45,0,683,Medium,823562.26,1.492600510858766
107768,1,77749.25,0,685,Medium,583856.4,0.13316502139909744
107770,1,1160658.73,0,724,Medium,1740441.1,0.6668761901796044
107771,2,1023676.85,0,794,Low,1373181.71,0.7454780693226681
107772,2,266558.48,0,810,Low,674251.85,0.3953396345890634
107773,1,164521.41,0,699,Medium,237121.9,0.6938262977818582
107774,4,38787.26,0,829,Low,817718.04,0.04743353833798261
107775,2,470394.80000000005,0,770,Low,1097274.57,0.4286937953916129
107776,1,0.0,0,634,High,663079.55,0.0
107777,1,0.0,0,748,Medium,964881.24,0.0
107779,3,494115.72,0,777,Low,271103.3,1.822610495704036
107780,1,0.0,0,646,High,721559.78,0.0
107781,1,158513.02,0,707,Medium,1335877.41,0.11865835803002313
107782,1,0.0,0,676,High,2412270.5,0.0
107784,2,249051.52,0,663,High,881399.48,0.2825637246802097
107785,1,510337.54,0,644,High,587574.29,0.8685498135052845
107786,1,73965.67,0,729,Medium,693976.14,0.10658243956341207
107787,2,1491267.1,0,753,Low,1686216.28,0.8843866102395833
107788,4,755160.25,0,740,Medium,2004435.26,0.37674464477341113
107789,2,3050113.1500000004,1,776,Low,1465345.2,2.0814980319995593
107790,4,1113355.77,0,588,Very High,939096.91,1.1855600398046247
107791,1,118908.32,0,587,Very High,686999.08,0.1730836670116065
107793,1,349286.72,0,747,Medium,1733232.82,0.20152325525430562
107794,3,2237292.27,0,673,High,726436.16,3.07981952605443
107795,4,1182693.14,0,695,Medium,860098.2,1.3750675678660877
107796,1,0.0,0,612,High,793755.89,0.0
107797,1,719984.83,0,665,High,813098.79,0.8854825992300394
107798,4,422552.36,0,665,High,1129653.51,0.37405483739877016
107800,2,1391508.29,1,688,Medium,1180572.18,1.1786727771274434
107802,1,0.0,0,666,High,1044602.14,0.0
107803,2,698044.19,0,732,Medium,1767482.47,0.394936980619672
107804,4,658503.13,0,737,Medium,918567.25,0.7168806965412712
107805,3,288814.57,0,717,Medium,676186.98,0.4271223471354033
107806,2,580662.47,0,739,Medium,657573.37,0.88303829882892
107807,3,1887294.98,0,721,Medium,399920.95,4.719170075986266
107808,4,906779.27,0,697,Medium,759986.18,1.1931523149539376
107809,3,787128.5499999999,0,651,High,938109.97,0.8390578665313619
107812,2,3831606.2699999996,0,737,Medium,1013566.1,3.7803220431306843
107813,5,2532656.51,0,850,Low,296182.34,8.551004458942419
107814,2,1735188.16,0,686,Medium,310810.53,5.582784341315591
107815,1,556848.4,0,704,Medium,393901.62,1.413673800072211
107816,1,2140159.58,0,688,Medium,1400331.11,1.5283239547538152
107817,2,246296.36000000002,0,617,High,591122.83,0.4166585141027289
107818,4,2373862.4699999997,0,756,Low,1965933.37,1.2074989448904871
107819,3,1677202.21,1,652,High,835213.47,2.0081120219481137
107821,3,5894755.12,0,651,High,947056.31,6.2242921120498105
107822,2,337128.51,0,704,Medium,629245.99,0.5357658457227514
107823,2,244217.95,0,740,Medium,848703.21,0.28775424332376454
107825,3,899035.94,0,596,Very High,636580.97,1.4122884320591613
107826,3,1492993.92,0,749,Medium,1607741.07,0.9286283393880085
107827,1,87728.15,0,790,Low,273857.52,0.32034230792712937
107828,4,3771250.1,0,726,Medium,732253.62,5.1501965944531625
107829,1,167622.78,0,636,High,419338.52,0.3997314150867895
107830,3,1670207.6800000002,0,616,High,583047.51,2.8646167788281955
107831,1,161832.45,0,694,Medium,566326.73,0.28575809939255387
107832,3,1003422.69,0,629,High,502314.55,1.9975982977200242
107833,1,105773.4,0,767,Low,522677.2,0.20236849818587838
107834,3,2280301.75,0,722,Medium,411268.01,5.544563872108604
107836,1,202502.36,0,690,Medium,873052.34,0.23194755998248626
107837,2,198374.35,0,702,Medium,951350.11,0.2085187649791726
107839,1,995484.4,0,782,Low,517035.87,1.9253681567586405
107842,2,694259.73,0,682,Medium,590266.91,1.1761793152186015
107844,1,606049.75,0,648,High,458257.03,1.322510535190262
107845,3,5662648.52,0,730,Medium,2027045.25,2.7935481558687454
107846,1,0.0,0,616,High,1532752.58,0.0
107847,2,1369408.76,0,644,High,635059.72,2.156346429907411
107848,4,996656.33,0,735,Medium,1075209.82,0.9269412457561073
107849,1,0.0,0,709,Medium,485065.12,0.0
107850,2,227553.97999999998,0,686,Medium,1038845.53,0.21904505860462237
107851,1,64311.55,1,699,Medium,671037.3,0.095839009247325
107852,3,981944.24,0,710,Medium,330977.14,2.9668038100758256
107853,5,2661683.98,0,729,Medium,3126776.09,0.851255063805992
107854,1,183238.95,0,798,Low,260270.81,0.7040318889390632
107855,4,1317952.7,0,671,High,1746081.3,0.754806033373131
107856,1,1151804.88,0,824,Low,557689.9,2.065314218528971
107857,1,389097.15,0,707,Medium,671475.66,0.5794657545740377
107858,1,0.0,0,616,High,996368.7,0.0
107859,1,136581.66,0,648,High,1359598.45,0.10045735194829032
107860,5,961000.2,0,705,Medium,799886.28,1.2014210319996987
107861,2,153964.59,0,669,High,990609.49,0.1554241015801292
107863,1,0.0,0,640,High,367724.07,0.0
107864,3,2780995.02,0,742,Medium,417490.94,6.661210468423579
107865,4,1310182.27,0,684,Medium,451066.34,2.904633207611989
107866,5,2807678.23,0,678,High,792553.2,3.5425738360528984
107867,3,2734919.07,0,709,Medium,1783162.73,1.5337462049804058
107868,1,148967.31,0,795,Low,1035317.65,0.14388560844104223
107869,2,205604.9,0,784,Low,1186231.97,0.1733260485299515
107870,3,1871920.32,0,629,High,987795.31,1.8950488031776542
107871,1,0.0,0,688,Medium,563470.27,0.0
107872,1,1283842.14,0,703,Medium,459735.26,2.7925683577109135
107873,3,889677.11,0,662,High,599644.74,1.4836736665112746
107874,1,925157.33,0,600,High,585231.02,1.5808412377047272
107875,4,1313522.29,0,678,High,865781.96,1.517151373770828
107876,2,87041.86,0,668,High,994194.79,0.08755010675523657
107878,5,4060197.8800000004,0,738,Medium,916601.14,4.429623423771871
107879,2,100142.86,0,752,Low,342418.93,0.29245713722661304
107880,2,810720.48,0,511,Very High,276795.03,2.9289560582066807
107881,1,262907.78,0,685,Medium,1041679.39,0.25238838602729774
107883,2,2154173.43,0,745,Medium,307044.24,7.015840551185719
107884,3,508760.9,0,659,High,319009.38,1.5948148609297947
107885,2,739889.0,0,684,Medium,905801.99,0.8168330475847155
107886,3,1999033.91,1,671,High,488901.45,4.088827942727517
107888,1,171419.4,0,680,Medium,992376.54,0.17273624787623454
107889,2,1981735.72,0,748,Medium,1375314.16,1.440933117419514
107890,2,1977858.0899999999,0,727,Medium,938097.82,2.1083708413265474
107891,1,761812.11,1,658,High,576053.34,1.3224680027026665
107892,2,1637617.06,0,713,Medium,1578224.17,1.037632733757968
107893,2,0.0,0,566,Very High,533246.11,0.0
107894,2,4180107.17,1,610,High,894340.0,4.673957521747881
107895,2,259396.63,0,729,Medium,831322.47,0.3120288929517327
107896,2,111575.83,0,763,Low,599700.19,0.1860526840920294
107897,1,392820.75,0,692,Medium,924716.26,0.4248013871844321
107899,1,143180.0,0,850,Low,252963.37,0.5660108022754441
107900,3,1393792.3699999999,0,710,Medium,423124.55,3.294047509179035
107901,3,3562134.2199999997,1,619,High,882366.48,4.037023505244669
107902,1,57083.65,0,725,Medium,1625088.15,0.03512649452277405
107903,3,911399.47,0,715,Medium,1430458.74,0.637137894658884
107904,1,0.0,0,654,High,410684.72,0.0
107906,2,258934.25,0,645,High,1275586.33,0.20299233686519672
107907,2,1488620.26,0,656,High,718900.41,2.070690514698691
107908,1,74409.88,0,623,High,795741.7,0.09351009253379584
107909,1,163824.32,0,760,Low,1421337.01,0.11526071497990474
107910,1,4184215.31,0,713,Medium,348022.89,12.02281640153037
107911,1,111595.41,0,647,High,939140.57,0.11882716343518203
107912,1,226003.62,0,680,Medium,632185.14,0.3574959386106418
107913,2,161242.2,0,658,High,1173734.64,0.13737534405562063
107915,2,68426.9,0,647,High,844813.43,0.08099646332563627
107917,1,1656713.72,0,763,Low,947000.44,1.749432893610905
107918,1,123485.4,0,672,High,956764.51,0.12906561511149697
107919,2,1077247.82,0,781,Low,1349614.41,0.7981893287579822
107920,3,659421.91,0,675,High,466176.51,1.4145326841972368
107922,1,97571.81,0,697,Medium,938429.36,0.1039735265742325
107923,1,103219.02,0,781,Low,494780.38,0.20861583072473489
107924,3,602283.28,0,747,Medium,676725.29,0.8899967075266243
107926,6,661673.92,0,707,Medium,1305367.97,0.5068868971865459
107927,4,838876.35,1,605,High,1472103.06,0.569848927560819
107928,2,2537459.73,0,680,Medium,348298.97,7.285292086852856
107929,1,0.0,0,666,High,1508899.34,0.0
107930,1,1937989.57,0,750,Low,925204.69,2.094660339432564
107931,1,305636.64,0,648,High,707105.44,0.43223630127919827
107932,2,0.0,0,730,Medium,1385110.39,0.0
107933,6,2501142.4,1,623,High,571627.65,4.375474839259438
107934,2,1281345.63,0,712,Medium,628950.51,2.0372757627623197
107935,2,402856.0,0,612,High,865405.71,0.4655111415893015
107936,2,724408.6100000001,0,734,Medium,493058.47,1.4692144118323334
107938,1,140042.0,0,626,High,743496.98,0.1883558424137782
107939,2,335275.78,0,789,Low,1111000.04,0.301778368972876
107940,1,75453.19,0,686,Medium,1570947.39,0.048030373569671235
107941,1,186882.1,0,672,High,1115440.1,0.16754113466065995
107942,2,0.0,0,664,High,303603.03,0.0
107943,1,0.0,0,609,High,882246.4,0.0
107944,5,2275836.13,0,692,Medium,796587.25,2.856982872874252
107945,3,332282.7,0,753,Low,254990.81,1.3031163750568109
107947,2,1075066.29,0,625,High,1522844.88,0.7059591584928862
107948,3,8573.07,0,727,Medium,520412.72,0.016473598108824088
107949,2,82750.58,0,785,Low,1368296.53,0.060477080943850674
107950,1,2084726.18,0,665,High,1280891.76,1.6275584285123357
107951,3,390418.56,1,688,Medium,473977.74,0.8237065310282293
107952,1,1066441.7,0,615,High,905023.43,1.1783581116789428
107954,6,936966.3999999999,0,567,Very High,549863.31,1.7039987628925448
107955,1,516285.15,0,708,Medium,650161.65,0.7940873627350983
107956,3,2316762.96,0,689,Medium,468178.71,4.9484585918056805
107957,2,507815.52,0,744,Medium,222621.35,2.281072862059277
107958,1,0.0,0,656,High,330325.64,0.0
107959,2,3975083.33,0,718,Medium,1072396.29,3.7067298414469523
107960,1,164883.48,0,612,High,600508.54,0.2745730810089728
107962,2,217702.44,0,672,High,272944.64,0.7976065769234376
107963,2,79254.38,0,644,High,537853.59,0.1473530742817948
107965,1,316949.68,0,670,High,310468.21,1.0208764369144268
107966,3,685438.07,0,700,Medium,681429.64,1.0058823828091774
107967,1,0.0,0,743,Medium,600039.31,0.0
107968,2,435049.42,0,622,High,493275.28,0.8819607177558136
107971,2,172110.2,0,704,Medium,813885.99,0.21146721053645365
107972,2,917666.45,0,780,Low,378600.8,2.423836531777006
107973,2,1233547.6,1,731,Medium,653864.42,1.886549508229856
107974,1,0.0,0,702,Medium,614697.57,0.0
107975,1,399265.76,0,703,Medium,737292.69,0.5415295247264693
107976,3,3040379.73,0,684,Medium,223907.99,13.57870136746795
107977,1,122685.8,1,646,High,425796.7,0.28813234109141755
107978,3,783716.8,1,684,Medium,417390.82,1.8776570121978247
107979,1,221904.95,0,667,High,370759.12,0.5985151491351043
107981,1,154036.58,0,754,Low,1710231.13,0.09006769745794535
107982,5,4862329.09,0,768,Low,237557.33,20.46802382397546
107983,3,718804.96,0,718,Medium,1420014.1,0.5061956497474215
107985,1,0.0,0,790,Low,744320.75,0.0
107986,1,2172080.05,0,698,Medium,1082730.7,2.006112923555229
107988,1,99471.34,0,781,Low,717664.3,0.13860427500713077
107989,2,624774.1699999999,0,753,Low,384448.11,1.6251196292784478
107990,1,147096.08,0,646,High,1014437.38,0.1450026220445465
107991,2,2778813.8000000003,0,710,Medium,1817376.76,1.5290246145768918
107992,3,1265434.3599999999,0,761,Low,843651.16,1.499949765967251
107993,2,142528.29,1,742,Medium,3366465.43,0.04233766630421035
107994,1,223226.4,0,725,Medium,1445978.26,0.15437742473389607
107995,2,708501.92,0,667,High,1283542.46,0.5519894682720509
107996,1,0.0,0,736,Medium,586141.65,0.0
107998,2,692687.01,0,697,Medium,395082.36,1.7532724316013502
107999,2,982900.94,0,701,Medium,541876.75,1.813882843284935
108000,1,0.0,0,659,High,503054.44,0.0
108001,1,0.0,0,741,Medium,1080217.3,0.0
108002,1,0.0,0,781,Low,600882.66,0.0
108003,4,1578792.57,0,688,Medium,598947.3,2.6359457167600553
108004,1,515860.76,0,781,Low,238083.11,2.1667255606666096
108006,2,189395.69,0,783,Low,461676.01,0.4102350693942273
108007,2,950755.26,0,704,Medium,565865.14,1.6801799453488158
108008,2,2270271.42,0,653,High,1064330.2,2.133051772842676
108009,2,1423495.1,0,676,High,216675.5,6.569709542610956
108010,2,55160.51,0,695,Medium,1242027.95,0.04441164951239624
108011,1,347712.15,0,756,Low,639704.34,0.5435513381072263
108013,3,1802986.0,0,682,Medium,539547.59,3.3416625955089523
108014,1,0.0,0,700,Medium,714513.07,0.0
108015,2,165607.04,0,754,Low,716315.56,0.2311928558413557
108016,4,307759.48,0,654,High,586471.6,0.5247645069258255
108017,3,3083694.9299999997,0,650,High,765431.67,4.028700471722054
108019,3,2754772.87,0,783,Low,507558.15,5.427501991643716
108021,5,949018.25,1,661,High,695817.91,1.3638887938368818
108022,1,1008567.54,0,617,High,642689.64,1.5692917346543815
108023,1,1071574.4,0,699,Medium,658556.41,1.6271565863279651
108024,3,141575.09,0,604,High,317781.15,0.44551128976655785
108025,1,219674.79,0,660,High,806266.71,0.2724592089384417
108026,4,5496496.82,0,774,Low,317478.68,17.312963566561383
108027,4,1615033.48,0,794,Low,1375131.82,1.174457209491378
108028,1,146188.11,0,728,Medium,193727.98,0.7546050394991987
108029,1,279256.24,0,768,Low,304777.83,0.916261658533365
108030,2,3196579.0500000003,0,698,Medium,447983.83,7.135478639932161
108031,1,325768.13,0,760,Low,792808.37,0.41090399941161065
108033,2,826199.4299999999,0,692,Medium,1090339.24,0.7577452958585623
108035,6,5569254.49,0,704,Medium,3046612.67,1.8280152724501078
108036,2,154364.59,0,728,Medium,797942.67,0.19345323392719427
108037,5,2333018.08,0,652,High,700221.04,3.331830874433593
108038,1,181054.27,0,662,High,939953.94,0.19262036392974746
108039,1,202573.52,0,713,Medium,1285789.76,0.15754793380840115
108040,3,1741167.7,0,803,Low,445912.33,3.904731003962146
108041,1,0.0,0,638,High,1199572.95,0.0
108043,3,473782.36,0,645,High,982799.52,0.4820742688193417
108044,2,860690.93,0,707,Medium,489177.71,1.7594647352186181
108045,2,89640.04,0,707,Medium,335952.77,0.2668233394831065
108046,1,75135.15,0,679,High,1194376.25,0.0629074380874536
108048,1,1293834.22,0,653,High,456182.84,2.8362185215033513
108049,3,873137.44,0,766,Low,2196598.7,0.3974952001929164
108050,1,127191.7,0,701,Medium,577890.4,0.2200965788668578
108051,2,1398347.56,0,693,Medium,1068842.29,1.3082824033843197
108053,2,320383.95,0,649,High,898707.66,0.35649406838259284
108054,5,796966.47,0,740,Medium,440617.79,1.8087478265459958
108055,3,430785.62,1,656,High,570095.8,0.7556372455296109
108056,3,116456.91,0,732,Medium,631511.63,0.18440976296826078
108057,1,0.0,0,693,Medium,506323.29,0.0
108058,2,175104.49,0,751,Low,664237.98,0.26361710000382693
108060,2,174256.93,0,663,High,779368.47,0.22358734886978426
108061,2,178041.45,0,695,Medium,489438.65,0.3637666334687708
108062,2,1368521.26,0,678,High,634967.6,2.1552615598024216
108063,2,2206300.01,0,757,Low,555613.54,3.970925564556975
108064,4,3976110.35,0,710,Medium,945465.53,4.205452471651716
108065,1,148742.08,1,525,Very High,664030.82,0.2239987595756474
108066,4,4812676.88,0,677,High,1296365.93,3.712437027714852
108067,4,5526383.68,0,649,High,1370630.53,4.03200100905384
108068,1,369958.7,0,687,Medium,920792.0,0.4017831388630657
108069,1,63611.67,0,660,High,530551.14,0.11989733920843143
108070,1,156430.26,0,674,High,3087830.11,0.05066025475086776
108071,1,0.0,0,713,Medium,391057.88,0.0
108072,1,0.0,0,695,Medium,935168.73,0.0
108073,1,445935.11,0,775,Low,2083031.01,0.21407991905026896
108074,8,3909727.91,0,693,Medium,1142219.8,3.422920798606363
108075,1,224185.73,0,672,High,974451.33,0.2300635476581473
108076,3,2265756.23,0,733,Medium,319496.55,7.091645371444543
108077,1,521123.49,0,613,High,535478.67,0.9731918733569723
108078,2,226521.47,0,699,Medium,736749.93,0.3074604567658391
108079,1,0.0,0,682,Medium,297908.62,0.0
108080,3,2129498.99,0,670,High,944792.99,2.253931826907395
108081,1,183051.53,0,599,Very High,351776.99,0.5203624318918643
108082,1,1000518.82,0,617,High,3624583.85,0.27603688075804894
108083,3,1079919.48,0,661,High,727966.72,1.4834736950612248
108084,1,0.0,0,639,High,622471.74,0.0
108085,3,2289959.26,0,719,Medium,418894.5,5.466673016714232
108087,2,1607887.2,0,696,Medium,246383.14,6.525962774887924
108088,1,1098660.18,0,711,Medium,672911.12,1.6326973166976344
108089,2,339917.29000000004,0,646,High,338386.85,1.0045227525833231
108090,3,2364219.4499999997,0,713,Medium,1020691.81,2.3162911927352483
108091,2,114138.03,0,749,Medium,762113.28,0.14976517664145675
108094,3,4332017.35,1,679,High,453157.76,9.559623010758989
108095,1,875635.58,0,625,High,649478.04,1.3482142983618044
108096,1,153037.76,0,696,Medium,1440895.22,0.10621019341017733
108097,1,1287619.47,0,739,Medium,612722.91,2.101471071156781
108098,2,1111460.3,0,706,Medium,1182338.49,0.9400525394381773
108099,2,74022.78,1,623,High,367173.61,0.20160158024428826
108101,5,3103483.9299999997,0,676,High,2739548.5,1.1328450399764778
108102,2,228494.82,0,776,Low,1145935.43,0.19939589440916405
108103,6,883456.16,0,634,High,490697.32,1.800409588542281
108105,1,0.0,0,749,Medium,362070.45,0.0
108108,2,0.0,0,586,Very High,1559341.02,0.0
108110,1,0.0,0,709,Medium,1459388.72,0.0
108111,2,1613992.33,0,723,Medium,645849.22,2.4990234253128
108112,1,119442.36,0,721,Medium,769434.51,0.1552339522697
108113,3,77589.18,0,718,Medium,380448.77,0.20394120343719338
108114,3,1248369.5899999999,0,683,Medium,1128642.7,1.1060804185416695
108117,1,2335741.08,0,686,Medium,329349.58,7.0919813530656395
108118,3,64187.61,0,711,Medium,1117028.8,0.05746280668860104
108119,2,1519768.94,1,758,Low,490317.4,3.0995615085248858
108120,1,0.0,0,659,High,807033.14,0.0
108121,1,306134.79,0,687,Medium,885634.76,0.3456670896702383
108122,5,1461201.99,0,749,Medium,458671.44,3.1857269988294887
108123,2,401780.32,0,707,Medium,1030262.1,0.3899787442438191
108124,2,933484.59,0,655,High,799954.81,1.1669216539869294
108126,2,301519.42000000004,0,739,Medium,866191.17,0.34809800704849025
108129,1,2882876.07,0,762,Low,1059129.35,2.721930111746974
108130,1,341189.3,1,692,Medium,1309960.17,0.2604577664372803
108132,1,1980288.39,0,620,High,493388.07,4.01365276221616
108135,2,237134.7,0,664,High,517845.29,0.457925763889829
108136,3,3114821.07,1,778,Low,593700.9,5.246448287344688
108137,2,373002.37,0,670,High,624966.52,0.5968357632981683
108138,2,5430711.92,1,581,Very High,454200.43,11.956641960906994
108139,3,367264.23,0,626,High,575403.24,0.6382727876193398
108140,1,175670.78,0,719,Medium,472365.81,0.3718956289406297
108141,1,141024.7,0,722,Medium,205440.62,0.6864499338056905
108142,1,0.0,0,728,Medium,308837.34,0.0
108143,4,2668767.66,0,627,High,1229187.19,2.171164556311395
108145,2,268343.69,1,737,Medium,568557.32,0.47197297538971095
108146,4,1231197.76,0,761,Low,443318.61,2.777230037782533
108147,2,1947098.5699999998,2,720,Medium,489775.73,3.9754901085033345
108148,2,1942490.54,0,585,Very High,1330644.71,1.4598115675821535
108150,1,272901.59,0,680,Medium,1503685.38,0.18148849063093242
108151,4,3473625.1799999997,0,743,Medium,1189610.17,2.9199693038938968
108152,2,787025.8300000001,0,767,Low,1475528.74,0.5333856323259417
108154,3,2450082.45,0,634,High,281896.91,8.691412935317384
108155,1,0.0,0,723,Medium,1454699.48,0.0
108156,3,211699.5,1,519,Very High,962792.83,0.21988063621121898
108157,2,754059.61,0,664,High,316121.52,2.3853472867016454
108158,1,578272.34,0,740,Medium,789481.8,0.732470767533843
108159,1,342423.28,0,721,Medium,1199941.01,0.28536676148771684
108160,2,1377484.74,0,689,Medium,2970203.98,0.46376772412782236
108162,4,196223.91999999998,1,777,Low,589599.26,0.332808965872854
108164,1,445916.49,0,662,High,444542.76,1.0030902089148859
108165,2,203256.59,0,644,High,489805.42,0.4149741544305492
108166,1,1441945.94,0,691,Medium,1475262.11,0.9774167791783115
108167,1,1661004.79,0,687,Medium,1217271.65,1.364530908117346
108168,1,353809.91,0,797,Low,358426.54,0.9871197317029035
108169,3,325654.27999999997,0,848,Low,1204324.73,0.2704040462575239
108170,1,1062975.82,0,727,Medium,1656173.55,0.6418263472448283
108171,2,288896.4,1,634,High,314647.0,0.9181603511236403
108172,1,151811.13,0,703,Medium,834222.09,0.18197927364881936
108173,1,187276.19,0,665,High,1170286.99,0.16002586681750602
108174,1,152213.35,0,622,High,514526.59,0.2958318441812696
108175,3,131325.16,0,753,Low,3820665.05,0.03437233002144483
108176,5,3609142.7100000004,0,801,Low,862885.07,4.18264591134947
108177,1,578549.09,0,742,Medium,406119.41,1.4245787710565225
108179,2,1228830.72,0,769,Low,614532.8,1.9996177909462276
108181,1,552996.6,0,713,Medium,455414.97,1.214269702201489
108184,2,249666.61,0,694,Medium,2223381.06,0.1122914171086804
108185,2,1570688.1500000001,0,727,Medium,317653.59,4.944657323092114
108188,1,0.0,0,685,Medium,1221386.92,0.0
108189,2,105112.4,0,709,Medium,427791.27,0.24570954895830388
108190,5,1359798.48,0,638,High,1008347.52,1.3485415028342609
108192,2,138242.1,0,770,Low,425895.08,0.32459191592445724
108193,5,2773734.56,0,675,High,751997.67,3.688488236938287
108195,2,53916.79,0,797,Low,1783265.35,0.030234866617018043
108196,1,0.0,0,746,Medium,1124206.62,0.0
108197,1,96443.95,0,723,Medium,319023.0,0.302310334991521
108200,2,349970.33999999997,0,757,Low,893714.24,0.3915908736107863
108201,2,58740.24,0,727,Medium,980832.66,0.05988813626985055
108202,2,1917791.53,1,727,Medium,1651186.71,1.1614625519848085
108203,2,98861.93,0,782,Low,1588532.76,0.06223474421767669
108204,1,307165.64,0,678,High,871209.66,0.352573730644814
108205,3,416613.41000000003,0,680,Medium,1095766.04,0.3802028852801461
108206,4,1502842.1700000002,0,703,Medium,668331.47,2.248647920170511
108207,3,1257431.4,0,792,Low,1131499.89,1.1112960868250725
108209,2,525736.32,0,662,High,338189.79,1.5545600001703186
108210,3,61227.64,0,754,Low,684166.37,0.08949232625976632
108211,2,401604.26,0,803,Low,990028.62,0.40564914173895295
108212,2,1842461.04,0,727,Medium,394617.04,4.6689849987217995
108214,1,0.0,0,720,Medium,1239374.14,0.0
108215,2,1254569.45,0,603,High,472159.67,2.657087273040495
108216,2,3388885.1599999997,0,701,Medium,520329.88,6.5129551276201925
108218,2,1608423.79,0,677,High,257293.28,6.251324519629895
108220,3,827576.64,0,746,Medium,685220.97,1.2077514790593755
108221,2,136602.14,0,660,High,1713483.13,0.07972190540329395
108222,3,523790.87,0,713,Medium,273156.56,1.917548200196986
108223,2,398585.87,0,702,Medium,421471.7,0.945700197664517
108224,5,816047.33,0,715,Medium,603331.32,1.3525691489047842
108226,2,380730.68000000005,0,656,High,2518715.18,0.15116067232341848
108227,1,135616.78,0,659,High,877724.45,0.15450951605597862
108229,1,0.0,0,758,Low,1092828.51,0.0
108230,2,241664.56,0,748,Medium,1079149.88,0.22393975524511944
108231,3,3342640.62,0,785,Low,1472576.89,2.269926034218831
108233,1,89922.74,0,681,Medium,909209.63,0.09890209807830566
108234,2,538136.4199999999,0,743,Medium,527070.81,1.0209945415114146
108235,2,148211.24,0,729,Medium,833737.27,0.17776731991362218
108236,1,64322.79,0,733,Medium,451830.52,0.14236043638663454
108237,1,749347.25,0,646,High,1735616.17,0.4317471010886007
108238,1,345510.79,0,687,Medium,499762.35,0.6913501787399551
108239,2,1111672.76,0,716,Medium,1274399.16,0.8723112780457263
108240,1,76512.3,0,730,Medium,1254757.52,0.060977757678631006
108241,2,817850.46,0,714,Medium,273238.28,2.993176724725393
108243,2,29618.23,0,745,Medium,550529.65,0.05379951833656915
108244,1,231335.23,0,752,Low,911729.0,0.25373244681259455
108245,1,127344.31,0,713,Medium,578679.35,0.2200602285186088
108246,3,515551.82999999996,0,629,High,1521929.48,0.3387488295449799
108247,2,688785.21,1,607,High,439906.08,1.565755149371884
108248,2,2163743.15,0,752,Low,575338.27,3.760819091697133
108249,2,0.0,0,717,Medium,246289.22,0.0
108250,1,1253086.18,0,670,High,384033.76,3.2629583919913707
108251,1,49082.99,0,776,Low,565629.83,0.08677581590772891
108252,2,1937246.74,0,613,High,708580.69,2.7339818419268527
108253,4,624412.24,0,666,High,636774.63,0.9805859256672961
108254,1,0.0,0,689,Medium,562091.06,0.0
108255,2,1180340.14,0,773,Low,347897.54,3.3927809319950923
108256,1,986744.86,0,761,Low,1146504.36,0.8606551308710243
108257,1,0.0,0,668,High,730762.52,0.0
108259,2,606228.95,0,666,High,352438.31,1.7200994693227305
108260,1,1834604.91,0,722,Medium,446304.71,4.110655498123692
108261,3,73499.89,0,690,Medium,2000653.65,0.03673793812337283
108262,1,210523.65,0,741,Medium,855578.22,0.24606008554074693
108263,1,422801.28,0,733,Medium,523570.39,0.8075347423676882
108264,1,0.0,0,740,Medium,621964.86,0.0
108265,6,3974185.71,0,723,Medium,1187246.02,3.3473986377313776
108266,4,1539778.55,0,632,High,1381690.38,1.114416494670825
108267,3,1308057.5,0,743,Medium,569028.82,2.298754393494516
108268,2,1114539.24,0,647,High,616018.55,1.809262464580003
108269,2,1287712.69,1,636,High,801954.71,1.6057174724991639
108270,1,0.0,0,690,Medium,714521.55,0.0
108271,1,0.0,0,802,Low,472651.93,0.0
108272,1,1809078.77,0,665,High,482596.21,3.748638577165784
108275,2,684158.8200000001,0,722,Medium,1181414.53,0.5791014099005537
108276,2,157525.06,0,586,Very High,341407.07,0.4613995252060831
108277,2,1640361.1,0,764,Low,1697141.39,0.9665435712459999
108278,5,619247.06,0,608,High,1034849.77,0.5983931947919359
108279,3,193373.64,0,685,Medium,2799370.83,0.06907753625481623
108280,1,89818.56,0,642,High,987827.7,0.09092533039921841
108281,1,360556.83,0,615,High,628247.09,0.5739092719076503
108283,1,0.0,0,753,Low,1307744.05,0.0
108284,3,3354881.47,0,717,Medium,403242.42,8.319763258042148
108285,1,0.0,0,678,High,409184.41,0.0
108286,1,0.0,0,713,Medium,578174.41,0.0
108287,2,117133.18,0,711,Medium,833904.47,0.14046354734133995
108288,4,142654.1,0,698,Medium,928582.03,0.15362573837445465
108289,3,217798.97999999998,0,690,Medium,180000.0,1.2099943333333332
108290,1,1215074.1,0,649,High,840053.27,1.4464250582585079
108291,1,1187594.07,0,611,High,1372993.66,0.8649669001384902
108292,1,0.0,0,707,Medium,859067.99,0.0
108293,1,0.0,0,690,Medium,548290.86,0.0
108294,2,0.0,0,599,Very High,848258.87,0.0
108295,1,513583.19,0,712,Medium,1082019.86,0.4746522767151427
108296,1,0.0,0,752,Low,965259.11,0.0
108297,1,133808.56,1,643,High,504143.01,0.2654178622847513
108299,3,1045175.47,0,709,Medium,861973.57,1.2125377231694008
108300,1,0.0,0,629,High,465274.46,0.0
108301,1,75627.05,0,676,High,542959.97,0.13928660339361668
108303,1,824783.56,0,660,High,449239.13,1.835956631827686
108304,2,262596.51,0,606,High,960899.69,0.2732819176994427
108306,2,2677463.84,0,691,Medium,293893.62,9.110316311051598
108309,1,1355350.65,0,664,High,992049.13,1.3662132338143373
108310,2,350830.43,0,665,High,1492693.98,0.23503171761970928
108311,1,66638.57,0,751,Low,617975.87,0.1078336116910196
108312,1,1798183.27,0,720,Medium,3021365.53,0.5951558168468283
108313,2,2077984.46,0,664,High,466008.94,4.459108574183148
108314,2,289993.51,0,632,High,1062187.34,0.27301540799761365
108315,2,485785.37,1,655,High,1285518.04,0.37789074511937615
108316,4,4951313.0,0,677,High,346569.44,14.2866405070222
108317,1,249000.47,0,739,Medium,345299.65,0.7211141685200085
108318,1,143122.52,0,555,Very High,1150113.25,0.12444211037478264
108320,2,243256.97,0,673,High,851290.87,0.2857507093903168
108321,3,774205.3300000001,0,631,High,863174.63,0.8969278093819788
108322,2,404849.2,0,700,Medium,1084416.01,0.3733338462976031
108323,1,632738.61,0,707,Medium,509557.87,1.24174043274025
108324,3,2297577.84,0,774,Low,494911.4,4.642402337064775
108325,3,635925.15,2,668,High,417556.78,1.5229668884792147
108326,2,199697.49,0,781,Low,440729.02,0.453107194983439
108327,2,258795.28,0,723,Medium,362321.84,0.7142690597950153
108329,1,1349733.77,0,802,Low,334913.98,4.0300908609428605
108330,1,651715.13,0,764,Low,409037.04,1.5932912334785134
108331,1,179333.2,0,617,High,281751.94,0.6364932216615794
108332,2,295851.55,0,612,High,342956.14,0.8626512708009834
108333,1,34818.9,0,618,High,1070716.56,0.032519250472786185
108334,1,491114.07,0,622,High,959877.37,0.5116425132514584
108337,2,275174.37,0,631,High,522861.98,0.5262849098341402
108338,4,199234.16,0,693,Medium,342702.63,0.5813616312194628
108339,1,511449.23,0,601,High,2054985.89,0.24888211276234115
108340,2,447684.48,0,643,High,412429.36,1.085481596169584
108341,4,1570924.47,0,808,Low,790396.07,1.9875155376215372
108342,2,391546.97,0,691,Medium,769750.29,0.5086675186572518
108343,3,585173.31,1,615,High,371143.12,1.576678317518051
108344,1,0.0,0,722,Medium,862428.63,0.0
108345,3,77734.8,0,676,High,363961.02,0.21358001469498025
108346,3,2852005.49,0,683,Medium,1464047.98,1.9480273385575795
108347,5,1690412.6400000001,0,729,Medium,977937.18,1.728549312339265
108348,3,4766999.76,0,655,High,873125.14,5.459698205459987
108349,4,657013.4,0,850,Low,663581.37,0.9901022387051042
108350,5,4008854.21,0,601,High,1109112.75,3.614469502762456
108352,1,908286.75,0,735,Medium,616174.53,1.4740738309972012
108353,2,447649.37,0,748,Medium,291560.53,1.5353565518624896
108354,2,592991.3,0,670,High,539057.18,1.1000526882880959
108355,1,0.0,0,664,High,733140.35,0.0
108356,1,849018.28,0,731,Medium,1229910.66,0.6903089042256126
108357,4,163149.78999999998,0,671,High,654582.42,0.2492425476382332
108358,2,184457.39,0,712,Medium,429391.97,0.4295781078532978
108359,3,77401.94,0,731,Medium,1792464.01,0.04318186561525439
108360,5,302879.36,0,710,Medium,2529939.54,0.11971802298484967
108361,5,1697504.89,0,707,Medium,1253430.21,1.354287519526117
108362,1,412316.22,0,748,Medium,289309.68,1.425172569407287
108363,4,1010851.1699999999,0,642,High,549512.9,1.839540382036527
108364,1,0.0,0,725,Medium,363139.24,0.0
108365,3,1058985.23,0,699,Medium,355138.52,2.9818934594873006
108366,3,154322.67,0,759,Low,2692520.51,0.05731531827774267
108367,1,0.0,0,575,Very High,784842.07,0.0
108368,3,387607.81,0,702,Medium,428231.25,0.9051366755695667
108369,4,487064.01,0,658,High,848418.93,0.5740843264777225
108370,5,2281294.4699999997,0,756,Low,829854.44,2.749029661153587
108371,4,381799.43,0,802,Low,1139067.64,0.33518591573719014
108372,2,2856241.4200000004,0,693,Medium,273895.62,10.428211374829582
108373,3,2246381.38,0,709,Medium,623006.87,3.605708842343905
108374,3,0.0,0,776,Low,1014741.1,0.0
108375,1,2650361.75,0,715,Medium,353959.69,7.487750229411716
108376,2,797617.14,0,707,Medium,402900.75,1.9796864116038504
108377,1,271696.35,0,699,Medium,849777.42,0.31972648790785707
108378,1,1365578.46,0,672,High,474787.64,2.8761878889686345
108380,1,1267596.12,0,664,High,677649.17,1.8705787243862484
108382,4,2425927.5,0,687,Medium,514721.07,4.713091500217778
108383,2,2946897.77,0,749,Medium,2521634.44,1.168645908088089
108384,4,1871692.17,0,571,Very High,1631247.94,1.1473989478264108
108385,3,1698992.85,0,743,Medium,295721.74,5.745241624778753
108386,5,3257309.62,0,783,Low,454106.19,7.173013034682483
108387,2,117594.02,0,690,Medium,488214.47,0.24086549503540935
108388,3,2282170.28,0,681,Medium,489401.24,4.663188593473936
108389,2,69761.04,1,661,High,1564322.51,0.044595049648681453
108391,5,2394070.66,0,783,Low,1608693.87,1.488207734638785
108392,2,114311.46,0,744,Medium,309289.97,0.36959316850785695
108393,4,403190.94,0,788,Low,586652.73,0.687273610744128
108394,1,683486.15,0,703,Medium,1049974.49,0.6509550055830404
108395,4,339520.81,0,649,High,1508734.44,0.2250368262290082
108397,2,1085846.72,0,686,Medium,512576.49,2.1184091373367515
108398,2,4050766.0,0,668,High,492864.91,8.218815983471009
108400,2,378382.45,0,686,Medium,1701756.05,0.22234823258010453
108401,2,1381507.09,0,795,Low,765933.36,1.8036909764577953
108402,1,0.0,0,741,Medium,752287.73,0.0
108403,2,626637.74,0,639,High,460806.71,1.3598711268766028
108404,2,251716.21000000002,0,702,Medium,719860.67,0.3496735139037392
108405,1,192476.62,0,764,Low,329956.73,0.5833389729616971
108406,1,18832.09,0,575,Very High,332376.16,0.0566589673579477
108407,2,1782896.6400000001,0,588,Very High,550396.56,3.239294664196302
108408,1,0.0,0,650,High,209880.07,0.0
108409,1,170570.26,0,748,Medium,886663.97,0.19237305875866367
108410,4,5741571.76,0,658,High,785861.29,7.306088024770885
108411,2,218014.97999999998,0,813,Low,551184.58,0.39553896808941935
108412,1,0.0,0,691,Medium,763947.09,0.0
108413,2,334628.85,0,770,Low,783157.59,0.4272816279543431
108415,2,695618.97,0,734,Medium,1091564.23,0.6372680149110419
108416,1,0.0,0,769,Low,388092.52,0.0
108417,2,1879683.25,0,702,Medium,844149.76,2.226717744965064
108418,3,810561.6499999999,0,751,Low,1600906.98,0.5063140208183738
108419,1,208517.84,0,834,Low,365654.26,0.570259567056596
108420,4,1580047.69,0,573,Very High,2242443.01,0.7046099646474405
108421,1,2484712.86,0,701,Medium,1778410.46,1.397153759430767
108422,3,753398.87,0,698,Medium,1024704.87,0.735234985269466
108423,3,204388.55,0,693,Medium,402593.49,0.5076797193119044
108424,2,910475.46,0,585,Very High,1265968.34,0.7191929144136415
108427,1,0.0,0,761,Low,338604.7,0.0
108429,2,341969.61,0,611,High,582710.5,0.5868602161793892
108430,2,189319.25,0,687,Medium,835246.37,0.2266627629881229
108431,4,2711998.09,0,682,Medium,1053090.72,2.5752748917965964
108432,2,202211.49,0,718,Medium,1194480.53,0.1692882260709599
108433,2,1657270.3199999998,0,699,Medium,466338.82,3.5537901819968574
108434,4,1884043.72,0,699,Medium,787126.97,2.3935702774864898
108435,3,263402.11,0,749,Medium,523668.48,0.502994012547786
108436,2,92981.98,0,664,High,562397.54,0.16533141307837154
108437,3,621375.76,0,714,Medium,602410.42,1.031482423561
108438,3,2807951.3400000003,0,684,Medium,1055158.86,2.6611645378213478
108439,4,1569375.7,0,639,High,757645.85,2.071384275384073
108440,1,148111.2,0,656,High,572856.37,0.25854857824134875
108441,3,2695188.04,0,712,Medium,745560.06,3.614984472210059
108442,2,529063.98,0,763,Low,817823.94,0.6469167190190104
108443,1,0.0,0,673,High,683981.36,0.0
108444,5,4288380.29,0,688,Medium,794207.27,5.399573199575471
108445,1,64464.39,0,766,Low,675801.93,0.09538947306646489
108446,1,749733.53,0,677,High,1136165.55,0.6598805341351883
108448,2,177792.97999999998,1,697,Medium,816973.26,0.21762398930902582
108449,1,0.0,0,718,Medium,546812.03,0.0
108451,1,221637.01,0,745,Medium,1050413.07,0.21099985932200938
108452,1,225523.83,0,711,Medium,1384668.25,0.16287210311928507
108453,1,0.0,0,759,Low,727235.35,0.0
108454,5,478797.32,0,793,Low,1282900.35,0.3732147395547908
108455,2,269457.06,0,670,High,584443.93,0.46104860734886915
108456,3,225843.07,0,774,Low,222571.26,1.0147000560629436
108457,3,448037.31000000006,0,632,High,475831.73,0.9415877121099092
108458,1,1942938.49,0,604,High,953062.69,2.038626115979842
108459,2,272076.0,0,688,Medium,744498.53,0.3654486732163192
108460,3,1738037.9100000001,0,681,Medium,1271754.63,1.3666456319486726
108462,3,674941.37,0,693,Medium,561830.08,1.2013265113893512
108464,3,708927.51,0,658,High,1107069.02,0.6403643288654216
108465,2,2307855.56,0,568,Very High,477334.57,4.8348804068391695
108466,1,0.0,0,740,Medium,1418933.71,0.0
108467,3,324720.02,0,752,Low,2352269.97,0.1380453877069221
108468,2,280994.64,0,683,Medium,2558574.21,0.10982469802976715
108469,1,8414943.29,0,700,Medium,851921.34,9.87760594188191
108470,1,1012513.71,0,683,Medium,547235.82,1.8502328849745253
108471,1,48160.83,0,725,Medium,914972.18,0.052636387261523074
108472,2,1735845.1800000002,0,773,Low,1317604.25,1.317425304297554
108473,5,3864756.51,0,719,Medium,425134.13,9.090675712157008
108474,2,1708369.45,0,669,High,511430.54,3.3403743350954365
108476,5,839698.9199999999,0,671,High,548342.18,1.5313411052930486
108478,7,1537394.52,1,535,Very High,470672.23,3.2663803428555793
108479,3,3398100.28,0,756,Low,552102.61,6.154834660173043
108481,3,3221465.5100000002,0,786,Low,905912.74,3.5560439408325357
108483,4,1927704.22,0,734,Medium,1210863.14,1.5920083420823266
108484,5,668259.1,0,709,Medium,1231220.65,0.5427614457246148
108485,1,106802.93,0,715,Medium,406334.26,0.26284500352000834
108486,2,537413.34,0,646,High,715657.07,0.7509369536445717
108487,3,988186.54,0,727,Medium,428426.58,2.3065481604806126
108488,2,784530.49,0,693,Medium,454450.49,1.7263277458453175
108489,1,432013.29,0,606,High,1161428.36,0.37196723007521526
108490,2,714929.1399999999,0,628,High,1112517.26,0.6426229647888788
108491,2,2113694.89,0,729,Medium,1752886.31,1.2058368406106155
108492,2,77348.74,0,677,High,972919.67,0.07950167149976524
108493,3,188219.19,0,690,Medium,348170.13,0.5405954554458764
108494,3,1465373.2,0,615,High,746460.11,1.9630964607070565
108495,1,247378.43,0,675,High,1128861.91,0.21913967315984645
108496,1,152261.9,0,680,Medium,990692.99,0.15369231592120178
108497,2,4224002.34,0,686,Medium,1323238.47,3.1921701460206187
108498,3,382600.46,0,681,Medium,222706.33,1.717959520952997
108499,1,119263.81,0,652,High,679062.61,0.17563006450907376
108500,1,105922.36,0,751,Low,1606026.36,0.06595306443164482
108501,1,0.0,0,628,High,921258.53,0.0
108502,4,117555.86,0,724,Medium,180000.0,0.6530881111111111
108503,2,0.0,0,748,Medium,462886.19,0.0
108504,4,1882443.2100000002,1,543,Very High,726473.73,2.5912061679091964
108505,3,1912466.4700000002,0,678,High,970153.62,1.9713027200784967
108506,2,221423.51,0,715,Medium,1928148.78,0.11483735710477695
108507,2,0.0,0,713,Medium,557198.69,0.0
108508,5,1150201.55,1,722,Medium,294663.0,3.9034474976498577
108509,1,66995.48,0,722,Medium,910964.16,0.07354348605767322
108510,4,3069452.28,0,804,Low,803207.31,3.8214944532813075
108511,1,0.0,0,694,Medium,862523.98,0.0
108512,3,810331.1,1,654,High,2043661.56,0.3965094396549691
108513,1,429495.1,0,678,High,904357.55,0.4749173598429072
108514,1,1413661.67,0,725,Medium,473694.71,2.98433070954075
108515,2,1463310.3900000001,0,703,Medium,503842.17,2.9043031273067124
108516,1,0.0,0,735,Medium,487935.02,0.0
108517,3,785742.86,0,587,Very High,1090148.27,0.720766965029445
108518,5,748467.48,0,660,High,436375.98,1.715189456578247
108519,2,3608344.4699999997,0,606,High,423932.56,8.511600217732745
108520,2,1194222.27,0,718,Medium,1285488.46,0.9290027154347228
108521,1,0.0,0,594,Very High,739111.97,0.0
108522,3,361577.27,1,718,Medium,977234.27,0.3700006038470182
108523,6,3153324.2199999997,0,690,Medium,202504.16,15.571651565083895
108525,3,1628640.3399999999,0,751,Low,1042852.13,1.5617174220088132
108526,1,155648.73,1,713,Medium,1644409.87,0.09465324481420195
108527,1,713868.82,1,730,Medium,875964.79,0.814951500504946
108529,1,0.0,0,771,Low,356946.79,0.0
108530,1,2799425.26,0,768,Low,1061684.72,2.6367764433870726
108531,4,3982600.84,0,601,High,889440.78,4.477645875422982
108532,5,3357648.19,0,745,Medium,1304543.69,2.5738104562829935
108534,3,462358.71,1,688,Medium,742951.97,0.6223265145928613
108535,1,0.0,0,717,Medium,826326.8,0.0
108536,2,399967.0,0,798,Low,653191.63,0.6123271971503983
108537,1,464671.01,0,724,Medium,354569.7,1.3105209215564668
108538,6,2679200.55,0,752,Low,277369.74,9.65931088950078
108541,1,135194.27,0,735,Medium,871504.01,0.1551275363609629
108542,2,974325.03,0,684,Medium,613835.09,1.5872748982141116
108543,5,1965468.2999999998,0,722,Medium,472344.54,4.161090334610409
108544,1,723882.41,0,709,Medium,621185.9,1.1653233114273842
108545,2,897976.49,0,804,Low,540358.67,1.6618156418217551
108546,3,2297080.99,0,745,Medium,958033.37,2.3977045705620883
108547,3,2535012.49,0,702,Medium,1920385.84,1.3200537294109604
108548,2,307718.19,0,675,High,965774.73,0.31862315345525766
108549,3,478834.3,1,775,Low,920033.02,0.5204533854665346
108550,1,102886.95,0,682,Medium,732046.33,0.1405470470700946
108552,4,424126.14,1,716,Medium,1536102.76,0.276105317329161
108556,2,715408.31,0,652,High,1362699.78,0.5249933407929368
108557,4,1038198.1499999999,0,850,Low,256308.95,4.0505731461971966
108558,3,557652.1,0,669,High,523610.68,1.0650128450397536
108560,1,685946.64,0,558,Very High,1465274.26,0.4681353236901875
108562,3,2418317.08,0,732,Medium,303509.95,7.967834596526407
108563,3,606779.76,0,673,High,1848348.89,0.3282820485260226
108564,3,622417.5700000001,0,682,Medium,621984.46,1.0006963357251724
108565,4,1271036.28,0,729,Medium,919152.66,1.3828347948206994
108566,1,2081720.37,0,690,Medium,810363.66,2.5688718198444387
108567,4,4540728.12,0,639,High,635577.37,7.144257071330277
108568,5,403686.91000000003,0,634,High,721689.7,0.5593635464105973
108569,2,1023100.25,0,759,Low,879748.31,1.1629465363792515
108571,2,750915.5599999999,0,805,Low,1766170.42,0.4251659701106306
108572,2,418525.5,0,701,Medium,1444429.7,0.28975138076986373
108573,3,2004374.4100000001,0,698,Medium,742211.55,2.7005432750271807
108574,4,1123696.9100000001,0,802,Low,1280482.7,0.8775572758616732
108575,1,978476.16,0,672,High,1226749.59,0.7976168632752508
108576,3,1513579.2,0,714,Medium,801314.6,1.8888701141848656
108577,1,746247.3,0,614,High,818858.57,0.9113262379363021
108578,3,1460338.52,0,753,Low,247292.95,5.905297825918612
108579,1,1086675.19,0,642,High,628287.17,1.729583607444984
108580,1,276797.29,0,655,High,825631.06,0.3352554226823782
108582,1,0.0,0,592,Very High,384940.91,0.0
108584,2,98585.4,0,850,Low,1099268.09,0.08968276337394637
108586,1,76895.83,0,773,Low,629814.59,0.1220928051222186
108587,2,419730.16000000003,0,675,High,180000.0,2.3318342222222226
108588,2,74225.51,0,678,High,675434.29,0.10989301416722563
108590,2,302387.68,0,756,Low,450711.41,0.6709119700342177
108591,1,0.0,0,683,Medium,763899.73,0.0
108593,1,117486.79,0,704,Medium,470701.15,0.24959953890063788
108596,1,1474711.45,0,656,High,1197542.06,1.2314485639026322
108597,2,1065615.74,0,580,Very High,542852.5,1.9629931519151151
108599,2,0.0,0,677,High,325103.77,0.0
108601,1,404524.49,0,717,Medium,1049893.74,0.3853004114492577
108603,1,0.0,0,676,High,1278548.1,0.0
108604,2,90046.28,0,625,High,540445.92,0.1666147835846369
108605,2,2046072.3900000001,0,591,Very High,1151632.22,1.77667171382197
108606,2,0.0,0,794,Low,545509.2,0.0
108608,3,2873890.1399999997,0,594,Very High,294517.54,9.757959203380553
108610,4,700668.05,0,632,High,696442.08,1.0060679417877796
108611,1,732794.97,0,775,Low,1618723.41,0.4526993095132911
108612,2,559831.8099999999,0,685,Medium,553867.51,1.0107684597711823
108613,2,2775102.6,0,686,Medium,888777.18,3.12238282265528
108614,1,0.0,0,726,Medium,443408.69,0.0
108615,1,679228.21,0,597,Very High,356001.89,1.9079342809106994
108616,2,192390.25,0,605,High,1063789.6,0.18085366692812185
108618,4,2011292.5099999998,0,762,Low,2450394.62,0.820803512048194
108619,1,192299.41,0,787,Low,783451.14,0.2454516946647113
108620,4,3346684.0599999996,0,717,Medium,999453.39,3.348514391451511
108621,3,305277.56,1,661,High,557395.27,0.5476859536321504
108624,2,252246.44,0,720,Medium,873716.43,0.28870515803394015
108625,2,1277360.29,0,769,Low,1522933.66,0.8387497916357041
108626,5,3235716.85,0,635,High,215658.97,15.003859334021673
108627,4,2036568.92,0,692,Medium,910544.04,2.2366506511865145
108629,3,3028024.9,0,664,High,484192.09,6.253767796991479
108630,4,254278.7,0,660,High,1416348.61,0.17953115370374811
108631,1,942047.65,0,725,Medium,1475911.23,0.6382820530473232
108632,2,128146.83,0,708,Medium,462784.85,0.27690368429303597
108633,2,332145.94,0,714,Medium,822728.32,0.40371278334019184
108634,1,0.0,0,680,Medium,467343.11,0.0
108635,1,208968.12,0,721,Medium,1694416.08,0.12332751233097362
108637,4,1318446.5,0,631,High,1104588.89,1.193608329701741
108639,2,33349.44,0,705,Medium,998115.84,0.03341239429683834
108640,1,62886.45,0,737,Medium,614346.04,0.10236323815157984
108641,2,27156.78,0,707,Medium,763688.02,0.03556004453232093
108642,2,507942.81999999995,0,702,Medium,729408.95,0.6963759081925167
108643,1,89775.05,0,767,Low,732703.6,0.12252573892089517
108644,1,43018.51,0,741,Medium,2608128.3,0.01649401603441058
108646,1,0.0,0,646,High,214550.78,0.0
108647,2,0.0,0,679,High,1936269.94,0.0
108649,1,0.0,0,665,High,993567.02,0.0
108650,2,93200.41,0,749,Medium,289335.84,0.32211844201534107
108651,1,2478924.7,0,652,High,259481.54,9.55337593572167
108653,3,2123482.23,1,604,High,736622.23,2.8827289532112004
108654,2,372135.5,0,614,High,646550.21,0.5755709212436881
108655,2,100550.16,1,810,Low,1518627.54,0.06621120541512107
108656,3,958188.25,0,768,Low,2185512.55,0.43842724673441025
108657,2,426559.31,0,798,Low,824751.04,0.517197662460662
108658,2,2285569.75,0,801,Low,865034.88,2.642170625535932
108661,1,190985.53,0,771,Low,472595.62,0.40412039789958276
108664,4,425959.26,0,772,Low,2140214.43,0.19902644054222174
108665,2,229813.21,0,730,Medium,951918.03,0.2414212177491795
108666,2,3569754.63,0,749,Medium,485643.63,7.35056409573415
108667,4,2390893.9299999997,1,720,Medium,1954505.62,1.2232729880817634
108668,2,138695.77000000002,0,760,Low,223290.45,0.6211451049518688
108669,1,248928.35,0,716,Medium,1562556.02,0.15930843234663677
108671,1,344962.31,0,687,Medium,585672.24,0.589002323210675
108674,2,737297.86,0,598,Very High,874104.43,0.8434894443905289
108675,2,677152.78,0,750,Low,497440.98,1.3612726076568924
108677,1,1313197.65,0,677,High,1110633.65,1.1823859739888125
108678,2,202562.26,0,640,High,585864.34,0.34574942724795305
108679,3,3162059.88,0,821,Low,693108.53,4.562142497366177
108681,4,1820893.02,0,616,High,1274089.77,1.4291716823061849
108683,2,2635101.81,0,661,High,951212.94,2.770254376480623
108684,2,729251.8200000001,0,667,High,1157627.85,0.6299535900073586
108685,4,3251961.33,0,669,High,571618.54,5.689041034253368
108687,1,0.0,0,580,Very High,759618.55,0.0
108688,2,1413770.6600000001,0,685,Medium,966727.11,1.4624299302002612
108689,1,0.0,0,704,Medium,1098141.39,0.0
108690,1,1049327.82,0,660,High,899538.01,1.1665185999199745
108691,2,111984.85,0,748,Medium,1133060.3,0.09883397203132084
108692,2,122285.74,1,677,High,748378.55,0.1634009152186417
108693,1,55562.7,0,731,Medium,1720177.1,0.03230056951694101
108694,4,712121.2,0,662,High,508110.51,1.4015085025499667
108695,2,4066249.92,0,634,High,770786.66,5.275454455841257
108696,4,267907.44999999995,0,634,High,788757.98,0.3396573559864332
108698,1,174845.84,0,745,Medium,581029.45,0.3009242302606176
108699,1,0.0,0,720,Medium,454471.83,0.0
108700,1,0.0,0,661,High,947137.39,0.0
108701,2,2537247.47,0,683,Medium,1449865.78,1.749987829907952
108702,1,1521398.86,0,794,Low,901420.8,1.687778737743793
108703,4,1776085.4300000002,0,700,Medium,1850719.75,0.959672813779612
108704,2,1115267.79,0,707,Medium,861409.74,1.294700696093824
108705,1,0.0,0,765,Low,1158997.48,0.0
108706,2,1105234.57,0,667,High,787283.24,1.4038588831130205
108707,1,543304.17,0,666,High,459837.95,1.1815122479560463
108709,3,7574430.31,0,730,Medium,1371269.23,5.5236638759844405
108710,3,2777648.21,0,679,High,600387.97,4.626422161656571
108711,2,1457263.68,0,759,Low,390014.75,3.7364322246786816
108712,4,2032755.1,0,716,Medium,330982.83,6.141572661035015
108713,4,420499.26,0,758,Low,2165643.52,0.1941682719785757
108714,1,294711.08,0,753,Low,529916.13,0.5561466490933198
108715,1,148697.18,0,635,High,2213700.28,0.0671713245661242
108716,5,1535401.9,1,634,High,1523570.26,1.0077657331011436
108717,2,432559.76,0,703,Medium,544761.36,0.794035318510843
108718,2,339231.42,0,637,High,1246688.15,0.27210607560519445
108719,1,0.0,0,722,Medium,382205.6,0.0
108720,3,244333.53,0,711,Medium,1449811.37,0.16852780648285298
108721,3,1330813.08,0,559,Very High,608535.35,2.1869117052937024
108722,3,1861863.09,0,829,Low,966821.4,1.9257570115845595
108723,3,3533838.54,0,633,High,1153256.63,3.064225644208957
108724,1,58862.0,0,680,Medium,791323.2,0.07438427181207376
108725,1,273312.61,0,732,Medium,756888.31,0.3611003187511245
108726,3,728532.21,1,598,Very High,819212.17,0.8893083338837604
108727,3,372424.43,0,708,Medium,1140090.36,0.32666220421335723
108728,3,5038277.220000001,0,708,Medium,949431.17,5.306627146020496
108730,2,0.0,0,731,Medium,1101516.16,0.0
108731,1,89635.33,0,597,Very High,819544.47,0.1093721369384629
108732,5,3074096.42,0,709,Medium,623664.32,4.929088167173008
108733,1,106292.81,0,704,Medium,2431204.58,0.04372022448230169
108734,2,356693.58,0,706,Medium,968246.3,0.3683913690142684
108735,1,1901686.4,0,649,High,253801.33,7.492814950969721
108736,5,538444.72,0,835,Low,434046.29,1.240523723863646
108739,5,225737.67,0,850,Low,632499.53,0.3568977671809495
108741,2,913733.8,0,642,High,583493.38,1.5659711512065484
108743,4,2106456.0999999996,0,743,Medium,534250.21,3.9428269012753403
108744,1,446129.34,0,752,Low,1067124.79,0.41806670052150136
108745,2,1312314.77,0,631,High,405796.46,3.233923652266459
108746,1,123728.23,0,680,Medium,1325576.76,0.09333916656776632
108749,2,1635891.8199999998,0,637,High,545500.89,2.9988802034768445
108751,6,1956825.14,0,783,Low,683981.12,2.860934436318944
108752,1,0.0,0,758,Low,1506818.59,0.0
108753,1,1345069.08,1,621,High,842089.56,1.597299318139035
108755,1,508735.83,0,789,Low,727700.53,0.6991005352160455
108756,3,1004796.96,0,723,Medium,407463.54,2.465980048178053
108757,3,476257.30000000005,0,810,Low,1150585.92,0.4139258891678425
108758,2,243650.74,0,681,Medium,703349.46,0.3464149101642873
108759,4,3679844.04,1,688,Medium,737528.16,4.98942852568504
108760,1,108973.51,0,757,Low,379243.29,0.28734459612983526
108761,1,0.0,0,768,Low,737264.16,0.0
108763,3,1749235.7,0,706,Medium,445266.04,3.9285181057149563
108764,2,208480.21,1,658,High,1076562.68,0.19365357342686262
108765,2,591106.17,0,694,Medium,779640.21,0.758178147327727
108766,1,102223.98,0,689,Medium,424143.8,0.24101255281817158
108767,2,1580489.02,0,709,Medium,2464165.2,0.6413892299103972
108770,1,67127.26,0,690,Medium,281784.29,0.23822215212920494
108771,1,2783958.01,0,724,Medium,362758.61,7.674409189074795
108772,2,2775838.29,0,711,Medium,975791.37,2.844704693381332
108773,3,1080855.3900000001,0,784,Low,907502.61,1.191021797722433
108775,3,1725885.19,0,710,Medium,1305658.34,1.3218505462922252
108776,2,918606.52,0,672,High,1720321.91,0.5339736212509204
108779,1,119200.75,0,706,Medium,1554933.78,0.07665969543731953
108780,1,95945.78,1,595,Very High,934866.17,0.10263049736840942
108781,1,0.0,0,658,High,459989.99,0.0
108782,1,926765.12,0,733,Medium,1158800.45,0.7997624785181953
108783,2,618109.12,0,718,Medium,1822068.75,0.3392347956135025
108786,1,0.0,0,721,Medium,489851.08,0.0
108787,2,2327990.53,0,850,Low,804529.02,2.893606659458971
108788,3,3917831.2600000002,0,584,Very High,298686.14,13.116883361243344
108789,3,3335137.24,0,685,Medium,678714.89,4.913900209261653
108790,2,1491482.58,0,778,Low,936015.06,1.5934386568523802
108791,2,235662.43,1,619,High,1066820.55,0.22090165960901295
108792,1,1414055.89,0,662,High,563884.26,2.507705907591746
108793,1,168343.83,0,705,Medium,716733.74,0.2348763851971026
108794,2,149730.3,0,680,Medium,670231.68,0.22340080970210177
108795,2,0.0,0,661,High,918553.45,0.0
108796,2,1006886.75,0,739,Medium,1032494.02,0.9751986263319956
108797,1,1867755.79,0,664,High,735719.97,2.538677575926069
108798,1,89534.52,0,669,High,330143.45,0.27119883795968086
108799,3,1359259.11,0,850,Low,513888.58,2.645046344481911
108800,1,0.0,0,788,Low,591163.33,0.0
108801,1,1087259.84,0,758,Low,732475.27,1.4843638884900512
108802,2,29714.57,0,702,Medium,926625.75,0.03206749866383489
108803,4,930963.37,0,689,Medium,853486.44,1.0907769899660036
108805,2,1016290.56,0,692,Medium,459907.46,2.209771852798387
108806,2,403052.58999999997,0,714,Medium,545422.27,0.7389734746254493
108808,6,2611746.36,1,594,Very High,1755891.98,1.4874185825485688
108809,2,0.0,0,752,Low,863924.98,0.0
108810,1,66231.54,0,608,High,795382.06,0.08327009538032576
108811,4,1850406.8499999999,0,713,Medium,497083.5,3.7225272011643917
108812,2,144529.15,0,724,Medium,499989.83,0.28906417956541236
108813,1,97598.52,0,571,Very High,2185956.99,0.044647959885066174
108814,2,75392.3,0,637,High,599686.26,0.12571957209758317
108815,2,45481.47,0,682,Medium,2161369.53,0.021042894039502817
108816,2,546799.05,0,593,Very High,1556363.21,0.3513312615504449
108817,1,668009.53,0,782,Low,784150.03,0.8518899501923121
108818,3,960556.11,1,699,Medium,608348.02,1.5789582252606
108819,3,0.0,0,741,Medium,810625.21,0.0
108820,1,119902.47,0,738,Medium,908810.99,0.13193334072687657
108824,2,887056.6799999999,0,687,Medium,477161.9,1.8590266322604547
108825,1,27446.55,0,701,Medium,562169.94,0.04882251441619238
108826,1,93598.3,0,657,High,582611.88,0.16065292043135132
108827,1,0.0,0,754,Low,1092276.35,0.0
108829,2,156966.08,0,707,Medium,835077.54,0.18796587440251356
108830,5,3035464.39,0,692,Medium,867910.57,3.497439131315108
108832,1,123108.63,0,605,High,1716108.86,0.07173707500117446
108833,2,1152465.65,0,719,Medium,235861.82,4.886189931036739
108834,3,693591.15,0,723,Medium,738757.88,0.9388612545154849
108835,3,1455176.83,0,674,High,844061.07,1.7240184172929574
108836,1,33613.49,0,733,Medium,654873.62,0.05132820894510913
108839,2,538953.88,0,688,Medium,3202475.26,0.16829290977879405
108840,2,0.0,0,793,Low,873097.4,0.0
108841,4,3018918.2199999997,0,666,High,923945.41,3.2674205503115163
108842,1,2432585.42,0,595,Very High,674734.75,3.605246980387478
108844,5,521749.74,0,734,Medium,407141.17,1.281495899812834
108845,2,1273234.08,0,723,Medium,1549829.91,0.8215314930913936
108846,2,108656.8,1,624,High,887222.38,0.12246850671192493
108847,1,0.0,0,671,High,1028158.19,0.0
108848,1,366802.22,0,608,High,738726.94,0.4965328866982975
108849,1,259716.75,0,716,Medium,602383.25,0.43114869146842977
108851,2,0.0,0,645,High,202384.2,0.0
108852,2,2328887.75,0,640,High,955325.08,2.4377960955447753
108853,2,595206.72,1,671,High,475890.75,1.2507213472840142
108857,2,397016.25,0,650,High,603125.67,0.6582645537206201
108858,1,253580.23,0,641,High,818132.6,0.30995003743891886
108859,5,3454821.98,0,735,Medium,1272777.39,2.7143960971839705
108860,2,188741.44,0,661,High,890318.86,0.21199308301747086
108861,2,2385720.03,0,607,High,430512.38,5.541582869231309
108862,2,1198321.16,1,634,High,898638.82,1.3334847475207003
108863,1,217046.28,0,620,High,851305.58,0.2549569568191953
108865,2,477127.79000000004,0,712,Medium,487907.94,0.9779053605891309
108868,2,2222863.5,0,780,Low,185247.39,11.999432218721138
108869,1,647019.33,0,809,Low,2552156.52,0.25351867133917005
108870,1,0.0,0,721,Medium,1589999.67,0.0
108872,2,432939.94,0,833,Low,1197048.18,0.36167294452592547
108873,1,117703.09,0,699,Medium,678564.01,0.17345908162739135
108874,1,203150.63,0,641,High,2353122.62,0.08633236035952942
108875,3,1179815.08,0,678,High,301381.1,3.9146949825320836
108876,1,162585.21,0,689,Medium,350305.31,0.46412430916334096
108878,1,261401.35,0,706,Medium,749514.71,0.3487608001716204
108879,2,3289671.77,0,679,High,908238.2,3.6220363446505557
108880,1,990442.03,0,764,Low,1242382.47,0.7972118521601484
108881,3,1001446.1300000001,0,725,Medium,1225219.79,0.8173603937624939
108882,1,1804483.45,0,707,Medium,1237394.54,1.4582927204446852
108883,2,4324388.76,0,712,Medium,442134.93,9.780699208723455
108884,2,140019.58,0,692,Medium,309640.47,0.45220051500373964
108885,1,130746.66,0,724,Medium,740955.82,0.17645675554582999
108886,3,984406.3300000001,0,720,Medium,538716.95,1.8273164228450585
108888,1,0.0,0,718,Medium,442850.43,0.0
108889,3,749303.44,0,684,Medium,1082216.36,0.6923785923916359
108890,2,427113.18000000005,0,657,High,528362.74,0.8083711201891338
108891,2,715275.97,0,802,Low,1763157.87,0.40567891404982354
108892,2,236036.41,0,645,High,587598.72,0.40169660342350644
108894,2,1805963.72,0,669,High,1379380.22,1.3092573706762303
108895,2,3583140.9400000004,0,729,Medium,815141.23,4.395730222111327
108896,2,0.0,0,744,Medium,570905.96,0.0
108897,2,0.0,0,787,Low,371732.65,0.0
108898,3,530585.06,0,653,High,1324048.55,0.40072930860428047
108900,1,2636896.76,0,744,Medium,619789.47,4.25450396890415
108903,4,1837461.27,1,668,High,522173.22,3.51887304753009
108904,4,89682.52,0,723,Medium,643021.52,0.1394704799304384
108905,2,914967.6699999999,0,660,High,1012595.54,0.9035865099702097
108906,2,21568.3,0,630,High,1238839.48,0.017410084476804047
108907,2,274489.81,0,633,High,315303.41,0.8705576955225445
108908,4,581260.58,0,694,Medium,1536966.32,0.37818693385551866
108909,3,152206.44,0,664,High,1001844.58,0.15192619997005924
108910,2,527263.01,1,667,High,921831.03,0.5719735969399945
108911,2,498308.86,0,710,Medium,1045243.62,0.47673944185375655
108912,4,398499.53,0,683,Medium,314693.76,1.2663089665330511
108915,2,303634.44999999995,0,805,Low,3130077.5,0.0970054096104649
108916,1,0.0,0,639,High,921518.82,0.0
108917,2,267015.2,0,623,High,861129.9,0.31007540209671036
108918,3,129759.14000000001,0,702,Medium,448722.28,0.28917472072035294
108919,1,177574.74,1,635,High,646538.74,0.2746544468472222
108920,1,413044.93,0,724,Medium,1238421.74,0.3335252577203627
108921,3,212437.24,0,641,High,562211.29,0.377860145782558
108922,1,481583.49,0,737,Medium,365114.8,1.3189919718400898
108923,3,114506.62,0,606,High,391308.28,0.2926250883318901
108924,2,488850.27,0,711,Medium,475841.71,1.0273379985962139
108925,2,370293.48,0,681,Medium,753990.19,0.4911118008047293
108926,3,1302039.6,0,732,Medium,632021.12,2.0601203959766408
108927,1,0.0,0,716,Medium,1248824.19,0.0
108928,2,173608.72,0,644,High,1352571.59,0.12835455164336254
108929,1,0.0,0,635,High,250837.09,0.0
108930,2,243027.15999999997,0,695,Medium,292583.5,0.8306249668897938
108931,4,821600.1699999999,0,799,Low,500706.85,1.6408806270575287
108932,3,5024408.07,0,718,Medium,549390.91,9.145415365536353
108933,1,0.0,0,801,Low,1567843.41,0.0
108934,1,649487.44,0,664,High,1565928.64,0.4147618374231919
108935,2,945616.24,0,743,Medium,1512659.93,0.6251347188128399
108936,2,2283185.1,0,695,Medium,782786.84,2.916739249218855
108937,1,279783.46,0,711,Medium,1667498.19,0.16778636503347572
108941,1,1592509.11,1,622,High,1924324.09,0.8275680371490854
108942,2,404282.44,0,623,High,613706.74,0.6587550920493395
108944,3,769499.56,0,639,High,180000.0,4.274997555555556
108946,4,967685.61,0,700,Medium,1426789.27,0.6782260214222104
108948,2,33277.61,0,632,High,599176.82,0.055538880826531314
108949,2,174835.89,0,712,Medium,709788.72,0.24632103198258776
108950,3,85840.39,0,657,High,409678.86,0.20953092380700336
108951,3,221400.75,0,676,High,1204604.45,0.183795394413494
108952,3,1809119.2799999998,0,737,Medium,512581.77,3.529425714847408
108953,1,127182.52,0,766,Low,727139.38,0.17490803482545533
108954,5,4890964.76,0,631,High,425284.03,11.500466547027406
108955,2,1529947.9100000001,0,785,Low,382827.39,3.9964431750821174
108956,1,163893.31,0,804,Low,342715.51,0.4782197047341102
108957,2,4065473.9299999997,0,664,High,626493.1,6.489255715665504
108958,1,0.0,0,745,Medium,454201.12,0.0
108959,2,211623.84,0,767,Low,1076199.08,0.19664004916265118
108960,4,4976859.87,0,705,Medium,689105.86,7.222199314920933
108962,1,554119.39,0,710,Medium,2160220.64,0.256510552551706
108963,2,499631.39,0,732,Medium,872143.51,0.5728774958148803
108965,1,861117.54,0,712,Medium,698405.23,1.2329769351813131
108966,2,311798.48,0,793,Low,1302463.38,0.23939136008568626
108968,2,572474.36,0,776,Low,1093769.59,0.5233957546762659
108969,2,4547609.79,0,672,High,1486168.77,3.0599551556987703
108970,2,215496.28999999998,1,620,High,2265936.95,0.0951025093615248
108971,1,754749.98,0,715,Medium,1427811.17,0.5286063002294624
108972,2,3020803.51,0,754,Low,952065.55,3.172894460890849
108973,2,418117.41,0,735,Medium,278358.57,1.502082044752565
108978,1,0.0,0,724,Medium,461100.38,0.0
108980,1,1498611.04,0,698,Medium,1737760.91,0.8623804525560425
108981,1,57766.56,0,755,Low,588885.86,0.0980946630302857
108983,2,0.0,0,633,High,442437.51,0.0
108984,1,328222.96,0,701,Medium,383693.87,0.8554292514498604
108985,4,2701360.1900000004,0,707,Medium,635879.13,4.248229046296896
108986,2,116061.4,0,757,Low,488752.5,0.23746456539864244
108987,2,749340.12,0,660,High,252917.18,2.962788530221632
108988,3,1139664.24,0,586,Very High,1656432.48,0.6880233596964966
108989,2,103652.18,0,642,High,1113419.29,0.09309357304201187
108993,2,477566.8,0,742,Medium,1064033.66,0.4488267786566076
108994,5,953740.24,0,696,Medium,867942.97,1.0988512759081395
108995,3,1752058.25,0,739,Medium,889901.74,1.9688221420940248
108996,1,173159.39,0,751,Low,532099.09,0.325426961357893
108997,5,828720.9299999999,0,749,Medium,272712.51,3.038807900671663
108998,2,394204.35,0,711,Medium,752533.61,0.5238362044719836
108999,2,236943.79,0,724,Medium,448341.1,0.5284900045969464
109000,2,1261598.7,0,608,High,560265.02,2.2517891622075568
109001,3,1031534.67,0,724,Medium,726015.53,1.4208162599497012
109003,2,207339.83,0,743,Medium,956936.78,0.216670353082259
109005,2,430122.39,0,674,High,1779485.02,0.24171172286687753
109006,1,886147.04,0,733,Medium,531282.65,1.667938977491548
109007,2,1373458.72,0,750,Low,1330229.69,1.0324974177955688
109008,4,2283688.87,1,676,High,802901.23,2.844296140883979
109009,2,58377.23,0,666,High,323300.37,0.18056654250039988
109010,3,965011.1100000001,0,752,Low,361462.54,2.6697403000598627
109011,4,4730739.45,0,779,Low,1221470.88,3.8729858627493443
109012,1,425414.2,0,716,Medium,914515.34,0.46517994985190736
109013,2,5621646.53,0,608,High,1076033.96,5.224413669992349
109014,2,64782.06,0,738,Medium,1585552.5,0.040857719943048244
109015,3,4435941.57,0,730,Medium,869934.58,5.099166847695606
109016,4,304137.3,0,774,Low,452094.59,0.6727293507316687
109017,1,0.0,0,640,High,776551.09,0.0
109018,2,763547.61,0,661,High,694025.28,1.1001726190723196
109019,1,0.0,0,678,High,258503.17,0.0
109020,1,0.0,0,700,Medium,571651.21,0.0
109021,2,345023.68,0,751,Low,1109496.45,0.3109732167236768
109022,1,0.0,0,612,High,783492.61,0.0
109023,3,55953.84,0,691,Medium,437314.82,0.12794864807005624
109024,1,293184.06,0,780,Low,1279808.18,0.22908437731660694
109025,1,0.0,0,733,Medium,1219348.0,0.0
109027,3,2891670.98,0,713,Medium,1027432.75,2.814462532949237
109029,2,484377.24,0,590,Very High,785589.06,0.6165783927795532
109030,5,793738.49,0,757,Low,1194606.83,0.6644349170513281
109031,1,614656.16,0,804,Low,797743.68,0.7704932993013495
109033,3,866836.37,0,700,Medium,592159.79,1.4638555076493796
109034,4,3009581.3899999997,1,673,High,1222528.83,2.4617672124754715
109036,3,843316.57,1,653,High,903579.27,0.9333066815488141
109037,4,149636.2,0,735,Medium,1593083.26,0.09392867514030623
109038,2,2609659.71,0,652,High,1238289.52,2.1074713690543065
109039,4,2431268.8200000003,0,634,High,979360.37,2.4825068427059187
109041,3,1855955.05,0,693,Medium,496864.16,3.73533693796711
109042,3,295334.84,1,805,Low,387157.37,0.7628289240625847
109043,1,176595.49,0,761,Low,485266.04,0.36391479197678867
109044,2,2378265.1,0,722,Medium,2309025.59,1.0299864628178506
109045,2,112711.02,0,727,Medium,534565.75,0.21084594364678247
109046,2,403617.75,0,657,High,335783.48,1.2020178896233966
109047,2,1900704.21,0,676,High,2190881.31,0.8675523412995841
109048,5,2573405.8,1,638,High,588981.03,4.36925073800764
109049,2,427249.68,0,691,Medium,1204138.06,0.35481785203268135
109051,2,0.0,0,699,Medium,777133.51,0.0
109052,1,797438.32,0,703,Medium,482041.79,1.6542929192923295
109053,5,932846.03,0,744,Medium,1036625.91,0.8998868550372237
109054,4,716273.41,0,692,Medium,801236.35,0.8939602028789633
109055,2,0.0,0,701,Medium,754602.79,0.0
109056,1,0.0,0,772,Low,705307.92,0.0
109057,2,1477963.3,0,705,Medium,457994.64,3.227031870940673
109059,1,311474.23,1,628,High,756412.37,0.41177833990208274
109062,1,102025.3,0,708,Medium,464328.86,0.2197263809964343
109063,1,64185.35,0,766,Low,703660.43,0.09121636980496402
109064,2,2068034.52,0,797,Low,1186870.06,1.74242706905927
109065,3,355135.44000000006,0,769,Low,359368.57,0.9882206448939039
109066,2,1097783.78,0,672,High,2159050.46,0.5084567500103726
109067,2,1768863.8599999999,0,799,Low,1073837.15,1.6472366037997475
109068,1,2383278.29,0,837,Low,515481.66,4.623400743297056
109069,1,91849.98,0,670,High,609812.48,0.15062003978665703
109070,4,3665186.87,0,725,Medium,716949.18,5.112198984591906
109071,1,3048157.35,0,711,Medium,392940.84,7.757293311634393
109072,2,490874.28,0,667,High,363285.29,1.3512087979119662
109073,3,0.0,0,744,Medium,360272.86,0.0
109074,3,177347.79,0,674,High,408562.2,0.43407782217738206
109075,3,373151.0,0,719,Medium,1268475.6,0.29417278503425687
109078,3,521144.02,0,605,High,1607330.82,0.32422947007262637
109079,4,1790320.1600000001,0,664,High,1185971.25,1.5095814169188335
109080,2,1639349.81,1,683,Medium,665205.38,2.464426565521764
109081,1,0.0,0,754,Low,778636.58,0.0
109082,2,3218628.69,1,642,High,867352.6,3.71086532743431
109083,2,1830091.9,0,770,Low,1358053.92,1.347584122433077
109084,3,3084612.9000000004,1,650,High,631836.78,4.881977430943479
109085,2,396145.19,0,679,High,642200.13,0.6168562905772068
109086,3,594967.85,0,613,High,994301.83,0.5983775067576814
109087,2,804954.98,0,803,Low,730859.03,1.1013819997544532
109088,1,482127.95,0,655,High,384951.84,1.2524370581005666
109089,1,476602.74,0,709,Medium,543245.27,0.877325153700832
109091,5,2066858.6600000001,1,779,Low,441832.03,4.677928533157725
109092,2,1011097.8,0,749,Medium,642645.85,1.5733359205540658
109094,2,3776728.2,0,807,Low,646035.93,5.846003332972518
109095,1,87575.62,0,731,Medium,2020332.57,0.04334713071521685
109096,6,1769570.5,0,675,High,464982.05,3.8056748642232536
109097,2,743882.14,1,655,High,1900019.94,0.39151280696559426
109098,5,1712696.29,0,725,Medium,408289.16,4.194812054280354
109100,1,433457.54,0,724,Medium,878631.16,0.493332765480341
109101,2,38832.54,0,671,High,1393421.66,0.02786847737102063
109102,2,405755.01,0,701,Medium,584751.58,0.6938929690450772
109103,2,676767.49,0,641,High,321845.6,2.102770676374013
109104,1,170319.48,0,832,Low,659442.18,0.2582781101445467
109105,1,865899.29,0,669,High,2228490.62,0.38855864244113353
109106,2,599376.79,0,758,Low,915509.53,0.6546920270726183
109107,2,0.0,0,791,Low,968944.63,0.0
109108,1,72573.81,0,775,Low,907467.06,0.0799740433553588
109109,2,80004.54,1,589,Very High,305230.09,0.26211223146446666
109113,3,2077658.79,0,709,Medium,1844956.37,1.126128955558987
109114,2,25925.36,0,660,High,3407027.29,0.007609378438527271
109115,2,112345.59,0,721,Medium,1030982.69,0.10896942411322154
109116,1,111991.32,0,681,Medium,557074.16,0.20103484965089746
109117,1,1589392.2,0,663,High,1058375.45,1.5017281438264654
109118,3,4644909.109999999,0,681,Medium,616607.28,7.533010492513159
109119,2,256948.12,0,744,Medium,293802.27,0.8745613844304198
109120,2,1042561.7799999999,0,768,Low,514050.83,2.028129747402606
109121,3,1386177.67,0,739,Medium,618956.27,2.239540557525978
109122,2,137722.34,0,679,High,402427.73,0.3422287524768733
109123,2,1406373.58,0,778,Low,746194.03,1.8847290697300272
109124,3,352509.04,1,680,Medium,1211766.61,0.2909050613302507
109125,2,1414680.76,0,646,High,1106074.59,1.2790102700035808
109126,2,870512.64,0,707,Medium,686655.97,1.2677566030628118
109127,1,497559.67,0,774,Low,321264.55,1.5487537295976166
109128,1,474311.41,0,673,High,1738726.9,0.2727923574426783
109130,6,2510324.33,0,757,Low,1048749.39,2.3936360334855595
109132,2,0.0,0,660,High,288163.16,0.0
109133,1,116912.81,0,788,Low,772506.2,0.15134222870962072
109134,2,302298.99,0,696,Medium,273502.07,1.1052895870221384
109136,2,340664.63,1,690,Medium,3566368.42,0.09552143521952788
109137,1,546772.26,0,668,High,967859.18,0.5649295592774147
109138,3,281657.16,0,731,Medium,624841.53,0.45076574855707807
109139,1,1686742.2,0,526,Very High,919850.68,1.8337130543840006
109140,4,1842461.56,0,814,Low,374191.29,4.923849403335925
109141,3,457819.08999999997,0,689,Medium,1058449.8,0.4325373673838853
109142,5,3524762.98,0,693,Medium,590510.79,5.969006899941658
109143,1,4521536.27,0,691,Medium,1110603.0,4.071244423074671
109144,2,1735839.75,0,750,Low,476233.23,3.644936221691208
109145,1,0.0,0,677,High,925142.33,0.0
109146,2,3368976.1900000004,0,680,Medium,902525.69,3.7328313502078823
109147,1,571241.19,0,732,Medium,369296.83,1.5468348049453875
109148,1,1844168.82,0,713,Medium,723579.47,2.5486748815579303
109149,4,1614493.12,0,676,High,774056.84,2.085755252805466
109150,3,5804583.54,0,810,Low,547473.78,10.602486825944432
109152,2,0.0,0,615,High,430979.69,0.0
109153,2,299442.52999999997,0,704,Medium,316037.82,0.9474895441311422
109155,2,254586.33999999997,0,721,Medium,1160422.09,0.21939115274856577
109157,2,475215.61,0,755,Low,1141890.82,0.41616554023965263
109158,4,871121.0,0,712,Medium,645780.81,1.3489422208132817
109159,1,195518.3,0,683,Medium,567708.94,0.34439883930663484
109160,2,542628.77,0,769,Low,647220.88,0.8383981215191946
109161,4,3655539.9,0,628,High,337835.57,10.820470739655981
109162,3,507108.02,0,691,Medium,546417.57,0.9280595058464172
109164,1,1449271.65,0,620,High,571426.17,2.5362360460319833
109165,1,215622.46,0,689,Medium,684192.07,0.3151490194851279
109166,1,0.0,0,721,Medium,674141.36,0.0
109167,1,365839.51,0,661,High,1407136.62,0.25998862143179813
109169,4,839046.83,0,638,High,474022.67,1.7700563350693754
109170,3,2195426.5,0,764,Low,1651050.42,1.329714994409438
109171,4,463088.06,0,595,Very High,622048.73,0.7444562421982599
109172,3,686954.8999999999,0,600,High,580973.14,1.1824211012577963
109173,2,2176586.92,0,582,Very High,1040064.2,2.0927428518354927
109174,3,3273430.3800000004,0,657,High,622503.75,5.258491021138427
109175,2,0.0,0,689,Medium,559717.55,0.0
109176,5,743453.14,0,679,High,1060997.64,0.7007113983778513
109177,2,48878.15,0,618,High,641474.3,0.07619658340170447
109178,1,817991.34,0,692,Medium,1362238.6,0.6004758197279095
109179,1,2134922.16,0,690,Medium,496053.59,4.303813545629213
109180,2,2358915.41,0,678,High,454104.57,5.194652434350088
109181,1,99214.34,0,718,Medium,543487.47,0.18255129230486217
109182,2,2084412.97,0,639,High,1353527.83,1.539985306397431
109183,1,99696.91,0,675,High,746824.66,0.1334944001447408
109184,1,0.0,0,750,Low,687958.71,0.0
109185,4,3696898.7300000004,0,714,Medium,463182.31,7.9815196957759476
109187,2,852136.6599999999,1,662,High,327989.65,2.598059603405168
109189,1,0.0,0,742,Medium,824850.95,0.0
109190,1,362714.08,0,584,Very High,644058.29,0.5631696472690383
109191,3,666074.64,0,604,High,920398.31,0.7236808594313912
109192,2,708071.71,0,635,High,218682.6,3.2378968880011483
109193,3,0.0,0,759,Low,1129966.23,0.0
109194,2,1319451.89,0,755,Low,336529.66,3.9207595847569574
109195,1,275331.39,0,709,Medium,938025.18,0.2935223871069218
109197,3,352728.77999999997,0,730,Medium,970670.05,0.3633868995957998
109199,2,262674.42,0,721,Medium,1270477.15,0.20675257323596888
109200,3,175701.99,0,575,Very High,433405.41,0.40539870049153287
109201,1,170327.21,0,689,Medium,421062.77,0.4045173834770526
109202,4,315105.88,0,721,Medium,767764.85,0.4104197789205901
109203,1,0.0,0,704,Medium,883290.55,0.0
109204,2,0.0,0,701,Medium,329115.79,0.0
109205,3,659673.92,0,670,High,3079958.84,0.2141827064156481
109206,2,310384.26,0,743,Medium,461981.28,0.6718546257978245
109207,2,2798321.52,0,720,Medium,290411.35,9.635716785862536
109208,3,229974.29,0,681,Medium,286578.0,0.8024841055489256
109209,1,232779.46,0,624,High,387467.88,0.6007709851975342
109210,4,398092.88,1,707,Medium,282031.81,1.4115176582386222
109211,2,406008.58,0,730,Medium,706780.88,0.574447599657761
109212,1,489472.49,0,700,Medium,969279.34,0.5049859929955796
109213,3,5245069.58,0,707,Medium,373770.26,14.032870298455528
109214,1,1399932.44,0,748,Medium,792625.4,1.7661967935925342
109215,3,1469876.73,0,700,Medium,502436.12,2.9254997232284974
109216,3,1930280.0,0,692,Medium,460044.17,4.195857975985219
109217,2,216685.89,0,632,High,612870.51,0.35355900873742485
109218,2,2082606.31,0,653,High,699402.97,2.9776915445469156
109219,1,239548.98,0,748,Medium,360057.28,0.6653079754421296
109223,2,1810993.0699999998,0,643,High,453340.68,3.9947729155918674
109224,1,658502.51,1,698,Medium,608170.9,1.0827589909349493
109226,1,386887.91,1,679,High,997743.1,0.3877630524330361
109227,3,2614963.56,0,658,High,1036502.82,2.5228716309715398
109228,2,541118.58,0,677,High,1830825.83,0.2955598348751721
109230,2,789867.3999999999,0,740,Medium,547091.43,1.4437575817994441
109231,1,78522.68,0,716,Medium,514242.83,0.15269572159129569
109232,3,1223011.56,0,747,Medium,257801.25,4.7440094258658565
109233,3,188812.64,0,803,Low,663713.74,0.2844790285643326
109234,3,998007.19,0,757,Low,1678722.34,0.5945040261988769
109235,1,97660.37,0,676,High,555072.48,0.17594165360170622
109236,1,1074697.31,0,670,High,1670475.06,0.6433483119466626
109237,1,1833376.34,0,707,Medium,401634.82,4.564784348129976
109238,1,365457.49,0,716,Medium,1278531.91,0.2858415086409537
109239,1,835945.49,0,717,Medium,1567606.16,0.5332624426533257
109240,1,0.0,0,704,Medium,1315041.63,0.0
109241,3,2469957.4,0,693,Medium,323841.0,7.627068221750797
109243,3,92034.0,0,658,High,910163.36,0.10111811136849104
109244,2,1159225.4,0,685,Medium,333381.33,3.477175521496659
109245,1,337848.91,0,722,Medium,852563.51,0.3962741848991402
109246,1,136669.94,0,614,High,873452.7,0.15647091136131355
109247,2,278169.18,0,743,Medium,789872.77,0.35216960321343904
109248,4,3046206.75,0,759,Low,430612.1,7.074131799826341
109249,1,0.0,0,709,Medium,1559237.58,0.0
109251,1,0.0,0,627,High,1105104.84,0.0
109252,2,314192.47,0,642,High,1839671.47,0.17078727105552166
109253,2,669308.21,0,690,Medium,410136.31,1.6319164962497468
109255,2,599386.96,0,703,Medium,729944.54,0.821140411571542
109256,3,1925980.01,0,676,High,1078519.03,1.7857635854603326
109257,2,148074.98,0,682,Medium,549291.09,0.2695746985446278
109258,3,1631860.18,0,668,High,525292.69,3.1065731754234007
109259,1,659389.99,0,691,Medium,1166642.99,0.5652028903889441
109260,3,181601.65000000002,0,651,High,1504921.35,0.12067185437963254
109262,3,1032286.5,0,735,Medium,831193.3,1.2419331339653483
109264,1,0.0,0,595,Very High,478242.16,0.0
109265,4,2068351.41,0,702,Medium,640143.2,3.2310761248420667
109267,2,220758.55,0,667,High,1077648.99,0.20485199916533117
109268,2,227792.76,0,767,Low,345950.49,0.6584547979683452
109269,2,74106.88,0,728,Medium,666517.58,0.11118518434277459
109270,1,61721.04,0,716,Medium,2038221.4,0.03028181334961943
109271,2,865325.82,0,660,High,1045496.44,0.8276697910133486
109272,1,241097.37,0,736,Medium,419192.74,0.5751468167125222
109273,3,6163756.92,0,646,High,1113614.54,5.534910598419449
109274,1,150566.2,0,727,Medium,1038387.25,0.14500004694780297
109275,2,614562.63,0,812,Low,1453384.6,0.4228492788488332
109276,5,2709596.81,0,789,Low,483876.24,5.599772392213348
109277,2,1803621.0,0,750,Low,677053.44,2.663927089713923
109278,3,1741625.34,0,781,Low,994844.84,1.7506502219984377
109279,3,2903859.77,0,626,High,1269958.27,2.2865788889267993
109280,1,147156.01,0,779,Low,535488.2,0.27480719463099285
109281,1,1458598.69,0,700,Medium,620876.33,2.3492580076293135
109282,1,114224.33,0,704,Medium,792759.08,0.1440845433142185
109283,3,2508848.78,0,705,Medium,1384132.09,1.8125790147672969
109284,1,0.0,0,640,High,1137696.11,0.0
109285,2,140439.92,0,705,Medium,496012.43,0.2831379044271129
109286,3,1885607.1800000002,0,704,Medium,1118387.35,1.6860054613457494
109287,1,209824.32,0,630,High,1967125.49,0.10666544715456867
109288,2,204990.02,0,775,Low,584634.86,0.35062914312020327
109289,1,101176.6,0,669,High,1113721.72,0.09084549415090873
109290,4,974516.3,0,744,Medium,567155.46,1.718252522862074
109291,2,73557.78,0,806,Low,456088.15,0.16127974383899252
109292,3,627673.84,0,645,High,1440355.25,0.4357771042942357
109293,2,331818.62,0,653,High,687824.65,0.48241745915910395
109294,1,81818.05,0,737,Medium,385230.08,0.21238749061340173
109296,3,486129.26,0,696,Medium,1090470.05,0.44579790155630594
109297,2,42997.76,0,713,Medium,678187.24,0.06340101592002823
109298,1,356200.13,0,749,Medium,2088265.27,0.17057226163608993
109299,1,132254.69,0,765,Low,329162.87,0.40179103432899343
109300,2,111431.14,0,660,High,542431.2,0.20542907561364465
109301,3,4192274.9800000004,0,757,Low,613619.09,6.832047842579344
109302,1,278126.53,0,549,Very High,623031.38,0.44640854205449493
109304,2,68232.92,0,664,High,836309.72,0.08158809872495563
109305,1,62021.61,0,832,Low,1734245.02,0.03576288776080787
109306,3,0.0,0,774,Low,862385.28,0.0
109307,1,87609.76,0,694,Medium,1461389.81,0.059949617412482156
109308,1,2960375.57,0,683,Medium,485940.37,6.092055224800524
109309,4,1157898.1099999999,0,779,Low,982557.08,1.1784537850971466
109310,4,2625510.96,0,572,Very High,582663.74,4.506048308411984
109314,2,7350135.72,0,635,High,685603.42,10.720681235808303
109315,1,69070.12,0,629,High,532310.72,0.1297552677503846
109316,3,820882.64,0,644,High,1224068.91,0.6706179964982527
109317,1,0.0,0,633,High,750948.73,0.0
109318,2,1000684.9,0,711,Medium,706416.76,1.4165644937416264
109319,2,100242.24,0,660,High,1386338.88,0.07230716922546385
109320,1,493687.61,0,721,Medium,1373803.96,0.35935812122713634
109321,4,3904160.69,0,688,Medium,701286.6,5.567140010945597
109322,1,300792.04,0,723,Medium,1047040.43,0.28727834320590656
109323,3,1021688.87,0,700,Medium,1457345.61,0.7010614798503424
109324,1,184709.57,0,643,High,355225.06,0.51997899585125
109325,2,336394.14,0,705,Medium,1470886.39,0.2287016470388308
109326,1,1186503.05,0,711,Medium,362817.98,3.2702432497970473
109328,3,413427.39,0,678,High,538121.6,0.7682787496357701
109329,1,1245172.4,0,716,Medium,510073.27,2.4411637959385715
109330,3,4821659.94,0,771,Low,1176622.1,4.097883203111687
109331,2,246547.3,0,695,Medium,1686554.5,0.1461840100631198
109332,2,1417856.6199999999,0,654,High,857685.65,1.6531192051540093
109333,3,980681.96,0,761,Low,1223893.41,0.8012805298134582
109334,1,130861.65,0,602,High,391977.92,0.3338495443824999
109335,2,1389941.26,0,675,High,1373544.72,1.0119373907243443
109336,2,113930.9,0,684,Medium,1376082.71,0.08279364254202423
109337,1,143539.22,0,643,High,548378.4,0.26175214049276924
109338,1,94661.07,0,698,Medium,1299952.14,0.07281888854769686
109339,4,1363200.32,0,700,Medium,649329.69,2.099396255852709
109340,1,118163.58,1,606,High,708061.32,0.16688325807713944
109345,1,277415.93,0,715,Medium,956863.83,0.2899220571437004
109346,2,1509595.43,0,708,Medium,547952.94,2.754972771931838
109348,2,231931.55,0,712,Medium,1836729.96,0.12627416933951466
109349,3,277120.03,0,750,Low,3013180.36,0.09196928059095674
109350,1,0.0,0,741,Medium,586803.6,0.0
109352,3,3646109.6399999997,0,636,High,507295.48,7.187348958835588
109353,1,1856392.89,0,702,Medium,559694.76,3.3167951938660276
109354,2,169754.68,0,726,Medium,1486223.36,0.11421882105257718
109355,1,0.0,0,644,High,680924.34,0.0
109356,3,1526722.2,0,685,Medium,281283.51,5.427698907767469
109357,2,0.0,0,762,Low,834813.78,0.0
109358,1,2053310.98,0,655,High,465762.49,4.4084936509163715
109359,2,58710.92,0,730,Medium,853485.05,0.06878962906262974
109360,4,2574853.26,0,694,Medium,983707.58,2.6174986473114297
109361,1,0.0,0,816,Low,1186740.66,0.0
109362,2,1978773.76,0,673,High,1046689.78,1.8905064306637254
109363,3,465836.28,0,706,Medium,404199.53,1.152490899729646
109364,1,251329.77,0,710,Medium,1431553.68,0.17556433510757347
109365,3,385097.6,0,690,Medium,255835.65,1.5052538612191069
109369,1,990353.49,0,745,Medium,1614289.91,0.6134917178538272
109370,2,447490.98,0,588,Very High,522188.59,0.856952810860919
109371,2,1504500.1,0,710,Medium,325410.57,4.623390383416249
109372,1,201360.34,0,760,Low,792842.43,0.2539727093061858
109373,2,1591497.2000000002,0,660,High,572158.22,2.78156835708836
109374,3,1067596.1600000001,0,737,Medium,1320841.53,0.8082696794065827
109375,3,4285838.3,0,577,Very High,639954.61,6.697097314448598
109376,2,741968.3899999999,1,613,High,709772.27,1.0453611973316455
109377,3,135098.09,0,721,Medium,1154425.2,0.1170262828635411
109378,2,146118.85,0,747,Medium,899237.23,0.1624919933530777
109379,2,2703498.84,0,650,High,698041.69,3.8729761828408846
109380,1,107692.82,0,773,Low,1244808.57,0.08651355926959918
109381,1,1388423.46,0,720,Medium,562066.25,2.4702131821649136
109382,1,0.0,0,693,Medium,875620.07,0.0
109383,2,604675.66,0,750,Low,342710.83,1.7643902878703892
109384,2,546878.76,0,740,Medium,1417762.93,0.3857335725374058
109385,2,1234217.59,1,754,Low,568981.82,2.169168761841987
109386,2,630624.12,0,718,Medium,350406.97,1.799690571223512
109387,3,243870.82,0,706,Medium,1322933.77,0.18434091375564476
109388,2,150237.34,1,681,Medium,421053.23,0.3568131753792745
109389,2,428535.93000000005,0,754,Low,1634223.86,0.26222596578659674
109391,3,1334940.99,0,706,Medium,434088.79,3.075271743368448
109392,2,1828980.98,1,670,High,665723.93,2.747356520592552
109393,1,233702.75,0,677,High,350609.62,0.6665611456981699
109394,2,52261.36,1,624,High,951193.37,0.054942939730540805
109395,2,1073723.96,0,701,Medium,2542515.51,0.422307732549486
109396,3,3168476.91,0,721,Medium,476003.16,6.6564199069602825
109397,3,2537948.62,0,751,Low,212130.99,11.964063430807542
109398,3,1833202.8,0,704,Medium,1010489.04,1.814173857838181
109399,4,398428.77999999997,0,850,Low,255800.15,1.5575783673309025
109401,1,398425.14,0,705,Medium,449942.55,0.8855022491204712
109402,1,791071.49,0,648,High,952494.14,0.8305263589338198
109404,1,345024.59,0,644,High,493786.68,0.6987320719141311
109405,2,918313.42,0,749,Medium,650686.41,1.4112995229145788
109406,3,1565701.6800000002,0,706,Medium,779079.34,2.0096819407378974
109407,2,229338.54,0,728,Medium,915850.62,0.2504104217344964
109408,4,1989238.5000000002,0,668,High,351529.64,5.658807319917604
109409,2,311808.39,0,694,Medium,519382.0,0.6003450061804222
109410,1,2362695.25,1,632,High,1111824.88,2.1250606030690733
109412,1,0.0,0,728,Medium,817079.23,0.0
109413,3,2006426.3599999999,0,710,Medium,418409.56,4.795364522741784
109414,6,1516008.14,0,680,Medium,917132.51,1.652987025833377
109418,2,2365682.22,0,751,Low,816305.25,2.8980362676829534
109420,1,794513.71,0,641,High,4341048.29,0.1830234673570056
109421,2,293603.8,0,637,High,626937.25,0.4683144923993589
109422,1,0.0,0,726,Medium,438793.42,0.0
109423,3,7535581.010000001,0,734,Medium,1561113.29,4.827055831418872
109424,2,1234251.79,0,654,High,981826.17,1.2570980767399997
109426,3,434767.61,0,778,Low,1072763.46,0.40527816821799656
109428,1,1049924.96,0,751,Low,591616.31,1.7746721012475126
109429,2,1980344.94,0,710,Medium,1521053.22,1.3019563773054568
109431,1,3564904.62,0,727,Medium,422068.82,8.446263858107312
109432,3,511435.93999999994,0,718,Medium,907067.41,0.563834544557168
109433,2,693736.69,0,671,High,1271615.97,0.5455551883325277
109434,1,0.0,0,712,Medium,362414.41,0.0
109435,1,897024.09,0,796,Low,1176719.29,0.7623093269763598
109437,2,1932225.1700000002,0,770,Low,664809.0,2.90643654041988
109440,2,148176.68,0,605,High,346276.48,0.42791436484510875
109441,1,0.0,0,661,High,795091.2,0.0
109442,1,55901.11,0,632,High,1189563.67,0.046992953306988605
109443,1,0.0,0,769,Low,983116.7,0.0
109444,3,451168.49,0,749,Medium,653767.46,0.6901054543155146
109445,1,0.0,0,785,Low,896915.01,0.0
109446,2,6251082.24,0,737,Medium,1232377.99,5.072374134172909
109447,1,0.0,0,631,High,1069957.38,0.0
109448,2,1776594.94,0,706,Medium,891827.56,1.9920834695891207
109450,1,244022.99,0,670,High,1781606.37,0.13696795998770478
109452,1,0.0,0,749,Medium,314448.41,0.0
109453,1,1802219.9,0,726,Medium,727718.09,2.47653579698699
109454,2,4170669.46,0,646,High,487879.56,8.548563625006139
109455,2,176674.3,0,693,Medium,1202309.27,0.14694580205640434
109456,1,44727.1,0,640,High,984073.17,0.045450990194153953
109459,1,175570.95,0,722,Medium,599593.21,0.292816774893098
109460,1,74697.23,0,700,Medium,333699.13,0.2238460435902245
109461,3,3832024.73,0,774,Low,654134.27,5.858162315819349
109462,2,0.0,0,630,High,1606301.67,0.0
109464,3,1821244.6,0,732,Medium,2684350.05,0.6784676238480895
109465,1,325501.75,1,642,High,998804.66,0.3258913009076269
109466,2,325982.92,0,636,High,611383.88,0.533188608113122
109468,2,1666692.18,0,678,High,1160806.03,1.4358059287476306
109469,3,1420779.15,0,826,Low,881163.4,1.6123901083499381
109470,1,142355.59,0,741,Medium,207321.09,0.6866430713826558
109471,1,1888765.28,1,629,High,410485.29,4.601298331543136
109472,2,1218027.1199999999,1,634,High,556367.23,2.1892502906758184
109473,3,184905.58,0,735,Medium,1159271.13,0.15950158268842596
109474,2,297849.12,0,712,Medium,460629.43,0.6466133090975104
109475,1,0.0,0,599,Very High,633687.4,0.0
109476,2,765188.64,0,638,High,532594.32,1.4367194903618201
109477,3,241545.65,0,732,Medium,995065.95,0.2427433578648732
109478,1,0.0,0,713,Medium,413374.09,0.0
109482,4,900447.3499999999,0,759,Low,551769.8,1.631925759619319
109483,1,0.0,0,735,Medium,350809.28,0.0
109484,1,981591.31,0,737,Medium,1010159.98,0.971718667769832
109485,2,2899012.72,0,692,Medium,294163.16,9.855118227584992
109486,2,1460115.87,0,677,High,1326140.25,1.1010267352944005
109487,2,137251.8,0,778,Low,848486.85,0.16176066841813752
109488,4,3221494.7,0,730,Medium,1351474.5,2.3836888524348776
109489,2,234402.93,0,625,High,258721.14,0.9060060959842708
109490,3,962411.13,0,772,Low,920846.82,1.0451370511329996
109491,2,621072.46,0,789,Low,332040.65,1.870471160684693
109493,3,591838.16,0,772,Low,1240255.02,0.4771906990547799
109495,1,1558139.31,0,651,High,1380709.47,1.1285062816292555
109497,4,1173242.24,0,689,Medium,502105.69,2.3366439842575772
109498,5,3076727.23,0,663,High,1898713.66,1.6204271843707072
109499,2,61980.01,0,665,High,903270.2,0.06861735281425205
109500,2,86367.5,0,753,Low,1281984.03,0.06737018401079457
109501,1,0.0,0,698,Medium,440174.5,0.0
109502,3,1105389.55,0,717,Medium,673088.81,1.6422640423928605
109504,1,3554248.35,0,624,High,781592.82,4.547442426607757
109505,2,0.0,0,790,Low,324263.74,0.0
109507,1,0.0,0,723,Medium,478271.2,0.0
109508,2,997512.35,0,702,Medium,1303375.63,0.7653299072348008
109509,1,0.0,0,637,High,348441.12,0.0
109510,3,383965.0,0,723,Medium,1572938.72,0.24410677613683515
109511,1,132790.52,0,670,High,566749.21,0.23430208222081156
109512,1,184410.75,0,630,High,456633.4,0.4038485796264574
109513,3,1168278.04,0,747,Medium,724183.22,1.6132354461347505
109514,4,4516768.29,0,728,Medium,558471.6,8.087731390459247
109515,1,483115.78,0,631,High,394134.52,1.225763680887429
109516,2,0.0,0,779,Low,672975.94,0.0
109517,4,0.0,0,670,High,2680832.05,0.0
109518,3,523216.58999999997,0,742,Medium,2931263.37,0.1784952506672916
109520,3,1159959.99,1,624,High,675922.4,1.7161141426885689
109521,4,1494877.15,0,784,Low,1432642.44,1.0434405042475219
109522,2,1732467.31,0,642,High,751427.04,2.305569560020092
109523,1,0.0,0,639,High,432591.7,0.0
109524,1,233782.9,0,787,Low,675636.97,0.3460185134629326
109525,2,495033.81,1,667,High,674186.48,0.7342683733438262
109526,1,595297.07,0,678,High,345851.15,1.7212522497033764
109528,1,532837.25,0,697,Medium,2259767.37,0.23579296571575858
109529,3,743272.89,0,586,Very High,183982.88,4.0399024626639175
109530,3,1284897.22,0,805,Low,751730.6,1.7092522507398262
109531,4,1699009.78,1,753,Low,627602.3,2.7071439668082795
109532,1,0.0,0,728,Medium,2031709.74,0.0
109533,7,2357616.92,0,680,Medium,308614.02,7.63937075833431
109534,5,2052387.8399999999,0,575,Very High,683597.67,3.0023329950788153
109535,2,73617.21,0,743,Medium,959232.75,0.07674593053667111
109536,2,306395.01,1,651,High,1244358.69,0.24622724336822852
109538,5,1080490.1099999999,1,655,High,1325155.56,0.8153685066227242
109539,1,0.0,0,674,High,1026217.9,0.0
109540,2,168791.59,0,739,Medium,982119.11,0.1718646835005583
109542,2,2571659.68,0,711,Medium,698671.64,3.680784409683496
109543,2,456135.84,0,747,Medium,358901.98,1.2709203777588522
109544,3,1967685.97,1,785,Low,1539253.05,1.2783381978681152
109545,2,2287147.24,0,724,Medium,898925.97,2.544311007056566
109546,3,2793474.04,1,776,Low,613657.38,4.552172158346731
109547,1,0.0,0,772,Low,516755.17,0.0
109549,4,294326.72000000003,0,705,Medium,306242.17,0.9610914133739323
109550,2,0.0,0,762,Low,696739.69,0.0
109551,2,358437.51,0,679,High,739677.05,0.4845864962283202
109552,4,2216827.68,0,694,Medium,1164472.38,1.9037185579274971
109553,2,546014.0900000001,0,660,High,504170.38,1.0829951771462656
109554,2,1006751.72,0,611,High,715869.25,1.4063346344321954
109555,1,1313872.17,0,712,Medium,693265.64,1.8951929739370899
109556,1,1124939.44,0,657,High,609292.21,1.8463053056266714
109557,3,3163698.07,0,649,High,536463.55,5.897321579443747
109558,1,421654.88,0,736,Medium,534421.87,0.7889925612512826
109559,3,2248173.61,0,634,High,478750.49,4.695919183288982
109560,2,358902.56,0,693,Medium,416571.82,0.8615622631410833
109561,1,0.0,0,692,Medium,460008.48,0.0
109562,1,552287.25,0,622,High,1359910.32,0.40612034622988963
109563,7,2313594.36,0,723,Medium,881545.73,2.624474580575644
109564,1,0.0,0,763,Low,758232.72,0.0
109565,3,676882.47,0,782,Low,798558.56,0.8476303478607754
109566,2,369545.45,0,772,Low,788653.9,0.46857747105542746
109567,3,291327.83,0,719,Medium,1017189.38,0.28640471059577916
109568,2,92041.6,0,745,Medium,625518.37,0.14714451951267235
109569,1,193300.74,0,687,Medium,946834.77,0.20415466998534496
109571,3,587908.9400000001,0,765,Low,658912.1,0.8922418331671251
109572,2,303792.87,0,763,Low,812574.11,0.3738648158504582
109573,3,2452995.98,0,572,Very High,1450038.72,1.6916761919295507
109577,4,111581.74,0,636,High,852495.11,0.13088842233945483
109578,1,2687163.96,0,695,Medium,1197978.62,2.2430817337958833
109579,1,528728.3,0,670,High,2555465.11,0.20690100519509738
109580,2,1537852.7200000002,1,703,Medium,823054.06,1.8684710941101488
109581,4,1724212.74,0,633,High,229473.09,7.513790571260447
109582,3,630736.36,0,649,High,1509839.61,0.4177505715325616
109583,2,121440.3,0,701,Medium,1070443.43,0.11344859204750317
109584,1,1365250.4,0,711,Medium,617133.22,2.212245842153822
109585,3,4293581.3,0,665,High,485690.89,8.840152015204566
109586,1,2302804.0,0,650,High,1133857.02,2.0309474293328447
109587,1,1038125.27,0,715,Medium,455862.92,2.2772750852383434
109588,3,3812451.62,0,679,High,449761.71,8.476603355141103
109589,1,929282.35,0,665,High,823710.35,1.1281664118946666
109590,1,1010834.32,0,677,High,1216775.6,0.8307483483396608
109591,2,838645.43,0,585,Very High,1598949.1,0.5244978905207176
109592,2,191549.57,0,713,Medium,622934.68,0.3074954343527639
109593,2,1462157.19,0,743,Medium,202076.91,7.235647011823369
109594,1,42364.79,0,742,Medium,1196861.59,0.03539656578000803
109595,1,175669.3,0,723,Medium,656273.55,0.26767694660252567
109596,2,5003279.91,0,603,High,696613.95,7.182284980081149
109597,4,1520681.2200000002,0,735,Medium,383478.37,3.965494116395666
109599,2,328126.13,0,698,Medium,517593.27,0.6339458973259061
109600,1,1050834.59,0,655,High,1102512.71,0.9531269621372439
109601,3,344033.86000000004,1,663,High,958019.9,0.35910930451444695
109602,2,234869.64,0,586,Very High,812988.17,0.2888967498752165
109603,1,511277.19,0,601,High,1078058.73,0.4742572698242516
109604,2,604862.66,0,737,Medium,547720.55,1.10432712447981
109605,3,1417457.81,1,755,Low,437130.35,3.242643321379996
109606,1,1105729.09,0,771,Low,286947.6,3.853418150212792
109609,6,865155.06,0,668,High,1625460.24,0.5322523668742584
109610,1,1895510.86,0,684,Medium,1240441.3,1.5280939613990603
109611,1,505289.65,0,690,Medium,761917.73,0.6631813778634604
109615,2,207349.33,0,738,Medium,1164752.04,0.17802014753286027
109616,2,1119786.2,0,681,Medium,525357.47,2.131474784207408
109617,1,683653.11,0,584,Very High,597142.95,1.1448734511560423
109618,2,773447.7,0,616,High,180000.0,4.296931666666667
109619,1,106582.25,0,700,Medium,298361.14,0.35722564272277546
109620,2,1163019.09,0,819,Low,631037.57,1.8430266996622724
109621,3,282437.07,0,717,Medium,1002927.83,0.2816125563092611
109622,1,0.0,0,744,Medium,673552.95,0.0
109623,1,780270.7,0,605,High,1364295.5,0.5719220652710502
109624,3,2470464.85,0,656,High,397320.52,6.217813391566084
109625,2,1674702.25,0,694,Medium,1241111.38,1.349356936844782
109626,1,0.0,0,578,Very High,536484.26,0.0
109627,2,1165200.18,0,670,High,517536.15,2.251437276410546
109628,2,1534346.15,1,692,Medium,192156.35,7.98488392395047
109629,1,443755.39,0,631,High,904127.9,0.49081041520784835
109630,1,0.0,0,729,Medium,779105.85,0.0
109633,1,323852.21,0,693,Medium,257380.04,1.258264665744865
109635,2,0.0,0,745,Medium,1571832.67,0.0
109636,2,788396.4099999999,1,657,High,392775.5,2.0072443673294282
109637,1,32288.54,0,749,Medium,386529.1,0.08353456440925147
109638,2,767273.98,0,669,High,486696.39,1.5764940849468803
109639,1,0.0,0,697,Medium,1044153.98,0.0
109640,2,95495.44,0,688,Medium,403915.16,0.2364245006302809
109642,1,1531100.41,0,679,High,319492.56,4.79228815218733
109643,1,0.0,0,789,Low,433061.9,0.0
109644,2,1218570.02,0,644,High,1159338.68,1.0510906269425946
109645,3,1240499.93,0,728,Medium,904474.21,1.37151498216848
109646,4,3023010.51,1,727,Medium,728933.71,4.147167936574095
109647,2,152824.54,0,738,Medium,630347.27,0.242444993852357
109649,2,446063.44,0,752,Low,1123509.19,0.39702696156851197
109650,1,310001.43,0,718,Medium,1207854.06,0.25665470710923466
109651,2,1387296.75,0,731,Medium,721102.56,1.9238549784097285
109652,3,1642717.0299999998,0,748,Medium,889333.6,1.8471325383410677
109653,3,196306.94,0,691,Medium,614585.56,0.3194135247824566
109654,2,1084579.01,2,620,High,471230.38,2.301589744701944
109655,1,0.0,0,663,High,1613624.3,0.0
109656,3,2688669.03,0,744,Medium,592274.19,4.539568117935377
109657,2,168835.36,0,690,Medium,714605.7,0.23626366260442647
109658,2,2953602.95,0,688,Medium,839827.6,3.5169157931937463
109659,1,107557.0,0,640,High,1138468.0,0.09447520703260874
109660,5,879999.71,0,734,Medium,1211635.43,0.7262908365101208
109661,1,0.0,0,704,Medium,1850321.01,0.0
109662,2,90187.63,0,632,High,1537878.5,0.05864418417969951
109663,6,4047299.6100000003,1,713,Medium,1117743.79,3.6209546822890424
109664,1,1449281.7,0,776,Low,619069.54,2.3410644626450203
109665,2,1671732.52,0,704,Medium,888149.28,1.8822652426177726
109666,1,0.0,0,658,High,350690.04,0.0
109668,1,0.0,0,787,Low,606283.68,0.0
109670,2,2054398.29,0,677,High,462308.77,4.443779619408907
109671,3,227690.97,0,675,High,2389998.63,0.09526824289434845
109673,3,581948.67,0,764,Low,276875.28,2.1018440866226844
109675,3,2697854.82,1,699,Medium,621753.73,4.339105163068342
109676,3,2093215.4899999998,0,715,Medium,840801.19,2.4895486767805357
109677,5,1761288.39,1,668,High,732927.59,2.403086490440345
109678,2,71709.8,1,737,Medium,758442.62,0.09454874780111909
109680,4,2630636.88,0,740,Medium,932813.2,2.8201111219266624
109681,2,826951.28,0,676,High,1596281.9,0.5180483973413469
109682,2,2457839.6900000004,0,717,Medium,942942.04,2.606564969783297
109683,5,2418454.89,2,589,Very High,360953.26,6.700188523023729
109684,1,505605.82,0,741,Medium,929195.26,0.5441330167784111
109685,1,219658.69,0,597,Very High,796016.19,0.2759475155901038
109686,1,0.0,0,642,High,1718121.17,0.0
109687,2,145422.25,0,762,Low,290274.74,0.500981415055268
109688,1,0.0,0,729,Medium,1036679.95,0.0
109690,2,2723285.9299999997,0,710,Medium,650376.83,4.187243155633327
109691,1,39212.33,0,690,Medium,640927.45,0.06118060632291534
109692,3,1358947.04,0,735,Medium,328296.0,4.139395667324609
109693,1,0.0,0,611,High,318990.21,0.0
109694,3,848695.36,0,625,High,617823.77,1.3736851853401495
109695,1,210643.8,0,688,Medium,730756.9,0.28825427443791496
109696,1,197791.81,0,695,Medium,726246.52,0.2723480313544222
109697,1,498677.74,0,836,Low,431518.15,1.1556356088382376
109698,5,1452908.9100000001,0,679,High,751184.23,1.9341578962593506
109699,1,0.0,0,665,High,578560.64,0.0
109700,1,275101.13,0,692,Medium,526391.44,0.5226170281188464
109701,5,6507679.12,0,709,Medium,545047.79,11.939648668238798
109702,2,2561826.87,0,771,Low,381509.27,6.714979350305171
109703,2,445990.64,0,682,Medium,1201697.67,0.37113381438111637
109704,1,151370.51,0,711,Medium,612895.52,0.24697604250721233
109705,3,592680.9099999999,2,628,High,802337.61,0.7386926682895993
109706,3,364881.91000000003,1,668,High,447751.5,0.81492057536379
109708,4,2752334.96,0,713,Medium,378017.87,7.2809652093960535
109709,2,1698910.67,0,759,Low,401604.3,4.230309959330615
109710,5,2596314.0599999996,0,730,Medium,751211.66,3.4561684785350635
109711,3,684675.26,0,740,Medium,729313.68,0.9387939356903328
109712,2,258849.54,0,719,Medium,533550.25,0.48514556970032346
109713,1,232114.55,0,766,Low,501411.09,0.46292264895856206
109714,4,484236.67,0,751,Low,494916.61,0.9784207282919843
109715,2,406844.76,0,623,High,669068.36,0.6080765200135902
109716,3,781792.12,0,661,High,1470330.5,0.5317118294152233
109717,4,2493060.5900000003,1,693,Medium,938377.5,2.656777885232756
109718,1,534741.35,0,649,High,390282.44,1.370139404683439
109719,2,2173829.98,0,642,High,820907.36,2.6480819711495824
109720,2,0.0,0,745,Medium,771657.24,0.0
109721,1,178961.62,0,594,Very High,1177468.47,0.1519884604638288
109722,3,310479.83999999997,0,681,Medium,2243630.19,0.13838280541233045
109723,4,388332.21,0,750,Low,892949.05,0.4348873096398949
109724,1,1943944.33,0,717,Medium,568014.27,3.422351220155085
109726,2,152194.66,0,688,Medium,1092985.88,0.13924668450428657
109727,1,0.0,0,717,Medium,746812.39,0.0
109728,3,174103.73,0,641,High,377021.46,0.4617873210718562
109729,3,620826.3500000001,0,806,Low,874558.83,0.7098737428561553
109730,1,2091651.73,0,724,Medium,1377282.61,1.5186801276754667
109732,1,265596.62,0,735,Medium,735042.31,0.3613351454557765
109734,1,6999688.58,0,783,Low,857231.03,8.165463375724977
109735,4,1402989.77,0,672,High,721468.93,1.94462950746888
109737,3,408551.2,0,595,Very High,758929.12,0.538325897944198
109738,2,866950.54,0,744,Medium,1061377.12,0.8168166843468417
109739,1,162761.32,0,671,High,1084771.79,0.15004199178151564
109740,3,826105.67,0,709,Medium,180000.0,4.589475944444445
109741,2,114840.23,0,714,Medium,772805.09,0.14860180333439574
109742,1,222639.53,0,634,High,1035654.71,0.21497467046714827
109745,4,578358.0800000001,0,685,Medium,180000.0,3.2131004444444446
109746,2,210737.13,0,704,Medium,497117.64,0.42391802873863016
109748,2,336237.7,0,608,High,493291.12,0.6816212300760655
109749,2,135232.69,0,591,Very High,1273456.78,0.10619338804729596
109751,2,187662.37,0,745,Medium,944164.56,0.19876023518612052
109752,3,1789510.02,0,717,Medium,981581.11,1.8230893013008371
109753,2,2602987.48,0,763,Low,766764.37,3.394768434532241
109754,1,1367837.89,0,791,Low,3274357.35,0.4177423976036091
109756,2,387313.65,0,721,Medium,682156.44,0.5677783383530031
109758,4,935117.57,0,648,High,588638.25,1.5886116303179414
109759,1,144696.1,0,785,Low,856862.02,0.1688674449592246
109760,2,280986.87,0,689,Medium,2045540.34,0.13736559700406592
109761,5,478815.15,0,716,Medium,527053.17,0.9084759892441212
109762,1,96074.87,0,729,Medium,617049.66,0.155700385605917
109763,1,1802539.38,0,750,Low,361656.16,4.984124644800741
109765,3,483538.17,0,641,High,1504948.54,0.3212988066688313
109766,2,102159.73,0,623,High,639384.75,0.1597781773806773
109767,3,4147817.3600000003,0,654,High,816066.11,5.082697724085124
109769,3,190858.97999999998,0,677,High,316059.27,0.6038708499200165
109770,1,0.0,0,710,Medium,717161.57,0.0
109771,3,359875.43,0,700,Medium,636561.92,0.5653423786330165
109772,3,689998.97,0,756,Low,1180999.48,0.5842500201608894
109773,2,566996.7,0,662,High,386749.49,1.4660567490341099
109774,3,3991886.94,0,618,High,1187842.49,3.3606197569174343
109775,2,365917.45999999996,0,695,Medium,294335.66,1.2431978510520947
109776,4,3026152.16,0,716,Medium,722289.93,4.189664059140351
109777,2,290253.16000000003,0,659,High,904403.26,0.3209333411734938
109778,2,1919137.76,0,742,Medium,473448.24,4.053532356567636
109781,3,443349.36,0,767,Low,290967.02,1.5237100067217237
109782,2,3086963.7199999997,0,812,Low,548279.04,5.63027855305211
109783,1,0.0,0,739,Medium,923213.15,0.0
109784,1,1376944.15,0,726,Medium,724759.55,1.899863409871591
109785,3,855972.51,0,687,Medium,821313.99,1.0421988672078994
109786,1,360123.94,0,645,High,444924.61,0.809404406737582
109788,1,887736.22,0,793,Low,733294.03,1.2106142743314028
109789,1,89231.48,0,723,Medium,888152.91,0.10046860061518009
109790,4,648562.92,0,663,High,1242357.74,0.5220420005593558
109791,1,144763.59,0,626,High,1649139.84,0.08778127026510983
109792,2,2925257.76,0,750,Low,491069.29,5.95691447127553
109793,1,397071.4,0,755,Low,524277.43,0.7573688609864438
109794,3,1168412.4,0,569,Very High,446626.32,2.6160849633760948
109795,2,427684.19,0,633,High,903142.61,0.47355111503375974
109796,1,1146648.9,0,740,Medium,675561.64,1.6973268346023909
109797,3,1536661.0899999999,0,583,Very High,876388.55,1.7534016048018881
109798,2,290091.47,0,735,Medium,481245.63,0.602792943802939
109799,2,959609.85,0,711,Medium,1026514.94,0.9348230723266434
109800,2,686494.48,0,727,Medium,2225925.9,0.30840850542239523
109801,4,4346558.37,0,687,Medium,1032049.37,4.211579887888503
109802,1,97517.1,1,691,Medium,509639.26,0.1913453449406547
109803,1,640371.31,1,642,High,582559.88,1.0992368887469561
109804,6,1495741.56,0,699,Medium,725910.51,2.0605040695718815
109805,3,7442180.77,0,723,Medium,524142.35,14.198777812935742
109806,1,131331.29,0,707,Medium,929225.92,0.14133407944539472
109807,2,2055555.81,0,681,Medium,513841.37,4.000370406143047
109808,1,191008.73,0,673,High,922086.78,0.2071483228509143
109809,3,170437.69,0,803,Low,576283.41,0.29575324752104176
109810,3,390231.65,0,639,High,930478.2,0.4193882779843741
109811,4,882986.47,0,747,Medium,1093928.24,0.8071703770989584
109812,2,1630634.42,0,683,Medium,456002.16,3.575935736795633
109813,2,2522906.95,0,708,Medium,457474.31,5.514860386367926
109814,2,0.0,0,714,Medium,444908.92,0.0
109815,3,549585.1699999999,0,680,Medium,2041716.12,0.26917805301943737
109816,3,907917.38,0,607,High,852098.09,1.065508056707415
109817,1,179305.84,0,827,Low,378253.92,0.4740356425123103
109819,2,146312.33,0,700,Medium,201805.02,0.7250182874538997
109822,2,166072.62,0,730,Medium,317023.72,0.5238491933663513
109824,2,2056230.72,0,632,High,697241.22,2.949095178279907
109825,4,3225750.9,0,723,Medium,1086433.71,2.9691189350153726
109826,1,1363807.06,0,829,Low,906721.24,1.5041084291794025
109827,2,3238917.96,0,718,Medium,374942.14,8.63844741484646
109829,2,1680457.06,0,628,High,1020645.7,1.6464646448811768
109830,1,67805.88,0,784,Low,1889711.37,0.03588160661805194
109831,3,1418585.15,0,602,High,1263835.16,1.1224447577483128
109832,2,3116309.24,0,649,High,595459.58,5.233452184949313
109833,1,0.0,0,657,High,1133889.32,0.0
109835,2,3388294.31,0,668,High,1018806.12,3.3257498590605246
109836,3,220229.41,0,770,Low,638492.86,0.34492070905851635
109837,2,893776.74,0,664,High,1100033.01,0.8124999267067449
109838,2,824912.28,0,616,High,407606.58,2.0237952979071143
109840,3,154696.91,0,700,Medium,230561.94,0.6709559695758979
109841,2,4633764.22,0,745,Medium,1603890.23,2.8890781509405414
109843,3,1705401.0,0,598,Very High,1290010.23,1.322005795256368
109844,2,1720858.4899999998,0,702,Medium,1088892.95,1.5803743517670858
109846,3,361401.07999999996,0,639,High,429294.28,0.8418492787744574
109847,2,191138.14,0,696,Medium,999166.02,0.19129767843786363
109848,1,238378.0,0,664,High,528369.51,0.45115775132444713
109849,3,2409598.81,0,764,Low,641378.38,3.756906819964839
109850,2,1882624.44,0,714,Medium,637922.15,2.9511821152471347
109851,1,2287287.02,0,684,Medium,807459.41,2.832695974154292
109852,1,0.0,0,601,High,738164.84,0.0
109853,1,1440998.79,0,663,High,948703.77,1.5189133168512654
109854,4,1302586.37,0,717,Medium,385333.1,3.3804165019823116
109855,4,1905718.53,0,751,Low,553226.36,3.444735587075063
109856,5,1565995.36,0,739,Medium,463342.84,3.3797767545086055
109857,1,0.0,0,647,High,1240838.91,0.0
109858,2,618979.67,0,769,Low,1078845.52,0.573742633699772
109859,3,1240412.12,0,724,Medium,1102971.12,1.1246097903270578
109860,2,530046.21,0,719,Medium,1225479.96,0.4325213200548787
109861,1,0.0,0,697,Medium,760178.78,0.0
109862,2,2077431.58,0,733,Medium,811668.15,2.5594592814809847
109863,3,175558.11,0,629,High,925812.89,0.18962590810331015
109864,4,4253592.85,0,670,High,424641.45,10.016904496723058
109865,5,2293631.34,1,622,High,337923.25,6.787432767647683
109866,1,156959.9,0,647,High,790550.13,0.19854515740829742
109868,2,70391.65,0,695,Medium,720059.83,0.097758057132558
109869,3,1686268.83,0,749,Medium,848950.34,1.9862985507491524
109870,1,56626.31,0,620,High,522217.2,0.10843440239042298
109871,1,38327.83,0,720,Medium,399913.97,0.0958401878283972
109872,3,208569.76,0,691,Medium,556747.08,0.3746220994998304
109875,4,605415.25,0,733,Medium,969600.23,0.6243967681402056
109876,1,1480260.95,0,697,Medium,1108843.65,1.3349591261130458
109877,1,154471.41,0,717,Medium,1638558.64,0.09427273838670798
109878,1,190917.96,0,677,High,709477.92,0.26909640824340236
109879,3,742968.4099999999,0,661,High,846774.55,0.8774099434140998
109880,2,420763.18000000005,0,764,Low,733073.78,0.5739711219790183
109882,1,144814.5,0,756,Low,444948.7,0.32546336240559864
109883,2,1499861.51,0,726,Medium,522644.1,2.869756895753726
109884,2,857684.5700000001,0,753,Low,966665.13,0.8872613104395315
109885,2,1938876.5899999999,0,651,High,1436091.27,1.3501068006631638
109886,3,0.0,0,831,Low,783387.43,0.0
109887,3,2360306.48,0,643,High,257383.83,9.17037593231867
109888,2,1191062.06,0,824,Low,513443.43,2.3197532394172424
109889,1,326095.12,0,685,Medium,797823.09,0.4087311135605263
109890,2,2022200.12,0,624,High,506069.14,3.995896924281927
109893,2,106866.26,0,734,Medium,763117.37,0.1400390873031759
109894,2,957272.03,0,676,High,1111019.98,0.8616154949796673
109895,2,1519997.09,0,697,Medium,699984.28,2.171473179369114
109896,2,217637.89,0,690,Medium,482445.26,0.45111416370843815
109898,1,0.0,0,688,Medium,1189410.53,0.0
109899,1,1211618.05,0,707,Medium,345290.45,3.50898222062035
109900,2,467456.43,1,611,High,998282.29,0.4682607662007106
109901,1,831957.02,0,639,High,553040.79,1.5043321126457958
109902,1,260253.79,0,670,High,978242.55,0.2660421896389602
109903,3,437720.93000000005,0,657,High,1120370.27,0.3906930964885386
109905,1,0.0,0,733,Medium,1832443.14,0.0
109906,1,0.0,0,650,High,871465.19,0.0
109907,1,596212.43,0,769,Low,330025.28,1.8065659394334883
109908,1,34518.07,0,678,High,747618.02,0.046170730341679025
109909,3,2069027.29,1,726,Medium,340995.7,6.067605222001333
109910,1,113929.32,0,632,High,506795.17,0.22480348421631566
109911,2,0.0,0,685,Medium,868596.79,0.0
109912,1,0.0,0,721,Medium,1124649.35,0.0
109913,1,1454818.5,0,616,High,897321.1,1.6212908623234203
109914,2,0.0,0,703,Medium,737294.23,0.0
109915,3,655152.99,0,641,High,991553.06,0.66073417190604
109916,4,623096.38,0,741,Medium,1467200.51,0.42468386273938796
109918,1,0.0,0,683,Medium,1123123.24,0.0
109919,1,88230.29,0,672,High,527801.73,0.16716559455005953
109920,3,1541846.1800000002,0,850,Low,2596873.32,0.5937317650904897
109921,3,1271239.66,0,789,Low,180000.0,7.062442555555555
109922,1,2452349.37,0,760,Low,411055.2,5.965985517273593
109923,3,139149.09,0,759,Low,453431.1,0.3068803397032096
109924,1,41649.22,0,789,Low,1178214.65,0.035349433144461415
109925,2,1312640.9,0,705,Medium,629203.93,2.086193104356484
109926,2,227567.53,1,578,Very High,1216813.1,0.18701929655425306
109927,2,334283.82,0,725,Medium,998993.11,0.33462074628322513
109928,1,0.0,0,850,Low,487936.31,0.0
109929,1,0.0,0,770,Low,896064.5,0.0
109931,1,0.0,0,668,High,512344.39,0.0
109932,2,200943.48,0,702,Medium,326357.6,0.6157156444342036
109933,3,0.0,0,712,Medium,320115.52,0.0
109934,1,84306.97,0,740,Medium,896892.7,0.09399894770020985
109935,2,594728.51,0,684,Medium,2604618.38,0.22833614112789913
109936,1,2145224.62,0,807,Low,1046336.97,2.0502234762860385
109937,1,0.0,0,687,Medium,1231576.72,0.0
109938,1,72609.13,0,747,Medium,1405714.71,0.05165282079178072
109939,2,1712260.95,0,780,Low,770755.04,2.221537143629966
109940,2,25611.3,0,618,High,1630571.6,0.015706945956865677
109941,1,147771.17,0,657,High,2984052.61,0.04952029649370023
109942,1,58927.36,0,678,High,1833166.25,0.0321451259535244
109943,4,1727080.24,0,758,Low,1081408.21,1.5970659590239287
109944,2,687126.67,0,706,Medium,1342484.2,0.5118322211911321
109945,1,86894.15,0,619,High,640152.02,0.13573986691473688
109947,3,785629.99,0,707,Medium,360108.43,2.1816484273917163
109948,1,179209.39,0,669,High,602801.95,0.29729397856128376
109950,2,0.0,0,652,High,343256.72,0.0
109951,3,4481050.1899999995,0,681,Medium,1170400.58,3.8286465903836095
109952,3,1605099.56,0,689,Medium,1883936.6,0.8519923441160387
109953,1,42691.51,0,600,High,253474.45,0.16842529888120875
109954,4,1185469.42,0,648,High,770209.39,1.539152125891376
109955,6,1793199.71,0,729,Medium,718673.82,2.4951510130144996
109957,2,432239.13,0,688,Medium,554690.93,0.7792431904376009
109960,1,0.0,0,641,High,598924.63,0.0
109962,3,3853699.07,0,761,Low,496759.63,7.757673605643035
109963,1,1512662.1,0,717,Medium,491545.42,3.0773597687066236
109964,2,3649355.71,0,692,Medium,495371.13,7.366912379411372
109965,3,837028.4199999999,0,757,Low,2721268.54,0.3075875856044696
109967,3,566564.9299999999,0,811,Low,537540.25,1.0539953612775972
109968,1,688463.4,0,579,Very High,698161.02,0.9861097659104485
109969,4,1233538.6500000001,0,680,Medium,764486.58,1.613551738213639
109970,2,3094483.79,0,739,Medium,1488185.57,2.079366882988927
109971,1,1284305.75,0,670,High,1046154.29,1.2276446813595727
109973,4,1573962.6099999999,0,565,Very High,529527.82,2.97238889167334
109974,4,1177983.98,0,672,High,1809220.65,0.651100229261699
109975,1,219292.12,0,560,Very High,632349.05,0.34678967257086885
109976,3,483941.61,0,716,Medium,295970.49,1.635100884551024
109977,1,89242.98,0,662,High,1087268.93,0.08207995054176707
109978,4,1400085.38,0,705,Medium,653096.02,2.143766516905125
109979,2,361667.98,0,725,Medium,1100082.83,0.3287643167742196
109981,4,778048.57,0,625,High,1388712.35,0.5602661847142065
109982,5,3049999.54,0,713,Medium,1937358.13,1.5743085869208913
109983,5,336784.27,0,667,High,910581.67,0.3698561931298266
109984,2,0.0,0,672,High,694607.84,0.0
109985,1,185498.89,0,691,Medium,723785.09,0.2562900128268738
109986,2,0.0,0,752,Low,1324910.1,0.0
109987,1,785164.16,0,650,High,1233054.91,0.6367633376521732
109988,5,2163233.2600000002,0,649,High,1034425.41,2.0912414168170907
109990,3,1046855.6799999999,0,773,Low,1942242.57,0.5389932731213897
109991,4,2595843.27,0,667,High,1082963.63,2.3969810232685287
109992,1,47233.27,0,751,Low,672593.43,0.07022558932816217
109994,4,314685.09,1,753,Low,654289.32,0.48095709402684433
109995,2,205298.9,0,841,Low,624740.9,0.32861447041485514
109997,2,600619.54,0,799,Low,580172.56,1.0352429284142635
110000,1,125238.6,0,674,High,711491.46,0.17602263279449623
